GRID      1       0.4       0.6       0  0
GRID      2       0.4       0.6       0.1  0
GRID      3       0.3       1       0  0
GRID      4       0.3       1       0.1  0
GRID      5       0.2       0.8       0  0
GRID      6       0.2       0.8       0.1  0
GRID      7       1       0.7       0  0
GRID      8       1       0.7       0.1  0
GRID      9       0.6       0.1       0  0
GRID      10       0.6       0.1       0.1  0
GRID      11       0       0.2       0  0
GRID      12       0       0.2       0.1  0
GRID      13       0.8       0.8       0  0
GRID      14       0.8       0.8       0.1  0
GRID      15       0       0.9       0  0
GRID      16       0       0.9       0.1  0
GRID      17       0.3       0.3       0  0
GRID      18       0.3       0.3       0.1  0
GRID      19       0.4       0.4       0  0
GRID      20       0.4       0.4       0.1  0
GRID      21       0.9       0.9       0  0
GRID      22       0.9       0.9       0.1  0
GRID      23       0.9       1       0  0
GRID      24       0.9       1       0.1  0
GRID      25       0.1       1       0  0
GRID      26       0.1       1       0.1  0
GRID      27       0.9       0.6       0  0
GRID      28       0.9       0.6       0.1  0
GRID      29       0.6       0.7       0  0
GRID      30       0.6       0.7       0.1  0
GRID      31       0.6       0.4       0  0
GRID      32       0.6       0.4       0.1  0
GRID      33       0.1       0.1       0  0
GRID      34       0.1       0.1       0.1  0
GRID      35       0.9       0.2       0  0
GRID      36       0.9       0.2       0.1  0
GRID      37       0.3       0.2       0  0
GRID      38       0.3       0.2       0.1  0
GRID      39       0.3       0.8       0  0
GRID      40       0.3       0.8       0.1  0
GRID      41       0.1       0.2       0  0
GRID      42       0.1       0.2       0.1  0
GRID      43       0.2       0.2       0  0
GRID      44       0.2       0.2       0.1  0
GRID      45       0.8       0.2       0  0
GRID      46       0.8       0.2       0.1  0
GRID      47       0.9       0.1       0  0
GRID      48       0.9       0.1       0.1  0
GRID      49       0.2       1       0  0
GRID      50       0.2       1       0.1  0
GRID      51       0.8       1       0  0
GRID      52       0.8       1       0.1  0
GRID      53       0.7       0.9       0  0
GRID      54       0.7       0.9       0.1  0
GRID      55       0.7       0.5       0  0
GRID      56       0.7       0.5       0.1  0
GRID      57       1       0.9       0  0
GRID      58       1       0.9       0.1  0
GRID      59       0.5       0.3       0  0
GRID      60       0.5       0.3       0.1  0
GRID      61       1       0.2       0  0
GRID      62       1       0.2       0.1  0
GRID      63       0.7       0.2       0  0
GRID      64       0.7       0.2       0.1  0
GRID      65       0.1       0.8       0  0
GRID      66       0.1       0.8       0.1  0
GRID      67       0.7       0.8       0  0
GRID      68       0.7       0.8       0.1  0
GRID      69       0.6       0.3       0  0
GRID      70       0.6       0.3       0.1  0
GRID      71       0       0.4       0  0
GRID      72       0       0.4       0.1  0
GRID      73       0.7       0.4       0  0
GRID      74       0.7       0.4       0.1  0
GRID      75       0.5       0       0  0
GRID      76       0.5       0       0.1  0
GRID      77       0.4       0.7       0  0
GRID      78       0.4       0.7       0.1  0
GRID      79       0.2       0.3       0  0
GRID      80       0.2       0.3       0.1  0
GRID      81       0.9       0.3       0  0
GRID      82       0.9       0.3       0.1  0
GRID      83       0       0.6       0  0
GRID      84       0       0.6       0.1  0
GRID      85       0.1       0       0  0
GRID      86       0.1       0       0.1  0
GRID      87       0.6       0.9       0  0
GRID      88       0.6       0.9       0.1  0
GRID      89       0.8       0.5       0  0
GRID      90       0.8       0.5       0.1  0
GRID      91       0.2       0       0  0
GRID      92       0.2       0       0.1  0
GRID      93       0.6       0.6       0  0
GRID      94       0.6       0.6       0.1  0
GRID      95       0.6       0.5       0  0
GRID      96       0.6       0.5       0.1  0
GRID      97       0.7       1       0  0
GRID      98       0.7       1       0.1  0
GRID      99       0.7       0.7       0  0
GRID      100       0.7       0.7       0.1  0
GRID      101       0.8       0.4       0  0
GRID      102       0.8       0.4       0.1  0
GRID      103       0.1       0.5       0  0
GRID      104       0.1       0.5       0.1  0
GRID      105       0.6       0       0  0
GRID      106       0.6       0       0.1  0
GRID      107       0.5       1       0  0
GRID      108       0.5       1       0.1  0
GRID      109       0.5       0.7       0  0
GRID      110       0.5       0.7       0.1  0
GRID      111       0.5       0.8       0  0
GRID      112       0.5       0.8       0.1  0
GRID      113       0.5       0.4       0  0
GRID      114       0       0       0.1  0
GRID      115       0       0       0  0
GRID      116       1       0       0.1  0
GRID      117       1       0       0  0
GRID      118       0       1       0.1  0
GRID      119       0       1       0  0
GRID      120       1       1       0.1  0
GRID      121       1       1       0  0
GRID      122       0       0.1       0.1  0
GRID      123       0       0.1       0  0
GRID      124       1       0.8       0.1  0
GRID      125       1       0.8       0  0
GRID      126       0.9       0.8       0.1  0
GRID      127       0.9       0.8       0  0
GRID      128       0.7       0.6       0.1  0
GRID      129       0.7       0.6       0  0
GRID      130       0.5       0.5       0.1  0
GRID      131       0.5       0.5       0  0
GRID      132       0.5       0.1       0.1  0
GRID      133       0.5       0.1       0  0
GRID      134       0       0.7       0.1  0
GRID      135       0       0.7       0  0
GRID      136       0.1       0.6       0.1  0
GRID      137       0.1       0.6       0  0
GRID      138       0.4       0.3       0.1  0
GRID      139       0.4       0.3       0  0
GRID      140       0.6       1       0.1  0
GRID      141       0.6       1       0  0
GRID      142       0.7       0.1       0.1  0
GRID      143       0.7       0.1       0  0
GRID      144       0.4       0.5       0.1  0
GRID      145       0.4       0.5       0  0
GRID      146       0.8       0.1       0.1  0
GRID      147       0.8       0.1       0  0
GRID      148       0.1       0.4       0.1  0
GRID      149       0.1       0.4       0  0
GRID      150       1       0.6       0.1  0
GRID      151       1       0.6       0  0
GRID      152       1       0.1       0.1  0
GRID      153       1       0.1       0  0
GRID      154       0.3       0.4       0.1  0
GRID      155       0.3       0.4       0  0
GRID      156       1       0.5       0.1  0
GRID      157       1       0.5       0  0
GRID      158       0.8       0.7       0.1  0
GRID      159       0.8       0.7       0  0
GRID      160       0.3       0.5       0.1  0
GRID      161       0.3       0.5       0  0
GRID      162       0.3       0       0.1  0
GRID      163       0.3       0       0  0
GRID      164       0.7       0       0.1  0
GRID      165       0.7       0       0  0
GRID      166       0.8       0.9       0.1  0
GRID      167       0.8       0.9       0  0
GRID      168       0.8       0.6       0.1  0
GRID      169       0.8       0.6       0  0
GRID      170       0.2       0.4       0.1  0
GRID      171       0.2       0.4       0  0
GRID      172       0.2       0.5       0.1  0
GRID      173       0.2       0.5       0  0
GRID      174       0.2       0.7       0.1  0
GRID      175       0.2       0.7       0  0
GRID      176       0       0.5       0.1  0
GRID      177       0       0.5       0  0
GRID      178       0.4       1       0.1  0
GRID      179       0.4       1       0  0
GRID      180       0.2       0.9       0.1  0
GRID      181       0.2       0.9       0  0
GRID      182       0.6       0.2       0.1  0
GRID      183       0.6       0.2       0  0
GRID      184       0       0.8       0.1  0
GRID      185       0       0.8       0  0
GRID      186       0.4       0.1       0.1  0
GRID      187       0.4       0.1       0  0
GRID      188       0.4       0.9       0.1  0
GRID      189       0.4       0.9       0  0
GRID      190       0.3       0.7       0.1  0
GRID      191       0.3       0.7       0  0
GRID      192       0.9       0.5       0.1  0
GRID      193       0.9       0.5       0  0
GRID      194       0.5       0.9       0.1  0
GRID      195       0.5       0.9       0  0
GRID      196       0.1       0.3       0.1  0
GRID      197       0.1       0.3       0  0
GRID      198       0.1       0.7       0.1  0
GRID      199       0.1       0.7       0  0
GRID      200       0.4       0.8       0.1  0
GRID      201       0.4       0.8       0  0
GRID      202       0.8       0.3       0.1  0
GRID      203       0.8       0.3       0  0
GRID      204       0.2       0.1       0.1  0
GRID      205       0.2       0.1       0  0
GRID      206       0.4       0       0.1  0
GRID      207       0.4       0       0  0
GRID      208       0.1       0.9       0.1  0
GRID      209       0.1       0.9       0  0
GRID      210       0.4       0.2       0.1  0
GRID      211       0.4       0.2       0  0
GRID      212       0       0.3       0.1  0
GRID      213       0       0.3       0  0
GRID      214       0.3       0.9       0.1  0
GRID      215       0.3       0.9       0  0
GRID      216       0.3       0.1       0.1  0
GRID      217       0.3       0.1       0  0
GRID      218       0.7       0.3       0.1  0
GRID      219       0.7       0.3       0  0
GRID      220       0.3       0.6       0.1  0
GRID      221       0.3       0.6       0  0
GRID      222       0.6       0.8       0.1  0
GRID      223       0.6       0.8       0  0
GRID      224       0.9       0.4       0.1  0
GRID      225       0.9       0.4       0  0
GRID      226       0.8       0       0.1  0
GRID      227       0.8       0       0  0
GRID      228       1       0.3       0.1  0
GRID      229       1       0.3       0  0
GRID      230       0.9       0.7       0.1  0
GRID      231       0.9       0.7       0  0
GRID      232       0.5       0.2       0.1  0
GRID      233       0.5       0.2       0  0
GRID      234       1       0.4       0.1  0
GRID      235       1       0.4       0  0
GRID      236       0.9       0       0.1  0
GRID      237       0.9       0       0  0
GRID      238       0.2       0.6       0.1  0
GRID      239       0.2       0.6       0  0
GRID      240       0.5       0.6       0.1  0
GRID      241       0.5       0.6       0  0
GRID      242       0.5       0.4       0.1  0


CTETRA      1       1   77       109       110       1
CTETRA      2       1   109       241       240       1
CTETRA      3       1   2       144       160       1
CTETRA      4       1   2       130       144       1
CTETRA      5       1   225       192       224       235
CTETRA      6       1   2       160       220       1
CTETRA      7       1   161       144       145       1
CTETRA      8       1   49       180       181       3
CTETRA      9       1   85       115       114       33
CTETRA      10       1   199       135       134       65
CTETRA      11       1   215       188       189       3
CTETRA      12       1   189       188       178       3
CTETRA      13       1   189       178       179       3
CTETRA      14       1   4       180       50       3
CTETRA      15       1   215       180       181       5
CTETRA      16       1   39       214       215       5
CTETRA      17       1   6       190       174       5
CTETRA      18       1   6       174       198       5
CTETRA      19       1   39       190       40       5
CTETRA      20       1   6       198       66       5
CTETRA      21       1   65       208       66       5
CTETRA      22       1   191       174       190       5
CTETRA      23       1   27       150       151       7
CTETRA      24       1   27       231       230       7
CTETRA      25       1   27       28       150       7
CTETRA      26       1   60       70       182       59
CTETRA      27       1   231       126       230       7
CTETRA      28       1   231       127       126       7
CTETRA      29       1   165       142       143       9
CTETRA      30       1   105       164       165       9
CTETRA      31       1   63       142       64       9
CTETRA      32       1   233       232       132       9
CTETRA      33       1   233       182       232       9
CTETRA      34       1   75       132       76       9
CTETRA      35       1   165       164       142       9
CTETRA      36       1   233       132       133       9
CTETRA      37       1   41       196       197       11
CTETRA      38       1   213       196       212       11
CTETRA      39       1   41       42       196       11
CTETRA      40       1   12       196       42       11
CTETRA      41       1   213       197       196       11
CTETRA      42       1   33       123       122       11
CTETRA      43       1   12       212       196       11
CTETRA      44       1   21       127       126       13
CTETRA      45       1   21       166       167       13
CTETRA      46       1   53       68       67       13
CTETRA      47       1   25       118       119       15
CTETRA      48       1   25       26       118       15
CTETRA      49       1   65       208       209       15
CTETRA      50       1   25       209       208       15
CTETRA      51       1   25       208       26       15
CTETRA      52       1   16       26       208       15
CTETRA      53       1   217       186       187       37
CTETRA      54       1   79       171       170       17
CTETRA      55       1   171       155       154       17
CTETRA      56       1   37       210       211       17
CTETRA      57       1   43       80       44       17
CTETRA      58       1   79       170       80       17
CTETRA      59       1   60       182       232       59
CTETRA      60       1   19       138       20       17
CTETRA      61       1   18       20       138       17
CTETRA      62       1   19       154       155       17
CTETRA      63       1   211       138       139       17
CTETRA      64       1   145       131       130       19
CTETRA      65       1   113       130       131       19
CTETRA      66       1   20       242       60       19
CTETRA      67       1   18       138       210       17
CTETRA      68       1   20       144       130       19
CTETRA      69       1   20       160       144       19
CTETRA      70       1   23       52       51       21
CTETRA      71       1   51       52       166       21
CTETRA      72       1   23       121       120       21
CTETRA      73       1   14       54       166       13
CTETRA      74       1   22       58       124       21
CTETRA      75       1   104       136       238       103
CTETRA      76       1   51       166       167       21
CTETRA      77       1   14       158       100       13
CTETRA      78       1   57       58       120       21
CTETRA      79       1   23       24       52       21
CTETRA      80       1   22       120       58       21
CTETRA      81       1   22       166       52       21
CTETRA      82       1   16       118       26       15
CTETRA      83       1   26       180       208       25
CTETRA      84       1   193       156       157       27
CTETRA      85       1   27       230       28       7
CTETRA      86       1   28       156       192       27
CTETRA      87       1   28       90       168       27
CTETRA      88       1   231       158       159       27
CTETRA      89       1   157       156       150       27
CTETRA      90       1   99       129       128       29
CTETRA      91       1   93       128       129       29
CTETRA      92       1   10       164       106       9
CTETRA      93       1   30       94       240       29
CTETRA      94       1   109       110       240       29
CTETRA      95       1   67       100       68       29
CTETRA      96       1   93       94       128       29
CTETRA      97       1   221       160       220       239
CTETRA      98       1   109       111       112       29
CTETRA      99       1   55       73       74       31
CTETRA      100       1   55       96       95       31
CTETRA      101       1   123       122       114       33
CTETRA      102       1   34       204       92       33
CTETRA      103       1   123       114       115       33
CTETRA      104       1   85       86       92       33
CTETRA      105       1   85       114       86       33
CTETRA      106       1   81       229       228       35
CTETRA      107       1   61       228       229       35
CTETRA      108       1   61       62       228       35
CTETRA      109       1   85       92       91       33
CTETRA      110       1   61       152       62       35
CTETRA      111       1   36       62       152       35
CTETRA      112       1   67       68       222       29
CTETRA      113       1   61       153       152       35
CTETRA      114       1   47       152       153       35
CTETRA      115       1   18       170       154       17
CTETRA      116       1   38       210       186       37
CTETRA      117       1   38       186       216       37
CTETRA      118       1   211       186       210       37
CTETRA      119       1   38       216       204       37
CTETRA      120       1   18       44       80       17
CTETRA      121       1   171       154       170       17
CTETRA      122       1   43       204       205       37
CTETRA      123       1   77       200       201       39
CTETRA      124       1   6       208       180       5
CTETRA      125       1   6       66       208       5
CTETRA      126       1   199       198       174       5
CTETRA      127       1   77       78       200       39
CTETRA      128       1   79       196       197       41
CTETRA      129       1   215       189       188       39
CTETRA      130       1   43       80       79       41
CTETRA      131       1   91       92       204       33
CTETRA      132       1   41       43       44       33
CTETRA      133       1   34       44       204       33
CTETRA      134       1   33       34       42       11
CTETRA      135       1   34       86       114       33
CTETRA      136       1   18       154       20       17
CTETRA      137       1   43       44       80       41
CTETRA      138       1   38       204       44       37
CTETRA      139       1   81       228       82       35
CTETRA      140       1   6       180       214       5
CTETRA      141       1   36       48       146       35
CTETRA      142       1   81       82       202       35
CTETRA      143       1   36       46       202       35
CTETRA      144       1   127       124       125       21
CTETRA      145       1   81       202       203       35
CTETRA      146       1   53       166       167       51
CTETRA      147       1   53       54       166       51
CTETRA      148       1   57       120       121       21
CTETRA      149       1   216       186       206       217
CTETRA      150       1   84       136       104       83
CTETRA      151       1   53       98       54       51
CTETRA      152       1   21       22       166       13
CTETRA      153       1   54       68       222       53
CTETRA      154       1   97       140       141       53
CTETRA      155       1   67       68       100       13
CTETRA      156       1   48       236       226       47
CTETRA      157       1   82       224       234       81
CTETRA      158       1   53       166       54       13
CTETRA      159       1   14       22       126       13
CTETRA      160       1   93       96       95       55
CTETRA      161       1   55       56       96       31
CTETRA      162       1   56       128       168       55
CTETRA      163       1   56       168       90       55
CTETRA      164       1   73       102       101       55
CTETRA      165       1   93       128       94       55
CTETRA      166       1   23       120       24       21
CTETRA      167       1   52       54       98       51
CTETRA      168       1   57       125       124       21
CTETRA      169       1   22       24       120       21
CTETRA      170       1   20       130       242       19
CTETRA      171       1   113       130       242       31
CTETRA      172       1   69       70       218       31
CTETRA      173       1   72       196       212       71
CTETRA      174       1   60       232       210       59
CTETRA      175       1   32       96       56       31
CTETRA      176       1   69       183       182       59
CTETRA      177       1   69       182       70       59
CTETRA      178       1   227       147       146       47
CTETRA      179       1   48       152       116       47
CTETRA      180       1   69       182       183       63
CTETRA      181       1   63       143       142       9
CTETRA      182       1   46       64       218       45
CTETRA      183       1   199       136       198       83
CTETRA      184       1   219       202       218       45
CTETRA      185       1   69       219       218       63
CTETRA      186       1   63       182       183       9
CTETRA      187       1   63       142       143       45
CTETRA      188       1   47       146       48       35
CTETRA      189       1   69       70       182       63
CTETRA      190       1   40       78       190       39
CTETRA      191       1   199       174       175       5
CTETRA      192       1   66       134       184       65
CTETRA      193       1   185       134       135       65
CTETRA      194       1   67       222       68       53
CTETRA      195       1   67       223       222       53
CTETRA      196       1   53       167       166       13
CTETRA      197       1   14       68       54       13
CTETRA      198       1   231       158       230       13
CTETRA      199       1   99       158       159       13
CTETRA      200       1   233       210       232       59
CTETRA      201       1   69       218       70       63
CTETRA      202       1   59       113       242       31
CTETRA      203       1   237       236       116       47
CTETRA      204       1   161       145       144       19
CTETRA      205       1   211       139       138       59
CTETRA      206       1   63       64       142       45
CTETRA      207       1   59       60       70       31
CTETRA      208       1   103       176       177       71
CTETRA      209       1   103       104       176       71
CTETRA      210       1   72       104       148       71
CTETRA      211       1   103       148       104       71
CTETRA      212       1   32       218       70       31
CTETRA      213       1   233       232       182       59
CTETRA      214       1   56       102       74       55
CTETRA      215       1   74       102       202       73
CTETRA      216       1   32       60       242       31
CTETRA      217       1   101       203       202       73
CTETRA      218       1   219       218       202       73
CTETRA      219       1   95       130       131       31
CTETRA      220       1   10       76       132       9
CTETRA      221       1   207       186       206       75
CTETRA      222       1   187       132       186       75
CTETRA      223       1   76       206       186       75
CTETRA      224       1   109       112       111       77
CTETRA      225       1   221       191       190       1
CTETRA      226       1   77       110       78       1
CTETRA      227       1   77       78       190       1
CTETRA      228       1   109       110       112       77
CTETRA      229       1   111       112       200       77
CTETRA      230       1   78       112       110       77
CTETRA      231       1   171       148       149       79
CTETRA      232       1   231       159       158       13
CTETRA      233       1   18       38       44       17
CTETRA      234       1   79       80       196       41
CTETRA      235       1   80       148       170       79
CTETRA      236       1   49       180       50       25
CTETRA      237       1   235       229       228       81
CTETRA      238       1   235       224       225       81
CTETRA      239       1   237       227       226       47
CTETRA      240       1   36       146       46       35
CTETRA      241       1   101       224       102       81
CTETRA      242       1   235       234       224       81
CTETRA      243       1   73       218       74       31
CTETRA      244       1   82       234       228       81
CTETRA      245       1   82       102       224       81
CTETRA      246       1   199       134       135       83
CTETRA      247       1   43       204       44       33
CTETRA      248       1   87       222       223       53
CTETRA      249       1   87       140       88       53
CTETRA      250       1   87       88       222       53
CTETRA      251       1   107       108       194       87
CTETRA      252       1   14       230       158       13
CTETRA      253       1   54       88       140       53
CTETRA      254       1   101       224       225       89
CTETRA      255       1   169       128       129       55
CTETRA      256       1   56       90       102       55
CTETRA      257       1   90       192       224       89
CTETRA      258       1   89       168       90       27
CTETRA      259       1   225       224       192       89
CTETRA      260       1   217       204       205       91
CTETRA      261       1   91       204       205       33
CTETRA      262       1   30       110       112       29
CTETRA      263       1   94       130       240       93
CTETRA      264       1   95       130       96       93
CTETRA      265       1   30       222       68       29
CTETRA      266       1   30       128       94       29
CTETRA      267       1   94       96       130       93
CTETRA      268       1   56       94       128       55
CTETRA      269       1   73       74       102       55
CTETRA      270       1   109       112       110       29
CTETRA      271       1   95       131       130       93
CTETRA      272       1   219       202       203       73
CTETRA      273       1   32       74       218       31
CTETRA      274       1   89       90       168       55
CTETRA      275       1   111       222       223       87
CTETRA      276       1   231       230       126       13
CTETRA      277       1   147       146       142       227
CTETRA      278       1   53       54       68       13
CTETRA      279       1   107       141       140       87
CTETRA      280       1   169       158       159       99
CTETRA      281       1   93       240       94       29
CTETRA      282       1   14       166       22       13
CTETRA      283       1   54       222       88       53
CTETRA      284       1   21       126       22       13
CTETRA      285       1   100       158       168       99
CTETRA      286       1   109       240       241       29
CTETRA      287       1   73       219       218       31
CTETRA      288       1   113       131       130       31
CTETRA      289       1   127       124       126       7
CTETRA      290       1   103       177       176       83
CTETRA      291       1   213       212       196       71
CTETRA      292       1   173       170       172       103
CTETRA      293       1   104       170       148       103
CTETRA      294       1   173       171       170       103
CTETRA      295       1   171       149       148       103
CTETRA      296       1   10       142       164       9
CTETRA      297       1   75       76       106       9
CTETRA      298       1   87       141       140       53
CTETRA      299       1   234       224       192       235
CTETRA      300       1   209       208       180       25
CTETRA      301       1   111       194       112       87
CTETRA      302       1   189       179       178       107
CTETRA      303       1   108       194       188       107
CTETRA      304       1   221       160       161       1
CTETRA      305       1   67       99       100       29
CTETRA      306       1   221       190       220       1
CTETRA      307       1   88       112       194       87
CTETRA      308       1   88       108       140       87
CTETRA      309       1   201       188       200       111
CTETRA      310       1   195       194       188       111
CTETRA      311       1   195       188       189       111
CTETRA      312       1   112       188       194       111
CTETRA      313       1   78       200       112       77
CTETRA      314       1   112       200       188       111
CTETRA      315       1   59       60       242       19
CTETRA      316       1   20       60       138       19
CTETRA      317       1   59       138       60       19
CTETRA      318       1   59       242       60       31
CTETRA      319       1   32       242       130       31
CTETRA      320       1   145       130       131       1
CTETRA      321       1   109       240       110       1
CTETRA      322       1   77       190       191       1
CTETRA      323       1   2       240       130       1
CTETRA      324       1   2       220       190       1
CTETRA      325       1   191       174       175       239
CTETRA      326       1   221       190       191       239
CTETRA      327       1   173       172       160       239
CTETRA      328       1   173       160       161       239
CTETRA      329       1   238       160       172       239
CTETRA      330       1   104       238       172       103
CTETRA      331       1   221       220       190       239
CTETRA      332       1   199       175       174       239
CTETRA      333       1   207       187       186       75
CTETRA      334       1   199       198       136       239
CTETRA      335       1   153       116       152       47
CTETRA      336       1   48       116       236       47
CTETRA      337       1   47       147       146       35
CTETRA      338       1   36       202       82       35
CTETRA      339       1   113       242       130       19
CTETRA      340       1   193       157       156       235
CTETRA      341       1   48       226       146       47
CTETRA      342       1   225       193       192       235
CTETRA      343       1   20       154       160       19
CTETRA      344       1   187       132       133       233
CTETRA      345       1   75       106       105       9
CTETRA      346       1   211       138       210       59
CTETRA      347       1   89       192       193       27
CTETRA      348       1   193       192       156       27
CTETRA      349       1   127       125       124       7
CTETRA      350       1   219       203       202       45
CTETRA      351       1   153       117       116       47
CTETRA      352       1   165       142       164       227
CTETRA      353       1   165       143       142       227
CTETRA      354       1   69       218       219       31
CTETRA      355       1   89       102       90       55
CTETRA      356       1   225       192       193       89
CTETRA      357       1   111       195       194       87
CTETRA      358       1   88       222       112       87
CTETRA      359       1   221       161       160       239
CTETRA      360       1   2       110       240       1
CTETRA      361       1   99       128       100       29
CTETRA      362       1   111       200       201       77
CTETRA      363       1   72       176       104       71
CTETRA      364       1   100       168       128       99
CTETRA      365       1   10       64       142       9
CTETRA      366       1   43       44       204       37
CTETRA      367       1   30       100       128       29
CTETRA      368       1   233       183       182       9
CTETRA      369       1   64       182       70       63
CTETRA      370       1   47       48       152       35
CTETRA      371       1   207       186       187       217
CTETRA      372       1   43       79       80       17
CTETRA      373       1   80       196       148       79
CTETRA      374       1   216       206       162       217
CTETRA      375       1   215       214       188       3
CTETRA      376       1   4       214       180       3
CTETRA      377       1   215       214       180       5
CTETRA      378       1   39       40       214       5
CTETRA      379       1   77       191       190       39
CTETRA      380       1   40       200       78       39
CTETRA      381       1   42       80       44       41
CTETRA      382       1   32       56       74       31
CTETRA      383       1   34       92       86       33
CTETRA      384       1   187       186       132       233
CTETRA      385       1   232       132       186       233
CTETRA      386       1   41       44       42       33
CTETRA      387       1   217       204       216       37
CTETRA      388       1   217       163       162       91
CTETRA      389       1   56       96       94       55
CTETRA      390       1   37       44       38       17
CTETRA      391       1   107       140       108       87
CTETRA      392       1   209       180       181       25
CTETRA      393       1   199       134       198       65
CTETRA      394       1   65       198       199       5
CTETRA      395       1   207       206       186       217
CTETRA      396       1   75       133       132       9
CTETRA      397       1   207       162       206       217
CTETRA      398       1   211       187       186       37
CTETRA      399       1   12       42       34       11
CTETRA      400       1   217       162       216       91
CTETRA      401       1   197       148       196       79
CTETRA      402       1   2       78       110       1
CTETRA      403       1   197       149       148       79
CTETRA      404       1   33       122       34       11
CTETRA      405       1   211       210       186       233
CTETRA      406       1   45       203       202       35
CTETRA      407       1   36       152       48       35
CTETRA      408       1   89       168       169       55
CTETRA      409       1   32       70       60       31
CTETRA      410       1   64       70       218       63
CTETRA      411       1   45       202       46       35
CTETRA      412       1   201       189       188       111
CTETRA      413       1   241       130       131       93
CTETRA      414       1   169       128       168       99
CTETRA      415       1   111       222       112       29
CTETRA      416       1   199       136       137       239
CTETRA      417       1   238       136       198       239
CTETRA      418       1   185       184       134       65
CTETRA      419       1   191       190       174       239
CTETRA      420       1   171       170       148       79
CTETRA      421       1   33       42       41       11
CTETRA      422       1   46       142       64       45
CTETRA      423       1   19       20       154       17
CTETRA      424       1   59       242       113       19
CTETRA      425       1   72       148       196       71
CTETRA      426       1   195       189       188       107
CTETRA      427       1   88       194       108       87
CTETRA      428       1   195       188       194       107
CTETRA      429       1   241       131       130       1
CTETRA      430       1   28       192       90       27
CTETRA      431       1   36       228       62       35
CTETRA      432       1   101       102       224       89
CTETRA      433       1   147       143       142       45
CTETRA      434       1   239       238       136       103
CTETRA      435       1   201       200       188       39
CTETRA      436       1   191       175       174       5
CTETRA      437       1   39       191       190       5
CTETRA      438       1   93       241       240       29
CTETRA      439       1   26       50       180       25
CTETRA      440       1   238       190       220       239
CTETRA      441       1   209       181       180       5
CTETRA      442       1   10       232       182       9
CTETRA      443       1   237       116       117       47
CTETRA      444       1   207       163       162       217
CTETRA      445       1   37       38       210       17
CTETRA      446       1   77       190       78       39
CTETRA      447       1   66       198       134       65
CTETRA      448       1   65       185       184       15
CTETRA      449       1   187       133       132       75
CTETRA      450       1   12       34       122       11
CTETRA      451       1   89       101       102       55
CTETRA      452       1   74       202       218       73
CTETRA      453       1   89       169       168       27
CTETRA      454       1   4       178       188       3
CTETRA      455       1   215       181       180       3
CTETRA      456       1   49       50       180       3
CTETRA      457       1   49       181       180       25
CTETRA      458       1   108       188       178       107
CTETRA      459       1   221       220       160       1
CTETRA      460       1   103       136       137       83
CTETRA      461       1   239       173       172       103
CTETRA      462       1   213       196       197       71
CTETRA      463       1   238       220       160       239
CTETRA      464       1   161       160       144       1
CTETRA      465       1   59       70       69       31
CTETRA      466       1   6       40       190       5
CTETRA      467       1   171       154       155       173
CTETRA      468       1   171       170       154       173
CTETRA      469       1   161       155       154       173
CTETRA      470       1   84       134       198       83
CTETRA      471       1   104       172       170       103
CTETRA      472       1   172       160       154       173
CTETRA      473       1   199       174       198       239
CTETRA      474       1   2       190       78       1
CTETRA      475       1   111       223       222       29
CTETRA      476       1   101       225       224       81
CTETRA      477       1   193       156       192       235
CTETRA      478       1   169       158       168       27
CTETRA      479       1   8       126       124       7
CTETRA      480       1   54       140       98       53
CTETRA      481       1   14       126       230       13
CTETRA      482       1   57       124       58       21
CTETRA      483       1   30       112       222       29
CTETRA      484       1   226       142       146       227
CTETRA      485       1   239       172       238       103
CTETRA      486       1   14       100       68       13
CTETRA      487       1   34       114       122       33
CTETRA      488       1   217       205       204       37
CTETRA      489       1   239       136       137       103
CTETRA      490       1   63       64       182       9
CTETRA      491       1   197       196       148       71
CTETRA      492       1   19       139       138       17
CTETRA      493       1   172       154       170       173
CTETRA      494       1   18       80       170       17
CTETRA      495       1   28       158       230       27
CTETRA      496       1   169       159       158       27
CTETRA      497       1   28       168       158       27
CTETRA      498       1   28       150       156       27
CTETRA      499       1   40       214       188       39
CTETRA      500       1   67       100       99       13
CTETRA      501       1   90       224       102       89
CTETRA      502       1   40       188       200       39
CTETRA      503       1   8       150       28       7
CTETRA      504       1   65       66       198       5
CTETRA      505       1   22       52       24       21
CTETRA      506       1   84       104       176       83
CTETRA      507       1   161       154       155       19
CTETRA      508       1   18       210       38       17
CTETRA      509       1   211       210       138       17
CTETRA      510       1   8       28       230       7
CTETRA      511       1   16       208       66       15
CTETRA      512       1   161       144       160       19
CTETRA      513       1   161       154       160       173
CTETRA      514       1   59       139       138       19
CTETRA      515       1   147       142       143       227
CTETRA      516       1   227       146       226       47
CTETRA      517       1   101       202       203       81
CTETRA      518       1   231       230       158       27
CTETRA      519       1   101       102       202       81
CTETRA      520       1   89       90       192       27
CTETRA      521       1   197       148       149       71
CTETRA      522       1   199       137       136       83
CTETRA      523       1   103       176       104       83
CTETRA      524       1   145       130       144       19
CTETRA      525       1   161       160       154       19
CTETRA      526       1   235       228       234       81
CTETRA      527       1   36       82       228       35
CTETRA      528       1   226       164       142       227
CTETRA      529       1   157       150       151       27
CTETRA      530       1   169       168       128       55
CTETRA      531       1   241       130       240       1
CTETRA      532       1   233       182       183       59
CTETRA      533       1   95       96       130       31
CTETRA      534       1   30       240       110       29
CTETRA      535       1   215       188       214       39
CTETRA      536       1   65       66       208       15
CTETRA      537       1   105       106       164       9
CTETRA      538       1   10       106       76       9
CTETRA      539       1   217       216       186       37
CTETRA      540       1   63       219       218       45
CTETRA      541       1   103       104       136       83
CTETRA      542       1   233       211       210       59
CTETRA      543       1   107       194       195       87
CTETRA      544       1   93       94       96       55
CTETRA      545       1   231       126       127       13
CTETRA      546       1   99       100       158       13
CTETRA      547       1   234       192       156       235
CTETRA      548       1   10       182       64       9
CTETRA      549       1   46       146       142       45
CTETRA      550       1   37       43       44       17
CTETRA      551       1   201       188       189       39
CTETRA      552       1   34       42       44       33
CTETRA      553       1   22       124       126       21
CTETRA      554       1   215       180       214       3
CTETRA      555       1   145       144       130       1
CTETRA      556       1   127       126       124       21
CTETRA      557       1   55       74       56       31
CTETRA      558       1   171       148       170       103
CTETRA      559       1   60       210       138       59
CTETRA      560       1   217       216       204       91
CTETRA      561       1   92       204       216       91
CTETRA      562       1   45       146       147       35
CTETRA      563       1   65       209       208       5
CTETRA      564       1   103       149       148       71
CTETRA      565       1   147       142       146       45
CTETRA      566       1   10       132       232       9
CTETRA      567       1   241       240       130       93
CTETRA      568       1   232       186       210       233
CTETRA      569       1   42       196       80       41
CTETRA      570       1   16       66       184       15
CTETRA      571       1   53       97       98       51
CTETRA      572       1   111       112       222       87
CTETRA      573       1   45       46       146       35
CTETRA      574       1   237       226       236       47
CTETRA      575       1   76       186       132       75
CTETRA      576       1   169       168       158       99
CTETRA      577       1   93       129       128       55
CTETRA      578       1   67       222       223       29
CTETRA      579       1   238       174       190       239
CTETRA      580       1   238       198       174       239
CTETRA      581       1   82       202       102       81
CTETRA      582       1   4       188       214       3
CTETRA      583       1   6       214       40       5
CTETRA      584       1   63       218       64       45
CTETRA      585       1   209       180       208       5
CTETRA      586       1   52       166       54       51
CTETRA      587       1   97       98       140       53
CTETRA      588       1   92       216       162       91
CTETRA      589       1   8       230       126       7
CTETRA      590       1   43       205       204       33
CTETRA      591       1   101       202       102       73
CTETRA      592       1   46       218       202       45
CTETRA      593       1   84       198       136       83
CTETRA      594       1   211       186       187       233
CTETRA      595       1   189       178       188       107
CTETRA      596       1   65       184       66       15
CTETRA      597       1   30       68       100       29
CTETRA      598       1   169       129       128       99
CTETRA      599       1   32       130       96       31
CTETRA      600       1   199       198       134       83


CTRIAX      601       1   1       109       77
CTRIAX      602       0   1       110       109
CTRIAX      603       0   1       77       110
CTRIAX      604       0   77       109       110
CTRIAX      605       1   1       241       109
CTRIAX      606       0   1       240       241
CTRIAX      607       0   1       109       240
CTRIAX      608       0   109       241       240
CTRIAX      609       0   1       144       2
CTRIAX      610       0   1       160       144
CTRIAX      611       0   1       2       160
CTRIAX      612       9   2       144       160
CTRIAX      613       0   1       130       2
CTRIAX      614       0   1       144       130
CTRIAX      615       9   2       130       144
CTRIAX      616       0   235       192       225
CTRIAX      617       0   235       224       192
CTRIAX      618       0   235       225       224
CTRIAX      619       0   225       192       224
CTRIAX      620       0   1       220       160
CTRIAX      621       0   1       2       220
CTRIAX      622       9   2       160       220
CTRIAX      623       0   1       144       161
CTRIAX      624       0   1       145       144
CTRIAX      625       1   1       161       145
CTRIAX      626       0   161       144       145
CTRIAX      627       0   3       180       49
CTRIAX      628       0   3       181       180
CTRIAX      629       1   3       49       181
CTRIAX      630       0   49       180       181
CTRIAX      631       1   33       115       85
CTRIAX      632       0   33       114       115
CTRIAX      633       0   33       85       114
CTRIAX      634       5   85       115       114
CTRIAX      635       1   65       135       199
CTRIAX      636       0   65       134       135
CTRIAX      637       0   65       199       134
CTRIAX      638       0   199       135       134
CTRIAX      639       0   3       188       215
CTRIAX      640       0   3       189       188
CTRIAX      641       1   3       215       189
CTRIAX      642       0   215       188       189
CTRIAX      643       0   3       178       188
CTRIAX      644       0   3       189       178
CTRIAX      645       0   189       188       178
CTRIAX      646       6   3       179       178
CTRIAX      647       1   3       189       179
CTRIAX      648       0   189       178       179
CTRIAX      649       0   3       180       4
CTRIAX      650       0   3       50       180
CTRIAX      651       6   3       4       50
CTRIAX      652       9   4       180       50
CTRIAX      653       0   5       180       215
CTRIAX      654       0   5       181       180
CTRIAX      655       1   5       215       181
CTRIAX      656       0   215       180       181
CTRIAX      657       0   5       214       39
CTRIAX      658       0   5       215       214
CTRIAX      659       1   5       39       215
CTRIAX      660       0   39       214       215
CTRIAX      661       0   5       190       6
CTRIAX      662       0   5       174       190
CTRIAX      663       0   5       6       174
CTRIAX      664       9   6       190       174
CTRIAX      665       0   5       198       174
CTRIAX      666       0   5       6       198
CTRIAX      667       9   6       174       198
CTRIAX      668       0   5       190       39
CTRIAX      669       0   5       40       190
CTRIAX      670       0   5       39       40
CTRIAX      671       0   39       190       40
CTRIAX      672       0   5       66       198
CTRIAX      673       0   5       6       66
CTRIAX      674       9   6       198       66
CTRIAX      675       0   5       208       65
CTRIAX      676       0   5       66       208
CTRIAX      677       0   5       65       66
CTRIAX      678       0   65       208       66
CTRIAX      679       0   5       174       191
CTRIAX      680       0   5       191       190
CTRIAX      681       0   191       174       190
CTRIAX      682       0   7       150       27
CTRIAX      683       4   7       151       150
CTRIAX      684       1   7       27       151
CTRIAX      685       0   27       150       151
CTRIAX      686       1   7       231       27
CTRIAX      687       0   7       230       231
CTRIAX      688       0   7       27       230
CTRIAX      689       0   27       231       230
CTRIAX      690       0   7       28       27
CTRIAX      691       0   7       150       28
CTRIAX      692       0   27       28       150
CTRIAX      693       0   59       70       60
CTRIAX      694       0   59       182       70
CTRIAX      695       0   59       60       182
CTRIAX      696       9   60       70       182
CTRIAX      697       0   7       126       231
CTRIAX      698       0   7       230       126
CTRIAX      699       0   231       126       230
CTRIAX      700       1   7       127       231
CTRIAX      701       0   7       126       127
CTRIAX      702       0   231       127       126
CTRIAX      703       0   9       142       165
CTRIAX      704       0   9       143       142
CTRIAX      705       1   9       165       143
CTRIAX      706       0   165       142       143
CTRIAX      707       0   9       164       105
CTRIAX      708       0   9       165       164
CTRIAX      709       1   9       105       165
CTRIAX      710       5   105       164       165
CTRIAX      711       0   9       142       63
CTRIAX      712       0   9       64       142
CTRIAX      713       0   9       63       64
CTRIAX      714       0   63       142       64
CTRIAX      715       0   9       232       233
CTRIAX      716       0   9       132       232
CTRIAX      717       0   9       233       132
CTRIAX      718       0   233       232       132
CTRIAX      719       0   9       182       233
CTRIAX      720       0   9       232       182
CTRIAX      721       0   233       182       232
CTRIAX      722       0   9       132       75
CTRIAX      723       0   9       76       132
CTRIAX      724       0   9       75       76
CTRIAX      725       0   75       132       76
CTRIAX      726       0   9       142       164
CTRIAX      727       0   165       164       142
CTRIAX      728       0   9       133       132
CTRIAX      729       1   9       233       133
CTRIAX      730       0   233       132       133
CTRIAX      731       0   11       196       41
CTRIAX      732       0   11       197       196
CTRIAX      733       1   11       41       197
CTRIAX      734       0   41       196       197
CTRIAX      735       0   11       196       213
CTRIAX      736       0   11       212       196
CTRIAX      737       3   11       213       212
CTRIAX      738       0   213       196       212
CTRIAX      739       0   11       42       41
CTRIAX      740       0   11       196       42
CTRIAX      741       0   41       42       196
CTRIAX      742       0   11       196       12
CTRIAX      743       0   11       12       42
CTRIAX      744       9   12       196       42
CTRIAX      745       1   11       197       213
CTRIAX      746       0   213       197       196
CTRIAX      747       1   11       123       33
CTRIAX      748       3   11       122       123
CTRIAX      749       0   11       33       122
CTRIAX      750       0   33       123       122
CTRIAX      751       3   11       212       12
CTRIAX      752       9   12       212       196
CTRIAX      753       1   13       127       21
CTRIAX      754       0   13       126       127
CTRIAX      755       0   13       21       126
CTRIAX      756       0   21       127       126
CTRIAX      757       0   13       166       21
CTRIAX      758       0   13       167       166
CTRIAX      759       1   13       21       167
CTRIAX      760       0   21       166       167
CTRIAX      761       0   13       68       53
CTRIAX      762       0   13       67       68
CTRIAX      763       1   13       53       67
CTRIAX      764       0   53       68       67
CTRIAX      765       0   15       118       25
CTRIAX      766       3   15       119       118
CTRIAX      767       1   15       25       119
CTRIAX      768       6   25       118       119
CTRIAX      769       0   15       26       25
CTRIAX      770       0   15       118       26
CTRIAX      771       6   25       26       118
CTRIAX      772       0   15       208       65
CTRIAX      773       0   15       209       208
CTRIAX      774       1   15       65       209
CTRIAX      775       0   65       208       209
CTRIAX      776       1   15       209       25
CTRIAX      777       0   15       25       208
CTRIAX      778       0   25       209       208
CTRIAX      779       0   15       26       208
CTRIAX      780       0   25       208       26
CTRIAX      781       0   15       26       16
CTRIAX      782       0   15       16       208
CTRIAX      783       9   16       26       208
CTRIAX      784       0   37       186       217
CTRIAX      785       0   37       187       186
CTRIAX      786       1   37       217       187
CTRIAX      787       0   217       186       187
CTRIAX      788       1   17       171       79
CTRIAX      789       0   17       170       171
CTRIAX      790       0   17       79       170
CTRIAX      791       0   79       171       170
CTRIAX      792       1   17       155       171
CTRIAX      793       0   17       154       155
CTRIAX      794       0   17       171       154
CTRIAX      795       0   171       155       154
CTRIAX      796       0   17       210       37
CTRIAX      797       0   17       211       210
CTRIAX      798       1   17       37       211
CTRIAX      799       0   37       210       211
CTRIAX      800       0   17       80       43
CTRIAX      801       0   17       44       80
CTRIAX      802       0   17       43       44
CTRIAX      803       0   43       80       44
CTRIAX      804       0   17       80       170
CTRIAX      805       0   17       79       80
CTRIAX      806       0   79       170       80
CTRIAX      807       0   59       232       182
CTRIAX      808       0   59       60       232
CTRIAX      809       9   60       182       232
CTRIAX      810       0   17       138       19
CTRIAX      811       0   17       20       138
CTRIAX      812       0   17       19       20
CTRIAX      813       0   19       138       20
CTRIAX      814       0   17       20       18
CTRIAX      815       0   17       18       138
CTRIAX      816       9   18       20       138
CTRIAX      817       0   17       154       19
CTRIAX      818       1   17       19       155
CTRIAX      819       0   19       154       155
CTRIAX      820       0   17       138       211
CTRIAX      821       0   17       139       138
CTRIAX      822       1   17       211       139
CTRIAX      823       0   211       138       139
CTRIAX      824       1   19       131       145
CTRIAX      825       0   19       130       131
CTRIAX      826       0   19       145       130
CTRIAX      827       0   145       131       130
CTRIAX      828       0   19       130       113
CTRIAX      829       1   19       113       131
CTRIAX      830       0   113       130       131
CTRIAX      831       0   19       242       20
CTRIAX      832       0   19       60       242
CTRIAX      833       0   19       20       60
CTRIAX      834       9   20       242       60
CTRIAX      835       0   17       210       138
CTRIAX      836       0   17       18       210
CTRIAX      837       9   18       138       210
CTRIAX      838       0   19       144       20
CTRIAX      839       0   19       130       144
CTRIAX      840       0   19       20       130
CTRIAX      841       9   20       144       130
CTRIAX      842       0   19       160       20
CTRIAX      843       0   19       144       160
CTRIAX      844       9   20       160       144
CTRIAX      845       0   21       52       23
CTRIAX      846       0   21       51       52
CTRIAX      847       1   21       23       51
CTRIAX      848       6   23       52       51
CTRIAX      849       0   21       166       52
CTRIAX      850       0   21       51       166
CTRIAX      851       0   51       52       166
CTRIAX      852       1   21       121       23
CTRIAX      853       0   21       120       121
CTRIAX      854       0   21       23       120
CTRIAX      855       6   23       121       120
CTRIAX      856       0   13       54       14
CTRIAX      857       0   13       166       54
CTRIAX      858       0   13       14       166
CTRIAX      859       9   14       54       166
CTRIAX      860       0   21       58       22
CTRIAX      861       0   21       124       58
CTRIAX      862       0   21       22       124
CTRIAX      863       9   22       58       124
CTRIAX      864       0   103       136       104
CTRIAX      865       0   103       238       136
CTRIAX      866       0   103       104       238
CTRIAX      867       9   104       136       238
CTRIAX      868       1   21       51       167
CTRIAX      869       0   51       166       167
CTRIAX      870       0   13       158       14
CTRIAX      871       0   13       100       158
CTRIAX      872       0   13       14       100
CTRIAX      873       9   14       158       100
CTRIAX      874       0   21       58       57
CTRIAX      875       0   21       120       58
CTRIAX      876       0   21       57       120
CTRIAX      877       4   57       58       120
CTRIAX      878       0   21       24       23
CTRIAX      879       0   21       52       24
CTRIAX      880       6   23       24       52
CTRIAX      881       0   21       120       22
CTRIAX      882       9   22       120       58
CTRIAX      883       0   21       166       22
CTRIAX      884       0   21       22       52
CTRIAX      885       9   22       166       52
CTRIAX      886       3   15       118       16
CTRIAX      887       9   16       118       26
CTRIAX      888       0   25       180       26
CTRIAX      889       0   25       208       180
CTRIAX      890       9   26       180       208
CTRIAX      891       0   27       156       193
CTRIAX      892       0   27       157       156
CTRIAX      893       1   27       193       157
CTRIAX      894       0   193       156       157
CTRIAX      895       0   7       28       230
CTRIAX      896       0   27       230       28
CTRIAX      897       0   27       156       28
CTRIAX      898       0   27       192       156
CTRIAX      899       0   27       28       192
CTRIAX      900       9   28       156       192
CTRIAX      901       0   27       90       28
CTRIAX      902       0   27       168       90
CTRIAX      903       0   27       28       168
CTRIAX      904       9   28       90       168
CTRIAX      905       0   27       158       231
CTRIAX      906       0   27       159       158
CTRIAX      907       1   27       231       159
CTRIAX      908       0   231       158       159
CTRIAX      909       0   27       150       156
CTRIAX      910       0   27       157       150
CTRIAX      911       4   157       156       150
CTRIAX      912       1   29       129       99
CTRIAX      913       0   29       128       129
CTRIAX      914       0   29       99       128
CTRIAX      915       0   99       129       128
CTRIAX      916       0   29       128       93
CTRIAX      917       1   29       93       129
CTRIAX      918       0   93       128       129
CTRIAX      919       0   9       164       10
CTRIAX      920       0   9       106       164
CTRIAX      921       0   9       10       106
CTRIAX      922       9   10       164       106
CTRIAX      923       0   29       94       30
CTRIAX      924       0   29       240       94
CTRIAX      925       0   29       30       240
CTRIAX      926       9   30       94       240
CTRIAX      927       0   29       110       109
CTRIAX      928       0   29       240       110
CTRIAX      929       0   29       109       240
CTRIAX      930       0   109       110       240
CTRIAX      931       0   29       100       67
CTRIAX      932       0   29       68       100
CTRIAX      933       0   29       67       68
CTRIAX      934       0   67       100       68
CTRIAX      935       0   29       94       93
CTRIAX      936       0   29       128       94
CTRIAX      937       0   93       94       128
CTRIAX      938       0   239       160       221
CTRIAX      939       0   239       220       160
CTRIAX      940       0   239       221       220
CTRIAX      941       0   221       160       220
CTRIAX      942       1   29       111       109
CTRIAX      943       0   29       112       111
CTRIAX      944       0   29       109       112
CTRIAX      945       0   109       111       112
CTRIAX      946       1   31       73       55
CTRIAX      947       0   31       74       73
CTRIAX      948       0   31       55       74
CTRIAX      949       0   55       73       74
CTRIAX      950       0   31       96       55
CTRIAX      951       0   31       95       96
CTRIAX      952       1   31       55       95
CTRIAX      953       0   55       96       95
CTRIAX      954       0   33       114       122
CTRIAX      955       0   33       123       114
CTRIAX      956       3   123       122       114
CTRIAX      957       0   33       204       34
CTRIAX      958       0   33       92       204
CTRIAX      959       0   33       34       92
CTRIAX      960       9   34       204       92
CTRIAX      961       1   33       123       115
CTRIAX      962       3   123       114       115
CTRIAX      963       0   33       86       85
CTRIAX      964       0   33       92       86
CTRIAX      965       0   33       85       92
CTRIAX      966       5   85       86       92
CTRIAX      967       0   33       86       114
CTRIAX      968       5   85       114       86
CTRIAX      969       1   35       229       81
CTRIAX      970       0   35       228       229
CTRIAX      971       0   35       81       228
CTRIAX      972       0   81       229       228
CTRIAX      973       0   35       228       61
CTRIAX      974       1   35       61       229
CTRIAX      975       4   61       228       229
CTRIAX      976       0   35       62       61
CTRIAX      977       0   35       228       62
CTRIAX      978       4   61       62       228
CTRIAX      979       0   33       91       92
CTRIAX      980       1   33       85       91
CTRIAX      981       5   85       92       91
CTRIAX      982       0   35       152       61
CTRIAX      983       0   35       62       152
CTRIAX      984       4   61       152       62
CTRIAX      985       0   35       62       36
CTRIAX      986       0   35       36       152
CTRIAX      987       9   36       62       152
CTRIAX      988       0   29       222       68
CTRIAX      989       0   29       67       222
CTRIAX      990       0   67       68       222
CTRIAX      991       1   35       153       61
CTRIAX      992       0   35       152       153
CTRIAX      993       4   61       153       152
CTRIAX      994       0   35       152       47
CTRIAX      995       1   35       47       153
CTRIAX      996       0   47       152       153
CTRIAX      997       0   17       170       18
CTRIAX      998       0   17       154       170
CTRIAX      999       0   17       18       154
CTRIAX      1000       9   18       170       154
CTRIAX      1001       0   37       210       38
CTRIAX      1002       0   37       186       210
CTRIAX      1003       0   37       38       186
CTRIAX      1004       9   38       210       186
CTRIAX      1005       0   37       216       186
CTRIAX      1006       0   37       38       216
CTRIAX      1007       9   38       186       216
CTRIAX      1008       0   37       186       211
CTRIAX      1009       0   211       186       210
CTRIAX      1010       0   37       204       216
CTRIAX      1011       0   37       38       204
CTRIAX      1012       9   38       216       204
CTRIAX      1013       0   17       44       18
CTRIAX      1014       0   17       18       80
CTRIAX      1015       9   18       44       80
CTRIAX      1016       0   171       154       170
CTRIAX      1017       0   37       204       43
CTRIAX      1018       0   37       205       204
CTRIAX      1019       1   37       43       205
CTRIAX      1020       0   43       204       205
CTRIAX      1021       0   39       200       77
CTRIAX      1022       0   39       201       200
CTRIAX      1023       1   39       77       201
CTRIAX      1024       0   77       200       201
CTRIAX      1025       0   5       208       6
CTRIAX      1026       0   5       180       208
CTRIAX      1027       0   5       6       180
CTRIAX      1028       9   6       208       180
CTRIAX      1029       9   6       66       208
CTRIAX      1030       0   5       198       199
CTRIAX      1031       0   5       199       174
CTRIAX      1032       0   199       198       174
CTRIAX      1033       0   39       78       77
CTRIAX      1034       0   39       200       78
CTRIAX      1035       0   77       78       200
CTRIAX      1036       0   41       196       79
CTRIAX      1037       1   41       79       197
CTRIAX      1038       0   79       196       197
CTRIAX      1039       1   39       189       215
CTRIAX      1040       0   39       188       189
CTRIAX      1041       0   39       215       188
CTRIAX      1042       0   41       80       43
CTRIAX      1043       0   41       79       80
CTRIAX      1044       1   41       43       79
CTRIAX      1045       0   43       80       79
CTRIAX      1046       0   33       91       204
CTRIAX      1047       0   91       92       204
CTRIAX      1048       1   33       43       41
CTRIAX      1049       0   33       44       43
CTRIAX      1050       0   33       41       44
CTRIAX      1051       0   41       43       44
CTRIAX      1052       0   33       44       34
CTRIAX      1053       0   33       204       44
CTRIAX      1054       9   34       44       204
CTRIAX      1055       0   11       34       33
CTRIAX      1056       0   11       42       34
CTRIAX      1057       0   11       33       42
CTRIAX      1058       0   33       34       42
CTRIAX      1059       0   33       86       34
CTRIAX      1060       0   33       34       114
CTRIAX      1061       9   34       86       114
CTRIAX      1062       0   17       20       154
CTRIAX      1063       9   18       154       20
CTRIAX      1064       0   41       80       44
CTRIAX      1065       0   37       44       204
CTRIAX      1066       0   37       38       44
CTRIAX      1067       9   38       204       44
CTRIAX      1068       0   35       82       228
CTRIAX      1069       0   35       81       82
CTRIAX      1070       0   81       228       82
CTRIAX      1071       0   5       214       180
CTRIAX      1072       0   5       6       214
CTRIAX      1073       9   6       180       214
CTRIAX      1074       0   35       48       36
CTRIAX      1075       0   35       146       48
CTRIAX      1076       0   35       36       146
CTRIAX      1077       9   36       48       146
CTRIAX      1078       0   35       202       82
CTRIAX      1079       0   35       81       202
CTRIAX      1080       0   81       82       202
CTRIAX      1081       0   35       46       36
CTRIAX      1082       0   35       202       46
CTRIAX      1083       0   35       36       202
CTRIAX      1084       9   36       46       202
CTRIAX      1085       0   21       124       127
CTRIAX      1086       0   21       125       124
CTRIAX      1087       1   21       127       125
CTRIAX      1088       0   127       124       125
CTRIAX      1089       0   35       203       202
CTRIAX      1090       1   35       81       203
CTRIAX      1091       0   81       202       203
CTRIAX      1092       0   51       166       53
CTRIAX      1093       1   51       53       167
CTRIAX      1094       0   53       166       167
CTRIAX      1095       0   51       54       53
CTRIAX      1096       0   51       166       54
CTRIAX      1097       0   53       54       166
CTRIAX      1098       1   21       57       121
CTRIAX      1099       4   57       120       121
CTRIAX      1100       0   217       186       216
CTRIAX      1101       0   217       206       186
CTRIAX      1102       0   217       216       206
CTRIAX      1103       9   216       186       206
CTRIAX      1104       0   83       136       84
CTRIAX      1105       0   83       104       136
CTRIAX      1106       0   83       84       104
CTRIAX      1107       9   84       136       104
CTRIAX      1108       0   51       98       53
CTRIAX      1109       0   51       54       98
CTRIAX      1110       0   53       98       54
CTRIAX      1111       0   13       22       21
CTRIAX      1112       0   13       166       22
CTRIAX      1113       0   53       68       54
CTRIAX      1114       0   53       222       68
CTRIAX      1115       0   53       54       222
CTRIAX      1116       9   54       68       222
CTRIAX      1117       0   53       140       97
CTRIAX      1118       0   53       141       140
CTRIAX      1119       1   53       97       141
CTRIAX      1120       6   97       140       141
CTRIAX      1121       0   13       100       68
CTRIAX      1122       0   13       67       100
CTRIAX      1123       0   47       236       48
CTRIAX      1124       0   47       226       236
CTRIAX      1125       0   47       48       226
CTRIAX      1126       9   48       236       226
CTRIAX      1127       0   81       224       82
CTRIAX      1128       0   81       234       224
CTRIAX      1129       0   81       82       234
CTRIAX      1130       9   82       224       234
CTRIAX      1131       0   13       166       53
CTRIAX      1132       0   13       53       54
CTRIAX      1133       0   13       22       14
CTRIAX      1134       0   13       126       22
CTRIAX      1135       0   13       14       126
CTRIAX      1136       9   14       22       126
CTRIAX      1137       0   55       96       93
CTRIAX      1138       1   55       93       95
CTRIAX      1139       0   93       96       95
CTRIAX      1140       0   31       56       55
CTRIAX      1141       0   31       96       56
CTRIAX      1142       0   55       56       96
CTRIAX      1143       0   55       128       56
CTRIAX      1144       0   55       168       128
CTRIAX      1145       0   55       56       168
CTRIAX      1146       9   56       128       168
CTRIAX      1147       0   55       90       168
CTRIAX      1148       0   55       56       90
CTRIAX      1149       9   56       168       90
CTRIAX      1150       0   55       102       73
CTRIAX      1151       0   55       101       102
CTRIAX      1152       1   55       73       101
CTRIAX      1153       0   73       102       101
CTRIAX      1154       0   55       128       93
CTRIAX      1155       0   55       94       128
CTRIAX      1156       0   55       93       94
CTRIAX      1157       0   21       24       120
CTRIAX      1158       6   23       120       24
CTRIAX      1159       0   51       54       52
CTRIAX      1160       6   51       52       98
CTRIAX      1161       9   52       54       98
CTRIAX      1162       1   21       125       57
CTRIAX      1163       0   21       57       124
CTRIAX      1164       4   57       125       124
CTRIAX      1165       0   21       24       22
CTRIAX      1166       9   22       24       120
CTRIAX      1167       0   19       242       130
CTRIAX      1168       9   20       130       242
CTRIAX      1169       0   31       130       113
CTRIAX      1170       0   31       242       130
CTRIAX      1171       0   31       113       242
CTRIAX      1172       0   113       130       242
CTRIAX      1173       0   31       70       69
CTRIAX      1174       0   31       218       70
CTRIAX      1175       0   31       69       218
CTRIAX      1176       0   69       70       218
CTRIAX      1177       0   71       196       72
CTRIAX      1178       0   71       212       196
CTRIAX      1179       3   71       72       212
CTRIAX      1180       9   72       196       212
CTRIAX      1181       0   59       210       232
CTRIAX      1182       0   59       60       210
CTRIAX      1183       9   60       232       210
CTRIAX      1184       0   31       96       32
CTRIAX      1185       0   31       32       56
CTRIAX      1186       9   32       96       56
CTRIAX      1187       1   59       183       69
CTRIAX      1188       0   59       182       183
CTRIAX      1189       0   59       69       182
CTRIAX      1190       0   69       183       182
CTRIAX      1191       0   59       69       70
CTRIAX      1192       0   69       182       70
CTRIAX      1193       1   47       147       227
CTRIAX      1194       0   47       146       147
CTRIAX      1195       0   47       227       146
CTRIAX      1196       0   227       147       146
CTRIAX      1197       0   47       152       48
CTRIAX      1198       0   47       116       152
CTRIAX      1199       0   47       48       116
CTRIAX      1200       9   48       152       116
CTRIAX      1201       0   63       182       69
CTRIAX      1202       0   63       183       182
CTRIAX      1203       1   63       69       183
CTRIAX      1204       1   9       143       63
CTRIAX      1205       0   63       143       142
CTRIAX      1206       0   45       64       46
CTRIAX      1207       0   45       218       64
CTRIAX      1208       0   45       46       218
CTRIAX      1209       9   46       64       218
CTRIAX      1210       0   83       136       199
CTRIAX      1211       0   83       198       136
CTRIAX      1212       0   83       199       198
CTRIAX      1213       0   199       136       198
CTRIAX      1214       0   45       202       219
CTRIAX      1215       0   45       218       202
CTRIAX      1216       0   45       219       218
CTRIAX      1217       0   219       202       218
CTRIAX      1218       1   63       219       69
CTRIAX      1219       0   63       218       219
CTRIAX      1220       0   63       69       218
CTRIAX      1221       0   69       219       218
CTRIAX      1222       0   9       182       63
CTRIAX      1223       0   9       183       182
CTRIAX      1224       1   9       63       183
CTRIAX      1225       0   45       142       63
CTRIAX      1226       0   45       143       142
CTRIAX      1227       1   45       63       143
CTRIAX      1228       0   35       146       47
CTRIAX      1229       0   35       47       48
CTRIAX      1230       0   47       146       48
CTRIAX      1231       0   63       70       69
CTRIAX      1232       0   63       182       70
CTRIAX      1233       0   39       78       40
CTRIAX      1234       0   39       190       78
CTRIAX      1235       9   40       78       190
CTRIAX      1236       0   5       175       174
CTRIAX      1237       1   5       199       175
CTRIAX      1238       0   199       174       175
CTRIAX      1239       0   65       134       66
CTRIAX      1240       0   65       184       134
CTRIAX      1241       0   65       66       184
CTRIAX      1242       9   66       134       184
CTRIAX      1243       0   65       134       185
CTRIAX      1244       1   65       185       135
CTRIAX      1245       3   185       134       135
CTRIAX      1246       0   53       222       67
CTRIAX      1247       1   53       223       67
CTRIAX      1248       0   53       222       223
CTRIAX      1249       0   67       223       222
CTRIAX      1250       1   13       167       53
CTRIAX      1251       0   13       68       14
CTRIAX      1252       0   13       54       68
CTRIAX      1253       9   14       68       54
CTRIAX      1254       0   13       158       231
CTRIAX      1255       0   13       230       158
CTRIAX      1256       0   13       231       230
CTRIAX      1257       0   231       158       230
CTRIAX      1258       0   13       158       99
CTRIAX      1259       0   13       159       158
CTRIAX      1260       1   13       99       159
CTRIAX      1261       0   99       158       159
CTRIAX      1262       0   59       210       233
CTRIAX      1263       0   59       233       232
CTRIAX      1264       0   233       210       232
CTRIAX      1265       0   63       70       218
CTRIAX      1266       1   31       113       59
CTRIAX      1267       0   31       59       242
CTRIAX      1268       0   59       113       242
CTRIAX      1269       0   47       236       237
CTRIAX      1270       0   47       116       236
CTRIAX      1271       0   47       237       116
CTRIAX      1272       5   237       236       116
CTRIAX      1273       1   19       145       161
CTRIAX      1274       0   19       144       145
CTRIAX      1275       0   19       161       144
CTRIAX      1276       1   59       139       211
CTRIAX      1277       0   59       138       139
CTRIAX      1278       0   59       211       138
CTRIAX      1279       0   45       64       63
CTRIAX      1280       0   45       142       64
CTRIAX      1281       0   31       60       59
CTRIAX      1282       0   31       70       60
CTRIAX      1283       0   31       59       70
CTRIAX      1284       0   71       176       103
CTRIAX      1285       3   71       177       176
CTRIAX      1286       1   71       103       177
CTRIAX      1287       0   103       176       177
CTRIAX      1288       0   71       104       103
CTRIAX      1289       0   71       176       104
CTRIAX      1290       0   103       104       176
CTRIAX      1291       0   71       104       72
CTRIAX      1292       0   71       148       104
CTRIAX      1293       0   71       72       148
CTRIAX      1294       9   72       104       148
CTRIAX      1295       0   71       148       103
CTRIAX      1296       0   103       148       104
CTRIAX      1297       0   31       218       32
CTRIAX      1298       0   31       32       70
CTRIAX      1299       9   32       218       70
CTRIAX      1300       0   59       233       182
CTRIAX      1301       0   55       102       56
CTRIAX      1302       0   55       74       102
CTRIAX      1303       0   55       56       74
CTRIAX      1304       9   56       102       74
CTRIAX      1305       0   73       102       74
CTRIAX      1306       0   73       202       102
CTRIAX      1307       0   73       74       202
CTRIAX      1308       9   74       102       202
CTRIAX      1309       0   31       60       32
CTRIAX      1310       0   31       242       60
CTRIAX      1311       0   31       32       242
CTRIAX      1312       9   32       60       242
CTRIAX      1313       1   73       203       101
CTRIAX      1314       0   73       202       203
CTRIAX      1315       0   73       101       202
CTRIAX      1316       0   101       203       202
CTRIAX      1317       0   73       218       219
CTRIAX      1318       0   73       202       218
CTRIAX      1319       0   73       219       202
CTRIAX      1320       0   31       130       95
CTRIAX      1321       0   31       131       130
CTRIAX      1322       1   31       95       131
CTRIAX      1323       0   95       130       131
CTRIAX      1324       0   9       76       10
CTRIAX      1325       0   9       10       132
CTRIAX      1326       9   10       76       132
CTRIAX      1327       0   75       186       207
CTRIAX      1328       0   75       206       186
CTRIAX      1329       5   75       207       206
CTRIAX      1330       0   207       186       206
CTRIAX      1331       0   75       132       187
CTRIAX      1332       0   75       186       132
CTRIAX      1333       0   75       187       186
CTRIAX      1334       0   187       132       186
CTRIAX      1335       5   75       206       76
CTRIAX      1336       0   75       76       186
CTRIAX      1337       9   76       206       186
CTRIAX      1338       0   77       112       109
CTRIAX      1339       0   77       111       112
CTRIAX      1340       1   77       109       111
CTRIAX      1341       1   1       191       221
CTRIAX      1342       0   1       190       191
CTRIAX      1343       0   1       221       190
CTRIAX      1344       0   221       191       190
CTRIAX      1345       0   1       78       110
CTRIAX      1346       0   1       77       78
CTRIAX      1347       0   77       110       78
CTRIAX      1348       0   1       190       78
CTRIAX      1349       0   1       77       190
CTRIAX      1350       0   77       78       190
CTRIAX      1351       0   77       112       110
CTRIAX      1352       0   109       110       112
CTRIAX      1353       0   77       200       112
CTRIAX      1354       0   77       111       200
CTRIAX      1355       0   111       112       200
CTRIAX      1356       0   77       112       78
CTRIAX      1357       9   78       112       110
CTRIAX      1358       0   79       148       171
CTRIAX      1359       0   79       149       148
CTRIAX      1360       1   79       171       149
CTRIAX      1361       0   171       148       149
CTRIAX      1362       1   13       159       231
CTRIAX      1363       0   17       38       18
CTRIAX      1364       0   17       44       38
CTRIAX      1365       9   18       38       44
CTRIAX      1366       0   41       196       80
CTRIAX      1367       0   79       80       196
CTRIAX      1368       0   79       148       80
CTRIAX      1369       0   79       170       148
CTRIAX      1370       9   80       148       170
CTRIAX      1371       0   25       180       49
CTRIAX      1372       0   25       50       180
CTRIAX      1373       6   25       49       50
CTRIAX      1374       0   49       180       50
CTRIAX      1375       1   81       229       235
CTRIAX      1376       0   81       235       228
CTRIAX      1377       4   235       229       228
CTRIAX      1378       0   81       224       235
CTRIAX      1379       0   81       225       224
CTRIAX      1380       1   81       235       225
CTRIAX      1381       1   47       227       237
CTRIAX      1382       0   47       226       227
CTRIAX      1383       0   47       237       226
CTRIAX      1384       5   237       227       226
CTRIAX      1385       0   35       46       146
CTRIAX      1386       9   36       146       46
CTRIAX      1387       0   81       224       101
CTRIAX      1388       0   81       102       224
CTRIAX      1389       0   81       101       102
CTRIAX      1390       0   101       224       102
CTRIAX      1391       0   81       234       235
CTRIAX      1392       0   235       234       224
CTRIAX      1393       0   31       218       73
CTRIAX      1394       0   31       74       218
CTRIAX      1395       0   73       218       74
CTRIAX      1396       0   81       228       234
CTRIAX      1397       9   82       234       228
CTRIAX      1398       0   81       102       82
CTRIAX      1399       9   82       102       224
CTRIAX      1400       0   83       134       199
CTRIAX      1401       3   83       135       134
CTRIAX      1402       1   83       199       135
CTRIAX      1403       0   33       204       43
CTRIAX      1404       0   43       204       44
CTRIAX      1405       0   53       222       87
CTRIAX      1406       1   53       87       223
CTRIAX      1407       0   87       222       223
CTRIAX      1408       0   53       140       87
CTRIAX      1409       0   53       88       140
CTRIAX      1410       0   53       87       88
CTRIAX      1411       0   87       140       88
CTRIAX      1412       0   53       222       88
CTRIAX      1413       0   87       88       222
CTRIAX      1414       0   87       108       107
CTRIAX      1415       0   87       194       108
CTRIAX      1416       0   87       107       194
CTRIAX      1417       0   107       108       194
CTRIAX      1418       0   13       230       14
CTRIAX      1419       9   14       230       158
CTRIAX      1420       0   53       88       54
CTRIAX      1421       0   53       54       140
CTRIAX      1422       9   54       88       140
CTRIAX      1423       0   89       224       101
CTRIAX      1424       0   89       225       224
CTRIAX      1425       1   89       101       225
CTRIAX      1426       0   101       224       225
CTRIAX      1427       0   55       128       169
CTRIAX      1428       0   55       129       128
CTRIAX      1429       1   55       169       129
CTRIAX      1430       0   169       128       129
CTRIAX      1431       0   55       102       90
CTRIAX      1432       9   56       90       102
CTRIAX      1433       0   89       192       90
CTRIAX      1434       0   89       224       192
CTRIAX      1435       0   89       90       224
CTRIAX      1436       9   90       192       224
CTRIAX      1437       0   27       168       89
CTRIAX      1438       0   27       89       90
CTRIAX      1439       0   89       168       90
CTRIAX      1440       0   89       225       192
CTRIAX      1441       0   91       204       217
CTRIAX      1442       0   91       205       204
CTRIAX      1443       1   91       217       205
CTRIAX      1444       0   217       204       205
CTRIAX      1445       0   33       205       204
CTRIAX      1446       1   33       91       205
CTRIAX      1447       0   29       110       30
CTRIAX      1448       0   29       112       110
CTRIAX      1449       0   29       30       112
CTRIAX      1450       9   30       110       112
CTRIAX      1451       0   93       130       94
CTRIAX      1452       0   93       240       130
CTRIAX      1453       0   93       94       240
CTRIAX      1454       9   94       130       240
CTRIAX      1455       0   93       130       95
CTRIAX      1456       0   93       96       130
CTRIAX      1457       0   95       130       96
CTRIAX      1458       0   29       222       30
CTRIAX      1459       0   29       30       68
CTRIAX      1460       9   30       222       68
CTRIAX      1461       0   29       128       30
CTRIAX      1462       9   30       128       94
CTRIAX      1463       0   93       96       94
CTRIAX      1464       9   94       96       130
CTRIAX      1465       0   55       94       56
CTRIAX      1466       9   56       94       128
CTRIAX      1467       1   93       131       95
CTRIAX      1468       0   93       130       131
CTRIAX      1469       1   73       219       203
CTRIAX      1470       0   219       202       203
CTRIAX      1471       0   31       74       32
CTRIAX      1472       9   32       74       218
CTRIAX      1473       0   55       90       89
CTRIAX      1474       0   55       89       168
CTRIAX      1475       0   87       222       111
CTRIAX      1476       1   87       111       223
CTRIAX      1477       0   111       222       223
CTRIAX      1478       0   13       126       230
CTRIAX      1479       0   13       231       126
CTRIAX      1480       0   227       142       146
CTRIAX      1481       0   227       147       142
CTRIAX      1482       0   147       146       142
CTRIAX      1483       1   87       141       107
CTRIAX      1484       0   87       140       141
CTRIAX      1485       0   87       107       140
CTRIAX      1486       6   107       141       140
CTRIAX      1487       0   99       158       169
CTRIAX      1488       1   99       169       159
CTRIAX      1489       0   169       158       159
CTRIAX      1490       0   29       240       93
CTRIAX      1491       9   14       166       22
CTRIAX      1492       9   54       222       88
CTRIAX      1493       0   21       126       22
CTRIAX      1494       0   99       158       100
CTRIAX      1495       0   99       168       158
CTRIAX      1496       0   99       100       168
CTRIAX      1497       9   100       158       168
CTRIAX      1498       0   29       241       240
CTRIAX      1499       1   29       109       241
CTRIAX      1500       1   31       219       73
CTRIAX      1501       0   31       218       219
CTRIAX      1502       1   31       131       113
CTRIAX      1503       0   7       124       127
CTRIAX      1504       0   7       126       124
CTRIAX      1505       0   127       124       126
CTRIAX      1506       1   83       177       103
CTRIAX      1507       3   83       176       177
CTRIAX      1508       0   83       103       176
CTRIAX      1509       3   71       212       213
CTRIAX      1510       0   71       213       196
CTRIAX      1511       0   103       170       173
CTRIAX      1512       0   103       172       170
CTRIAX      1513       0   103       173       172
CTRIAX      1514       0   173       170       172
CTRIAX      1515       0   103       170       104
CTRIAX      1516       0   103       148       170
CTRIAX      1517       9   104       170       148
CTRIAX      1518       1   103       171       173
CTRIAX      1519       0   103       170       171
CTRIAX      1520       0   173       171       170
CTRIAX      1521       1   103       149       171
CTRIAX      1522       0   103       148       149
CTRIAX      1523       0   103       171       148
CTRIAX      1524       0   9       142       10
CTRIAX      1525       9   10       142       164
CTRIAX      1526       0   9       106       76
CTRIAX      1527       0   9       75       106
CTRIAX      1528       5   75       76       106
CTRIAX      1529       1   53       141       87
CTRIAX      1530       0   235       234       192
CTRIAX      1531       9   234       224       192
CTRIAX      1532       0   25       209       180
CTRIAX      1533       0   209       208       180
CTRIAX      1534       0   87       194       111
CTRIAX      1535       0   87       112       194
CTRIAX      1536       0   87       111       112
CTRIAX      1537       0   111       194       112
CTRIAX      1538       1   107       179       189
CTRIAX      1539       6   107       178       179
CTRIAX      1540       0   107       189       178
CTRIAX      1541       0   107       188       194
CTRIAX      1542       0   107       108       188
CTRIAX      1543       9   108       194       188
CTRIAX      1544       0   1       160       221
CTRIAX      1545       0   1       161       160
CTRIAX      1546       1   1       221       161
CTRIAX      1547       0   221       160       161
CTRIAX      1548       1   29       99       67
CTRIAX      1549       0   29       100       99
CTRIAX      1550       0   67       99       100
CTRIAX      1551       0   1       220       190
CTRIAX      1552       0   1       221       220
CTRIAX      1553       0   221       190       220
CTRIAX      1554       0   87       112       88
CTRIAX      1555       0   87       88       194
CTRIAX      1556       9   88       112       194
CTRIAX      1557       0   87       108       88
CTRIAX      1558       0   87       140       108
CTRIAX      1559       9   88       108       140
CTRIAX      1560       0   111       188       201
CTRIAX      1561       0   111       200       188
CTRIAX      1562       0   111       201       200
CTRIAX      1563       0   201       188       200
CTRIAX      1564       0   111       194       195
CTRIAX      1565       0   111       188       194
CTRIAX      1566       0   111       195       188
CTRIAX      1567       0   195       194       188
CTRIAX      1568       0   111       189       188
CTRIAX      1569       1   111       195       189
CTRIAX      1570       0   195       188       189
CTRIAX      1571       0   111       188       112
CTRIAX      1572       9   112       188       194
CTRIAX      1573       9   78       200       112
CTRIAX      1574       9   112       200       188
CTRIAX      1575       0   19       60       59
CTRIAX      1576       0   19       59       242
CTRIAX      1577       0   59       60       242
CTRIAX      1578       0   19       138       60
CTRIAX      1579       9   20       60       138
CTRIAX      1580       0   19       138       59
CTRIAX      1581       0   59       138       60
CTRIAX      1582       0   31       32       130
CTRIAX      1583       9   32       242       130
CTRIAX      1584       0   1       130       145
CTRIAX      1585       0   1       131       130
CTRIAX      1586       1   1       145       131
CTRIAX      1587       0   1       110       240
CTRIAX      1588       1   1       77       191
CTRIAX      1589       0   77       190       191
CTRIAX      1590       0   1       240       2
CTRIAX      1591       0   1       130       240
CTRIAX      1592       9   2       240       130
CTRIAX      1593       0   1       2       190
CTRIAX      1594       9   2       220       190
CTRIAX      1595       0   239       174       191
CTRIAX      1596       0   239       175       174
CTRIAX      1597       1   239       191       175
CTRIAX      1598       0   191       174       175
CTRIAX      1599       0   239       190       221
CTRIAX      1600       0   239       191       190
CTRIAX      1601       1   239       221       191
CTRIAX      1602       0   239       172       173
CTRIAX      1603       0   239       160       172
CTRIAX      1604       0   239       173       160
CTRIAX      1605       0   173       172       160
CTRIAX      1606       0   239       161       160
CTRIAX      1607       1   239       173       161
CTRIAX      1608       0   173       160       161
CTRIAX      1609       0   239       160       238
CTRIAX      1610       0   239       238       172
CTRIAX      1611       9   238       160       172
CTRIAX      1612       0   103       172       238
CTRIAX      1613       0   103       104       172
CTRIAX      1614       9   104       238       172
CTRIAX      1615       0   239       190       220
CTRIAX      1616       1   239       175       199
CTRIAX      1617       0   239       199       174
CTRIAX      1618       1   75       187       207
CTRIAX      1619       0   207       187       186
CTRIAX      1620       0   239       198       199
CTRIAX      1621       0   239       136       198
CTRIAX      1622       0   239       199       136
CTRIAX      1623       0   47       116       153
CTRIAX      1624       4   153       116       152
CTRIAX      1625       9   48       116       236
CTRIAX      1626       1   35       147       47
CTRIAX      1627       0   35       146       147
CTRIAX      1628       0   35       36       82
CTRIAX      1629       9   36       202       82
CTRIAX      1630       0   19       242       113
CTRIAX      1631       1   235       157       193
CTRIAX      1632       4   235       156       157
CTRIAX      1633       0   235       193       156
CTRIAX      1634       0   47       146       226
CTRIAX      1635       9   48       226       146
CTRIAX      1636       1   235       193       225
CTRIAX      1637       0   235       192       193
CTRIAX      1638       0   225       193       192
CTRIAX      1639       0   19       154       20
CTRIAX      1640       0   19       160       154
CTRIAX      1641       9   20       154       160
CTRIAX      1642       0   233       132       187
CTRIAX      1643       1   233       187       133
CTRIAX      1644       0   187       132       133
CTRIAX      1645       0   9       105       106
CTRIAX      1646       1   9       75       105
CTRIAX      1647       5   75       106       105
CTRIAX      1648       0   59       210       138
CTRIAX      1649       0   59       211       210
CTRIAX      1650       0   211       138       210
CTRIAX      1651       0   27       192       89
CTRIAX      1652       0   27       193       192
CTRIAX      1653       1   27       89       193
CTRIAX      1654       0   89       192       193
CTRIAX      1655       0   193       192       156
CTRIAX      1656       1   7       125       127
CTRIAX      1657       4   7       124       125
CTRIAX      1658       1   45       203       219
CTRIAX      1659       0   45       202       203
CTRIAX      1660       1   47       117       153
CTRIAX      1661       0   47       116       117
CTRIAX      1662       4   153       117       116
CTRIAX      1663       0   227       142       165
CTRIAX      1664       0   227       164       142
CTRIAX      1665       5   227       165       164
CTRIAX      1666       1   227       143       165
CTRIAX      1667       0   227       142       143
CTRIAX      1668       1   31       69       219
CTRIAX      1669       0   55       102       89
CTRIAX      1670       0   89       102       90
CTRIAX      1671       1   89       225       193
CTRIAX      1672       1   87       195       111
CTRIAX      1673       0   87       194       195
CTRIAX      1674       0   87       112       222
CTRIAX      1675       9   88       222       112
CTRIAX      1676       1   239       161       221
CTRIAX      1677       0   1       110       2
CTRIAX      1678       9   2       110       240
CTRIAX      1679       0   29       100       128
CTRIAX      1680       0   99       128       100
CTRIAX      1681       1   77       111       201
CTRIAX      1682       3   71       176       72
CTRIAX      1683       9   72       176       104
CTRIAX      1684       0   99       128       168
CTRIAX      1685       9   100       168       128
CTRIAX      1686       0   9       64       10
CTRIAX      1687       9   10       64       142
CTRIAX      1688       0   37       44       43
CTRIAX      1689       0   29       100       30
CTRIAX      1690       9   30       100       128
CTRIAX      1691       1   9       183       233
CTRIAX      1692       0   233       183       182
CTRIAX      1693       0   63       182       64
CTRIAX      1694       0   63       64       70
CTRIAX      1695       9   64       182       70
CTRIAX      1696       0   35       152       48
CTRIAX      1697       0   217       186       207
CTRIAX      1698       1   217       207       187
CTRIAX      1699       1   17       79       43
CTRIAX      1700       0   79       148       196
CTRIAX      1701       9   80       196       148
CTRIAX      1702       0   217       162       206
CTRIAX      1703       0   217       216       162
CTRIAX      1704       9   216       206       162
CTRIAX      1705       0   3       214       215
CTRIAX      1706       0   3       188       214
CTRIAX      1707       0   215       214       188
CTRIAX      1708       0   3       214       4
CTRIAX      1709       0   3       180       214
CTRIAX      1710       9   4       214       180
CTRIAX      1711       0   215       214       180
CTRIAX      1712       0   5       214       40
CTRIAX      1713       0   39       40       214
CTRIAX      1714       1   39       191       77
CTRIAX      1715       0   39       190       191
CTRIAX      1716       0   39       77       190
CTRIAX      1717       0   39       200       40
CTRIAX      1718       9   40       200       78
CTRIAX      1719       0   41       80       42
CTRIAX      1720       0   41       42       44
CTRIAX      1721       9   42       80       44
CTRIAX      1722       0   31       74       56
CTRIAX      1723       9   32       56       74
CTRIAX      1724       9   34       92       86
CTRIAX      1725       0   233       186       187
CTRIAX      1726       0   233       132       186
CTRIAX      1727       0   233       232       186
CTRIAX      1728       9   232       132       186
CTRIAX      1729       0   33       42       44
CTRIAX      1730       0   33       41       42
CTRIAX      1731       0   37       204       217
CTRIAX      1732       0   37       217       216
CTRIAX      1733       0   217       204       216
CTRIAX      1734       1   91       163       217
CTRIAX      1735       5   91       162       163
CTRIAX      1736       0   91       217       162
CTRIAX      1737       0   217       163       162
CTRIAX      1738       0   55       94       96
CTRIAX      1739       9   56       96       94
CTRIAX      1740       0   17       44       37
CTRIAX      1741       0   17       37       38
CTRIAX      1742       6   107       140       108
CTRIAX      1743       0   25       181       180
CTRIAX      1744       1   25       209       181
CTRIAX      1745       0   209       180       181
CTRIAX      1746       0   65       198       134
CTRIAX      1747       0   65       199       198
CTRIAX      1748       0   199       134       198
CTRIAX      1749       0   5       198       65
CTRIAX      1750       1   5       65       199
CTRIAX      1751       0   217       206       207
CTRIAX      1752       1   9       133       75
CTRIAX      1753       0   75       133       132
CTRIAX      1754       0   217       162       207
CTRIAX      1755       5   207       162       206
CTRIAX      1756       1   37       187       211
CTRIAX      1757       0   211       187       186
CTRIAX      1758       0   11       12       34
CTRIAX      1759       9   12       42       34
CTRIAX      1760       0   91       216       162
CTRIAX      1761       0   91       217       216
CTRIAX      1762       0   79       148       197
CTRIAX      1763       0   197       148       196
CTRIAX      1764       0   1       78       2
CTRIAX      1765       9   2       78       110
CTRIAX      1766       1   79       149       197
CTRIAX      1767       0   197       149       148
CTRIAX      1768       0   11       34       122
CTRIAX      1769       0   33       122       34
CTRIAX      1770       0   233       210       211
CTRIAX      1771       0   233       186       210
CTRIAX      1772       0   233       211       186
CTRIAX      1773       1   35       203       45
CTRIAX      1774       0   35       45       202
CTRIAX      1775       9   36       152       48
CTRIAX      1776       0   55       169       168
CTRIAX      1777       1   55       89       169
CTRIAX      1778       0   89       168       169
CTRIAX      1779       9   32       70       60
CTRIAX      1780       0   63       64       218
CTRIAX      1781       9   64       70       218
CTRIAX      1782       0   35       45       46
CTRIAX      1783       0   45       202       46
CTRIAX      1784       1   111       189       201
CTRIAX      1785       0   201       189       188
CTRIAX      1786       0   93       130       241
CTRIAX      1787       1   93       241       131
CTRIAX      1788       0   241       130       131
CTRIAX      1789       0   99       128       169
CTRIAX      1790       0   99       169       168
CTRIAX      1791       0   169       128       168
CTRIAX      1792       0   29       222       111
CTRIAX      1793       0   29       112       222
CTRIAX      1794       0   111       222       112
CTRIAX      1795       0   239       137       136
CTRIAX      1796       1   239       199       137
CTRIAX      1797       0   199       136       137
CTRIAX      1798       0   239       136       238
CTRIAX      1799       0   239       238       198
CTRIAX      1800       9   238       136       198
CTRIAX      1801       0   65       184       185
CTRIAX      1802       3   185       184       134
CTRIAX      1803       0   239       174       190
CTRIAX      1804       0   171       170       148
CTRIAX      1805       1   11       33       41
CTRIAX      1806       0   45       142       46
CTRIAX      1807       9   46       142       64
CTRIAX      1808       1   19       59       113
CTRIAX      1809       0   71       196       148
CTRIAX      1810       9   72       148       196
CTRIAX      1811       1   107       189       195
CTRIAX      1812       0   107       188       189
CTRIAX      1813       0   107       195       188
CTRIAX      1814       9   88       194       108
CTRIAX      1815       0   107       195       194
CTRIAX      1816       1   1       131       241
CTRIAX      1817       0   1       241       130
CTRIAX      1818       0   27       90       192
CTRIAX      1819       9   28       192       90
CTRIAX      1820       0   35       228       36
CTRIAX      1821       9   36       228       62
CTRIAX      1822       0   89       102       101
CTRIAX      1823       0   89       224       102
CTRIAX      1824       1   45       143       147
CTRIAX      1825       0   45       147       142
CTRIAX      1826       0   147       143       142
CTRIAX      1827       0   103       238       239
CTRIAX      1828       0   103       239       136
CTRIAX      1829       0   39       188       200
CTRIAX      1830       0   39       201       188
CTRIAX      1831       1   5       175       191
CTRIAX      1832       1   5       191       39
CTRIAX      1833       1   29       241       93
CTRIAX      1834       0   93       241       240
CTRIAX      1835       6   25       50       26
CTRIAX      1836       9   26       50       180
CTRIAX      1837       0   239       190       238
CTRIAX      1838       0   239       238       220
CTRIAX      1839       9   238       190       220
CTRIAX      1840       1   5       181       209
CTRIAX      1841       0   5       209       180
CTRIAX      1842       0   9       232       10
CTRIAX      1843       0   9       10       182
CTRIAX      1844       9   10       232       182
CTRIAX      1845       1   47       237       117
CTRIAX      1846       5   237       116       117
CTRIAX      1847       1   217       163       207
CTRIAX      1848       5   207       163       162
CTRIAX      1849       0   17       210       38
CTRIAX      1850       0   65       198       66
CTRIAX      1851       9   66       198       134
CTRIAX      1852       1   15       185       65
CTRIAX      1853       3   15       184       185
CTRIAX      1854       0   15       65       184
CTRIAX      1855       1   75       133       187
CTRIAX      1856       3   11       12       122
CTRIAX      1857       9   12       34       122
CTRIAX      1858       1   55       101       89
CTRIAX      1859       9   74       202       218
CTRIAX      1860       1   27       169       89
CTRIAX      1861       0   27       168       169
CTRIAX      1862       6   3       178       4
CTRIAX      1863       0   3       4       188
CTRIAX      1864       9   4       178       188
CTRIAX      1865       1   3       181       215
CTRIAX      1866       0   3       215       180
CTRIAX      1867       6   3       50       49
CTRIAX      1868       1   25       181       49
CTRIAX      1869       0   107       178       188
CTRIAX      1870       6   107       108       178
CTRIAX      1871       9   108       188       178
CTRIAX      1872       0   83       136       103
CTRIAX      1873       0   83       137       136
CTRIAX      1874       1   83       103       137
CTRIAX      1875       0   103       136       137
CTRIAX      1876       1   103       173       239
CTRIAX      1877       0   103       239       172
CTRIAX      1878       0   71       197       196
CTRIAX      1879       1   71       213       197
CTRIAX      1880       9   238       220       160
CTRIAX      1881       0   161       160       144
CTRIAX      1882       1   31       59       69
CTRIAX      1883       0   5       40       6
CTRIAX      1884       9   6       40       190
CTRIAX      1885       0   173       154       171
CTRIAX      1886       0   173       155       154
CTRIAX      1887       1   173       171       155
CTRIAX      1888       0   173       154       170
CTRIAX      1889       1   173       155       161
CTRIAX      1890       0   173       161       154
CTRIAX      1891       0   161       155       154
CTRIAX      1892       3   83       134       84
CTRIAX      1893       0   83       198       134
CTRIAX      1894       0   83       84       198
CTRIAX      1895       9   84       134       198
CTRIAX      1896       9   104       172       170
CTRIAX      1897       0   173       154       160
CTRIAX      1898       0   173       172       154
CTRIAX      1899       9   172       160       154
CTRIAX      1900       0   239       198       174
CTRIAX      1901       9   2       190       78
CTRIAX      1902       1   29       223       111
CTRIAX      1903       0   29       222       223
CTRIAX      1904       1   81       225       101
CTRIAX      1905       0   235       192       156
CTRIAX      1906       0   27       158       169
CTRIAX      1907       0   27       168       158
CTRIAX      1908       0   169       158       168
CTRIAX      1909       0   7       126       8
CTRIAX      1910       4   7       8       124
CTRIAX      1911       9   8       126       124
CTRIAX      1912       0   53       98       140
CTRIAX      1913       9   54       140       98
CTRIAX      1914       9   14       126       230
CTRIAX      1915       4   57       124       58
CTRIAX      1916       9   30       112       222
CTRIAX      1917       0   227       142       226
CTRIAX      1918       0   227       226       146
CTRIAX      1919       9   226       142       146
CTRIAX      1920       9   14       100       68
CTRIAX      1921       9   34       114       122
CTRIAX      1922       1   37       205       217
CTRIAX      1923       1   103       239       137
CTRIAX      1924       0   9       182       64
CTRIAX      1925       0   71       197       148
CTRIAX      1926       1   17       139       19
CTRIAX      1927       0   19       139       138
CTRIAX      1928       9   172       154       170
CTRIAX      1929       9   18       80       170
CTRIAX      1930       0   27       158       28
CTRIAX      1931       0   27       230       158
CTRIAX      1932       9   28       158       230
CTRIAX      1933       1   27       159       169
CTRIAX      1934       9   28       168       158
CTRIAX      1935       9   28       150       156
CTRIAX      1936       0   39       188       214
CTRIAX      1937       0   39       40       188
CTRIAX      1938       9   40       214       188
CTRIAX      1939       0   13       99       100
CTRIAX      1940       1   13       67       99
CTRIAX      1941       9   90       224       102
CTRIAX      1942       9   40       188       200
CTRIAX      1943       4   7       150       8
CTRIAX      1944       0   7       8       28
CTRIAX      1945       9   8       150       28
CTRIAX      1946       9   22       52       24
CTRIAX      1947       0   83       176       104
CTRIAX      1948       3   83       84       176
CTRIAX      1949       9   84       104       176
CTRIAX      1950       0   19       154       161
CTRIAX      1951       1   19       161       155
CTRIAX      1952       9   18       210       38
CTRIAX      1953       0   7       8       230
CTRIAX      1954       9   8       28       230
CTRIAX      1955       0   15       66       208
CTRIAX      1956       0   15       16       66
CTRIAX      1957       9   16       208       66
CTRIAX      1958       0   19       161       160
CTRIAX      1959       0   161       154       160
CTRIAX      1960       1   19       139       59
CTRIAX      1961       1   227       147       143
CTRIAX      1962       0   81       202       101
CTRIAX      1963       1   81       101       203
CTRIAX      1964       0   81       202       102
CTRIAX      1965       0   101       102       202
CTRIAX      1966       0   71       149       148
CTRIAX      1967       1   71       197       149
CTRIAX      1968       1   83       137       199
CTRIAX      1969       0   83       103       104
CTRIAX      1970       0   145       130       144
CTRIAX      1971       4   235       228       234
CTRIAX      1972       9   36       82       228
CTRIAX      1973       5   227       164       226
CTRIAX      1974       9   226       164       142
CTRIAX      1975       1   27       157       151
CTRIAX      1976       4   157       150       151
CTRIAX      1977       0   241       130       240
CTRIAX      1978       1   59       233       183
CTRIAX      1979       0   31       130       96
CTRIAX      1980       9   30       240       110
CTRIAX      1981       0   15       66       65
CTRIAX      1982       5   105       106       164
CTRIAX      1983       9   10       106       76
CTRIAX      1984       1   45       219       63
CTRIAX      1985       0   45       63       218
CTRIAX      1986       1   59       211       233
CTRIAX      1987       1   87       107       195
CTRIAX      1988       1   13       231       127
CTRIAX      1989       4   235       234       156
CTRIAX      1990       9   234       192       156
CTRIAX      1991       9   10       182       64
CTRIAX      1992       0   45       146       46
CTRIAX      1993       0   45       142       146
CTRIAX      1994       9   46       146       142
CTRIAX      1995       1   17       43       37
CTRIAX      1996       1   39       201       189
CTRIAX      1997       9   34       42       44
CTRIAX      1998       0   21       126       124
CTRIAX      1999       9   22       124       126
CTRIAX      2000       9   60       210       138
CTRIAX      2001       0   91       204       216
CTRIAX      2002       0   91       92       216
CTRIAX      2003       9   92       204       216
CTRIAX      2004       0   35       146       45
CTRIAX      2005       1   35       45       147
CTRIAX      2006       0   45       146       147
CTRIAX      2007       1   5       209       65
CTRIAX      2008       0   5       208       209
CTRIAX      2009       1   71       149       103
CTRIAX      2010       9   10       132       232
CTRIAX      2011       9   232       186       210
CTRIAX      2012       9   42       196       80
CTRIAX      2013       0   15       184       66
CTRIAX      2014       3   15       16       184
CTRIAX      2015       9   16       66       184
CTRIAX      2016       1   51       97       53
CTRIAX      2017       6   51       98       97
CTRIAX      2018       0   53       97       98
CTRIAX      2019       5   237       226       236
CTRIAX      2020       9   76       186       132
CTRIAX      2021       1   55       129       93
CTRIAX      2022       1   29       67       223
CTRIAX      2023       0   239       174       238
CTRIAX      2024       9   238       174       190
CTRIAX      2025       9   238       198       174
CTRIAX      2026       9   82       202       102
CTRIAX      2027       9   4       188       214
CTRIAX      2028       9   6       214       40
CTRIAX      2029       9   52       166       54
CTRIAX      2030       6   97       98       140
CTRIAX      2031       5   91       92       162
CTRIAX      2032       9   92       216       162
CTRIAX      2033       9   8       230       126
CTRIAX      2034       1   33       205       43
CTRIAX      2035       9   46       218       202
CTRIAX      2036       9   84       198       136
CTRIAX      2037       1   233       211       187
CTRIAX      2038       9   30       68       100
CTRIAX      2039       1   99       129       169
CTRIAX      2040       9   32       130       96
