450000 2000000 2400000 900000
10000  0.0 0.01 1 1 2
0  0  1  0  0  1  1  1  
0.111111111111  0.010101010101  0.878787878788  0.757575757576  0.30303030303  0.818181818182  0.20202020202  0.343434343434  
0.858585858586  0.505050505051  0.828282828283  0.464646464646  0  0.0707070707071  0  0.0808080808081  
0.767676767677  0.030303030303  0.0707070707071  0.727272727273  0.0606060606061  1  0.777777777778  0.646464646465  
0.555555555556  0.40404040404  0  0.424242424242  0.323232323232  0.929292929293  0.606060606061  0.515151515152  
0.151515151515  0.717171717172  0.444444444444  0.989898989899  0.0606060606061  0.737373737374  1  0.787878787879  
0.131313131313  0.666666666667  0.141414141414  0.40404040404  0.323232323232  0.777777777778  0.141414141414  0.939393939394  
0.727272727273  0.40404040404  0  0.262626262626  0.484848484848  0.717171717172  0.313131313131  0.383838383838  
0.0808080808081  0.525252525253  0.747474747475  0.212121212121  0.646464646465  0.585858585859  0.787878787879  0.121212121212  
0.585858585859  0.989898989899  0.494949494949  0.343434343434  0.282828282828  0.020202020202  0.545454545455  0.171717171717  
0.191919191919  0.666666666667  0.232323232323  0.363636363636  0.535353535354  0  0.30303030303  0.0606060606061  
0.919191919192  0.636363636364  0.282828282828  0.444444444444  0.121212121212  0.141414141414  0.191919191919  0.909090909091  
0.585858585859  0.333333333333  0.0808080808081  0.171717171717  0.171717171717  0.989898989899  0.848484848485  0.494949494949  
0  0.494949494949  0.343434343434  0.262626262626  0.212121212121  0.656565656566  0.131313131313  0.636363636364  
0.484848484848  0.424242424242  0.818181818182  0.969696969697  0.0808080808081  0.969696969697  0.343434343434  0.323232323232  
0.393939393939  0.030303030303  0.424242424242  0.656565656566  0.929292929293  0.292929292929  0.10101010101  0.191919191919  
0.989898989899  1  0.040404040404  0.636363636364  1  0.89898989899  0.353535353535  0.515151515152  
0.252525252525  0.0808080808081  0.272727272727  0.181818181818  0.69696969697  0.353535353535  0.181818181818  0.858585858586  
0.474747474747  0.808080808081  0.727272727273  0.141414141414  0  0.717171717172  0.262626262626  0.525252525253  
0.868686868687  0.262626262626  0  0.787878787879  0.212121212121  0.40404040404  0.494949494949  0.565656565657  
0.191919191919  0.606060606061  0.747474747475  0.676767676768  0.313131313131  0.262626262626  0.161616161616  0.707070707071  
0  0.818181818182  0.0808080808081  0.79797979798  0.808080808081  0.484848484848  0.494949494949  0.20202020202  
0.242424242424  0.818181818182  0.0909090909091  0.979797979798  0.737373737374  0.676767676768  0.838383838384  0.313131313131  
0.191919191919  0.444444444444  0.111111111111  0.939393939394  0.606060606061  0.747474747475  0.242424242424  0.686868686869  
0.454545454545  0.858585858586  0.454545454545  0.646464646465  0.262626262626  0.040404040404  0  0.969696969697  
0.212121212121  0.616161616162  0.191919191919  0.383838383838  0.818181818182  0.565656565657  0.515151515152  0.888888888889  
0.0808080808081  0.858585858586  0.747474747475  0.232323232323  0.666666666667  0.494949494949  0.333333333333  0.848484848485  
0.939393939394  0.747474747475  0.434343434343  0.191919191919  0.111111111111  0.656565656566  0.20202020202  0.767676767677  
0  0.272727272727  0.888888888889  0.212121212121  0.272727272727  0  0.949494949495  0.666666666667  
0.606060606061  0.040404040404  0.171717171717  0  0.0606060606061  0.353535353535  0.141414141414  0.030303030303  
0.010101010101  0.181818181818  0.666666666667  0.141414141414  0.616161616162  0.30303030303  0.484848484848  0.292929292929  
0.20202020202  0.878787878788  0.333333333333  0.545454545455  0.69696969697  0.585858585859  0.737373737374  0.787878787879  
0.313131313131  0.969696969697  0.121212121212  0.282828282828  0.888888888889  0.363636363636  0.79797979798  0.343434343434  
0.535353535354  0.525252525253  1  0.747474747475  0.676767676768  0.686868686869  0.383838383838  0.737373737374  
0.0808080808081  0.424242424242  0.414141414141  0.464646464646  0.444444444444  0.646464646465  0.858585858586  0.232323232323  
0.494949494949  0.707070707071  0.393939393939  0.10101010101  0.424242424242  0.040404040404  0.565656565657  0.89898989899  
0.313131313131  0.030303030303  0.626262626263  0.40404040404  0.010101010101  0.444444444444  0.929292929293  0.383838383838  
0.292929292929  0.494949494949  0.0505050505051  0.606060606061  0.69696969697  0.909090909091  0.434343434343  0.878787878788  
0.151515151515  0.959595959596  0.858585858586  0.868686868687  0.585858585859  0.323232323232  0  0.727272727273  
0.676767676768  0.111111111111  0.424242424242  0.020202020202  0.010101010101  0.565656565657  0.888888888889  0.949494949495  
0.838383838384  0.414141414141  0.434343434343  0.565656565657  0.323232323232  0.161616161616  0.434343434343  0.454545454545  
0.131313131313  0.929292929293  0.989898989899  0.818181818182  0.69696969697  0.717171717172  0.010101010101  0.656565656566  
0.858585858586  0.111111111111  0.757575757576  0.393939393939  0.313131313131  0.141414141414  0.575757575758  0.282828282828  
0.0909090909091  0.636363636364  0.494949494949  0.464646464646  0.010101010101  0.727272727273  0  0.0909090909091  
0.010101010101  0.747474747475  0.30303030303  0.151515151515  0.40404040404  0.848484848485  0.727272727273  0.585858585859  
0.010101010101  0.787878787879  0.010101010101  0.79797979798  0.212121212121  0.474747474747  0.020202020202  0.808080808081  
0.272727272727  0.989898989899  0.949494949495  0.010101010101  0.010101010101  0.848484848485  1  0.777777777778  
0.171717171717  0.828282828283  0.010101010101  0.878787878788  0.414141414141  0.59595959596  0.464646464646  0.515151515152  
0.010101010101  0.909090909091  0.464646464646  0.141414141414  0.030303030303  0.0909090909091  0.747474747475  0.505050505051  
0.484848484848  0.444444444444  0.414141414141  0.666666666667  0.292929292929  0.525252525253  0.575757575758  0.747474747475  
0.20202020202  0.616161616162  0.0707070707071  0.666666666667  0.919191919192  0  0.010101010101  0.313131313131  
0.323232323232  0.535353535354  0.69696969697  0.777777777778  0.212121212121  0.454545454545  0.313131313131  0.787878787879  
0.020202020202  0.0606060606061  0.89898989899  0.191919191919  0.010101010101  0.535353535354  0.141414141414  0.808080808081  
0.020202020202  0.10101010101  0.010101010101  0.69696969697  0.575757575758  0.292929292929  0.020202020202  0.131313131313  
0.252525252525  0.59595959596  0.747474747475  0.59595959596  0.020202020202  0.161616161616  0.111111111111  0.252525252525  
0.242424242424  0.878787878788  0.464646464646  0.858585858586  0.747474747475  0.79797979798  0.909090909091  0.494949494949  
0.181818181818  0.949494949495  0.878787878788  0.616161616162  0.010101010101  0.89898989899  0.606060606061  0.59595959596  
0.484848484848  0.282828282828  0.020202020202  0.272727272727  0.959595959596  0.373737373737  0.30303030303  0.181818181818  
0.747474747475  0.646464646465  0.292929292929  0.232323232323  0.10101010101  0.363636363636  0.545454545455  0.575757575758  
0.222222222222  0.727272727273  0.79797979798  0.737373737374  0.020202020202  0.363636363636  0.858585858586  0.969696969697  
0.757575757576  0.222222222222  0.616161616162  0.626262626263  0.555555555556  0.131313131313  0.323232323232  0.383838383838  
0.818181818182  0.171717171717  0.111111111111  0.30303030303  0.636363636364  0.121212121212  0.121212121212  0.242424242424  
0.333333333333  0.747474747475  0.848484848485  0.767676767677  0.707070707071  0.454545454545  0.686868686869  0.757575757576  
0.79797979798  0.181818181818  0.464646464646  0.494949494949  0.585858585859  0.939393939394  0.020202020202  0.535353535354  
0.181818181818  0.414141414141  0.252525252525  0.949494949495  0.212121212121  0.313131313131  0.313131313131  0.20202020202  
0.363636363636  0.575757575758  0.69696969697  0.0808080808081  0.373737373737  0.414141414141  0.313131313131  1  
0.454545454545  0.040404040404  0.646464646465  0.646464646465  0.020202020202  0.646464646465  0.020202020202  0.656565656566  
0.0909090909091  0.737373737374  0.464646464646  0.747474747475  0.373737373737  0.272727272727  0.909090909091  0.181818181818  
0.0808080808081  0.393939393939  0.030303030303  0.575757575758  0.818181818182  0  0.555555555556  0.555555555556  
0.707070707071  0.676767676768  0.020202020202  0.040404040404  0.363636363636  0.171717171717  0.565656565657  0.525252525253  
0.616161616162  0.424242424242  0.0808080808081  0.484848484848  0.828282828283  0.959595959596  0.646464646465  0.40404040404  
0.959595959596  0.161616161616  0.747474747475  0.121212121212  0.454545454545  0.484848484848  0.141414141414  0.333333333333  
0.020202020202  0.868686868687  0.636363636364  0.0909090909091  0.747474747475  0.949494949495  0.818181818182  0.0505050505051  
0.565656565657  0.353535353535  0.545454545455  0.767676767677  0.636363636364  0.565656565657  0.636363636364  0.585858585859  
0.252525252525  0.212121212121  0.272727272727  0.818181818182  0.111111111111  0.59595959596  0.838383838384  0.383838383838  
0.040404040404  0.69696969697  0.212121212121  0.777777777778  0  0.232323232323  0.979797979798  0.222222222222  
0.111111111111  0.393939393939  0.030303030303  0.030303030303  0.131313131313  0.959595959596  0.030303030303  0.0505050505051  
0.10101010101  0.636363636364  0.646464646465  0.929292929293  0.474747474747  0.353535353535  0.535353535354  0.373737373737  
0.636363636364  1  0.030303030303  0.111111111111  0.030303030303  0.121212121212  0.838383838384  0.020202020202  
0.030303030303  0.212121212121  0.686868686869  0.848484848485  0.585858585859  0.747474747475  0.939393939394  0.131313131313  
0.212121212121  0.373737373737  0.747474747475  0.474747474747  0.737373737374  0.606060606061  0.222222222222  0.10101010101  
0.121212121212  0.0505050505051  0.020202020202  0.747474747475  0.0707070707071  0.434343434343  0.353535353535  0.757575757576  
0.353535353535  0.747474747475  0.030303030303  0.272727272727  0.808080808081  0.010101010101  0.949494949495  0.151515151515  
0.313131313131  0.464646464646  0.868686868687  0.323232323232  0.868686868687  0.979797979798  0.909090909091  0.292929292929  
0.868686868687  0.737373737374  0.69696969697  0.111111111111  0.111111111111  0.484848484848  0.030303030303  0.373737373737  
0.808080808081  0.454545454545  0.323232323232  0.555555555556  0.444444444444  0.212121212121  0.030303030303  0.414141414141  
0.030303030303  0.424242424242  0.020202020202  0.494949494949  0.444444444444  0.343434343434  0.434343434343  0.30303030303  
0.141414141414  0.838383838384  0  0.414141414141  0.232323232323  0.030303030303  0.363636363636  0.868686868687  
0.151515151515  0.383838383838  0.646464646465  0.818181818182  0.030303030303  0.525252525253  0.888888888889  0.333333333333  
0.151515151515  0.272727272727  0.0808080808081  0.747474747475  0.959595959596  0.272727272727  0.121212121212  0.424242424242  
0.969696969697  0.787878787879  0.040404040404  1  0.828282828283  0.676767676768  0.868686868687  0.232323232323  
0.323232323232  0.0505050505051  0.626262626263  0.0707070707071  0.0707070707071  0.575757575758  0.676767676768  0.040404040404  
0.828282828283  0.222222222222  0.343434343434  0.282828282828  0.0505050505051  0.0909090909091  0.787878787879  0.707070707071  
0.010101010101  0.969696969697  1  0.212121212121  0.959595959596  0.575757575758  0.585858585859  0.353535353535  
0.20202020202  0.575757575758  0.20202020202  0.626262626263  0.909090909091  0.59595959596  0.434343434343  0.656565656566  
0.373737373737  0.606060606061  0.474747474747  0.585858585859  0.858585858586  0.353535353535  0.020202020202  0.89898989899  
0.919191919192  0.575757575758  0  0.737373737374  0.0606060606061  0.929292929293  0.737373737374  0.414141414141  
0.282828282828  0.636363636364  0.606060606061  0.010101010101  0.343434343434  0.727272727273  0.909090909091  0.919191919192  
0.929292929293  0.838383838384  0.616161616162  0.888888888889  0.030303030303  0.929292929293  0.676767676768  0.454545454545  
0.414141414141  0.040404040404  0.979797979798  0.272727272727  0.0606060606061  0.555555555556  0.555555555556  1  
0.828282828283  0.0909090909091  0.363636363636  0.707070707071  0.0808080808081  0.59595959596  0.919191919192  0.545454545455  
0.939393939394  0.686868686869  0.30303030303  0.30303030303  0.979797979798  0.888888888889  0.040404040404  0.0505050505051  
0.888888888889  0.868686868687  0.828282828283  0.272727272727  0.040404040404  0.0808080808081  0.474747474747  0.191919191919  
0.10101010101  0.616161616162  0.444444444444  0.40404040404  0.585858585859  0.515151515152  0.646464646465  0.242424242424  
0.282828282828  0.111111111111  0.191919191919  0.959595959596  0.20202020202  0.676767676768  0.040404040404  0.171717171717  
0.121212121212  0.131313131313  0.575757575758  0.434343434343  0.353535353535  0.252525252525  0.151515151515  0.464646464646  
0.757575757576  0.838383838384  0.868686868687  0.373737373737  0.646464646465  0.333333333333  0.767676767677  0.0606060606061  
0.747474747475  0.0808080808081  0.444444444444  0.727272727273  0.717171717172  0.40404040404  0.676767676768  0.868686868687  
0.969696969697  0.363636363636  0.292929292929  0.949494949495  0.232323232323  0.818181818182  0.646464646465  0.767676767677  
0.040404040404  0.343434343434  0.808080808081  0.69696969697  0.151515151515  0.161616161616  0.040404040404  0.373737373737  
0.535353535354  0.969696969697  0.818181818182  0.020202020202  0.414141414141  0.969696969697  0.040404040404  0.414141414141  
0.818181818182  0.949494949495  0.474747474747  0.343434343434  0.040404040404  0.444444444444  0.363636363636  0.111111111111  
0.333333333333  0.191919191919  0.707070707071  0.040404040404  0.828282828283  0.89898989899  0.040404040404  0.494949494949  
0.343434343434  0.636363636364  0.151515151515  0.424242424242  0.232323232323  0.383838383838  0.59595959596  0.353535353535  
0.505050505051  0.0505050505051  0.171717171717  0.212121212121  0.292929292929  0.787878787879  0.979797979798  0.676767676768  
1  0.262626262626  0.626262626263  0.868686868687  0.656565656566  0.434343434343  0.373737373737  0.909090909091  
0.666666666667  0  0.525252525253  0.555555555556  0.717171717172  0.020202020202  0.363636363636  0.010101010101  
0.444444444444  0.282828282828  0.393939393939  0.242424242424  0.929292929293  0.717171717172  0.656565656566  0.656565656566  
0.787878787879  0.434343434343  0.040404040404  0.717171717172  0.606060606061  0.656565656566  0.818181818182  0.292929292929  
0.151515151515  0.606060606061  0.777777777778  0.59595959596  0.222222222222  0.575757575758  0.535353535354  0.0606060606061  
0.818181818182  0.30303030303  0.0808080808081  0.717171717172  0.313131313131  0.525252525253  0.383838383838  0.626262626263  
0.373737373737  0.565656565657  0.525252525253  0.191919191919  0.747474747475  0.575757575758  0.59595959596  0.535353535354  
0.212121212121  0.919191919192  0.656565656566  0.010101010101  0.010101010101  0.111111111111  0.262626262626  0.313131313131  
0.515151515152  0.292929292929  0.69696969697  0.59595959596  0.575757575758  0.191919191919  0.989898989899  0.111111111111  
0.787878787879  0.333333333333  0.616161616162  0.474747474747  0.0707070707071  0.878787878788  0.191919191919  0.0606060606061  
0.686868686869  0.434343434343  0.686868686869  0.242424242424  0.767676767677  0.454545454545  0.212121212121  0.131313131313  
0.727272727273  0.484848484848  0.565656565657  0.262626262626  0.353535353535  0.707070707071  0.767676767677  0.606060606061  
0.222222222222  0.838383838384  0.10101010101  0.727272727273  0.747474747475  0.373737373737  0.030303030303  0.686868686869  
0.616161616162  0.868686868687  0.10101010101  0.0505050505051  0.727272727273  0.0606060606061  0.959595959596  0.010101010101  
0.626262626263  0.616161616162  0.444444444444  0.242424242424  0.727272727273  0.040404040404  0.727272727273  0.20202020202  
0.737373737374  0.494949494949  0.59595959596  0.434343434343  0.141414141414  0.707070707071  0.636363636364  0.272727272727  
0.717171717172  0.909090909091  0.646464646465  0.0909090909091  0.494949494949  0.606060606061  0.0505050505051  0.252525252525  
0.181818181818  0.444444444444  0.848484848485  0.878787878788  0.181818181818  0.383838383838  0.323232323232  0.222222222222  
0.747474747475  1  0.222222222222  0.474747474747  0.616161616162  0.191919191919  0.909090909091  0  
0.333333333333  0.979797979798  0.787878787879  0.252525252525  0.535353535354  0.454545454545  0.424242424242  0.181818181818  
0.252525252525  0.666666666667  0.545454545455  0.040404040404  0.121212121212  0.747474747475  0.414141414141  0.494949494949  
0.212121212121  0.151515151515  0.737373737374  0.555555555556  0.989898989899  0.69696969697  0.828282828283  0.545454545455  
0.686868686869  0.414141414141  0.89898989899  0.333333333333  0.79797979798  0.282828282828  0.444444444444  0.585858585859  
0.484848484848  0.565656565657  0.505050505051  0.464646464646  0.40404040404  0.0909090909091  0.0505050505051  0.535353535354  
0.0505050505051  0.545454545455  0.454545454545  0.959595959596  0.272727272727  0.373737373737  0.323232323232  0.121212121212  
0.0505050505051  0.585858585859  0.222222222222  0.69696969697  0.373737373737  0.929292929293  0.212121212121  0.606060606061  
0.353535353535  0.434343434343  0.222222222222  0.464646464646  0.656565656566  0.939393939394  0.646464646465  0.232323232323  
0.767676767677  0.323232323232  0.737373737374  0.858585858586  0.515151515152  0.242424242424  0.363636363636  0.262626262626  
0.555555555556  0.252525252525  0.808080808081  0.191919191919  0.323232323232  0.030303030303  0.40404040404  0.212121212121  
0.121212121212  0.313131313131  0.474747474747  0.0505050505051  0.424242424242  0.272727272727  0.121212121212  0.363636363636  
0.20202020202  0.191919191919  0.868686868687  0.161616161616  0.040404040404  0.424242424242  0.494949494949  0.555555555556  
0.363636363636  0.30303030303  0.0505050505051  0.838383838384  0.484848484848  0.373737373737  0.909090909091  0.434343434343  
0.666666666667  0.555555555556  0.363636363636  0.212121212121  0.626262626263  0.010101010101  0.151515151515  0.0505050505051  
0.0505050505051  0.909090909091  0.909090909091  0.818181818182  0.737373737374  0.242424242424  0.40404040404  0.505050505051  
0.242424242424  0.353535353535  0  0.646464646465  0.79797979798  0.808080808081  0.606060606061  0.575757575758  
0.59595959596  0.161616161616  0.0505050505051  0.464646464646  0.959595959596  0.919191919192  0.606060606061  0  
0.313131313131  0.717171717172  0.282828282828  0.707070707071  0.474747474747  0.959595959596  0.888888888889  0.0808080808081  
0.141414141414  0.040404040404  0.555555555556  0.242424242424  0.626262626263  0.969696969697  0.383838383838  0.363636363636  
0.0606060606061  0.121212121212  0.232323232323  0.010101010101  0.474747474747  0.292929292929  0.0909090909091  0.939393939394  
0.252525252525  0.171717171717  0.585858585859  0.111111111111  0.535353535354  0.444444444444  0.505050505051  0.0909090909091  
0.0606060606061  0.181818181818  0.474747474747  0.79797979798  0.0909090909091  0.616161616162  0.0606060606061  0.212121212121  
0.0606060606061  0.222222222222  0.121212121212  0.121212121212  0.0707070707071  0.888888888889  0.636363636364  0.929292929293  
0.868686868687  0.838383838384  0.111111111111  0.282828282828  0.515151515152  0.79797979798  0.0606060606061  0.292929292929  
0.323232323232  0.464646464646  0.0606060606061  0.313131313131  0.767676767677  0.676767676768  0.0606060606061  0.333333333333  
0.292929292929  0.282828282828  0.333333333333  0.646464646465  0.333333333333  0.828282828283  0.10101010101  0.717171717172  
0.0606060606061  0.383838383838  0.646464646465  0.494949494949  0.494949494949  0.262626262626  0.191919191919  0.151515151515  
0.0606060606061  0.424242424242  0.757575757576  0.787878787879  0.808080808081  0.939393939394  0.020202020202  0.0808080808081  
0.0707070707071  0.838383838384  0.292929292929  0.69696969697  0.494949494949  0.040404040404  0.020202020202  0.565656565657  
0.272727272727  0.313131313131  0.121212121212  0.151515151515  0.79797979798  0.010101010101  0.464646464646  0.414141414141  
0.909090909091  1  0.707070707071  0  0.878787878788  0.969696969697  0.0505050505051  0.79797979798  
0.0606060606061  0.585858585859  0.626262626263  0.626262626263  0.59595959596  0.40404040404  0.0909090909091  0.545454545455  
0.909090909091  0.0808080808081  0.939393939394  0.232323232323  0.686868686869  0.69696969697  0.0606060606061  0.656565656566  
0.363636363636  0.636363636364  0.0606060606061  0.676767676768  0.111111111111  0.575757575758  0.959595959596  0.777777777778  
0.939393939394  0  0.969696969697  0.010101010101  0.313131313131  0.919191919192  0.454545454545  0.545454545455  
0.787878787879  0.474747474747  0.454545454545  0.989898989899  0.626262626263  0.454545454545  0.353535353535  0.111111111111  
0.909090909091  0.272727272727  0.10101010101  0.414141414141  0.151515151515  0.494949494949  0.0808080808081  0.626262626263  
0.575757575758  0.20202020202  0.020202020202  0.59595959596  0.242424242424  0.323232323232  0.0606060606061  0.858585858586  
0.444444444444  0.0909090909091  0.767676767677  0.949494949495  0.656565656566  0.878787878788  0.616161616162  0.969696969697  
0.0606060606061  0.909090909091  0.818181818182  0.464646464646  0.191919191919  0.646464646465  0.232323232323  0.30303030303  
0.828282828283  0.828282828283  0.929292929293  0.505050505051  0.616161616162  0.777777777778  0.232323232323  0.434343434343  
0.171717171717  0.353535353535  0.30303030303  0.242424242424  0.626262626263  0.818181818182  0.454545454545  0.232323232323  
0.979797979798  0.919191919192  0.707070707071  0.848484848485  0.787878787879  0.838383838384  0.636363636364  0.343434343434  
0.0707070707071  0.0606060606061  0.979797979798  0.666666666667  0.828282828283  0.767676767677  0.424242424242  0.585858585859  
0.787878787879  0.59595959596  0.383838383838  0.909090909091  0.838383838384  0.232323232323  0.272727272727  0.919191919192  
0.737373737374  0.525252525253  0.484848484848  0.141414141414  0.59595959596  0.747474747475  0.626262626263  0.59595959596  
0.959595959596  0.474747474747  0.727272727273  0.666666666667  0.161616161616  0.252525252525  0.575757575758  0.020202020202  
0.808080808081  0.242424242424  0.393939393939  0.787878787879  0.313131313131  0.848484848485  0.111111111111  0.191919191919  
0.333333333333  0.656565656566  0.121212121212  0.232323232323  0.131313131313  0.424242424242  0.909090909091  0.191919191919  
0.545454545455  0.505050505051  0.0707070707071  0.313131313131  0.0707070707071  0.323232323232  0.313131313131  0.535353535354  
0.656565656566  0.979797979798  0.646464646465  0.010101010101  0.535353535354  0.010101010101  0.787878787879  0.626262626263  
0.434343434343  0.40404040404  0.89898989899  0.171717171717  0.676767676768  0.757575757576  0.0808080808081  0.757575757576  
0.30303030303  0.474747474747  0.888888888889  0.979797979798  0.10101010101  0.464646464646  0.828282828283  0.313131313131  
0.878787878788  0  0.040404040404  0.515151515152  0.79797979798  0.767676767677  0.727272727273  0.717171717172  
0.333333333333  0.484848484848  0.0505050505051  0.0606060606061  0.030303030303  0.949494949495  1  0.424242424242  
0.676767676768  0.20202020202  0.737373737374  0.343434343434  0.606060606061  0.909090909091  0.484848484848  0.494949494949  
0.0707070707071  0.585858585859  0.111111111111  0.505050505051  0.141414141414  0.868686868687  0.0707070707071  0.616161616162  
0.191919191919  0.222222222222  0.151515151515  0.20202020202  0.707070707071  0.343434343434  0.0707070707071  0.656565656566  
0.121212121212  0.757575757576  0.676767676768  0.535353535354  0.585858585859  0.959595959596  0.030303030303  0.59595959596  
0.646464646465  0.505050505051  0.979797979798  0.717171717172  0.030303030303  0.969696969697  0.30303030303  0.131313131313  
0.717171717172  0.343434343434  0.010101010101  0.464646464646  0.676767676768  0.505050505051  0.191919191919  0.59595959596  
0.818181818182  0.262626262626  0.292929292929  0.373737373737  0.555555555556  0.161616161616  0.373737373737  0.727272727273  
0.505050505051  0.454545454545  0.272727272727  0.363636363636  0.313131313131  0.575757575758  0.444444444444  0.676767676768  
0.555555555556  0.545454545455  0  0.535353535354  0.020202020202  0.111111111111  0.505050505051  0.989898989899  
0.393939393939  0.252525252525  0.555555555556  0.838383838384  0.494949494949  0.646464646465  0.555555555556  0.393939393939  
0.0505050505051  0.171717171717  0.929292929293  0.777777777778  0.828282828283  0.232323232323  0.454545454545  0.828282828283  
0.646464646465  0.858585858586  1  0.79797979798  0.919191919192  0.373737373737  0.929292929293  0.69696969697  
0.717171717172  0.979797979798  0.232323232323  0.454545454545  0.747474747475  0.626262626263  0.737373737374  0.808080808081  
0.0909090909091  0.858585858586  0.111111111111  0.858585858586  0.0808080808081  0.0808080808081  0.0808080808081  0.0909090909091  
0.0808080808081  0.10101010101  0.828282828283  0  0.10101010101  0.808080808081  0.292929292929  0.79797979798  
0.505050505051  0.515151515152  0.0707070707071  0.444444444444  0.79797979798  0.292929292929  0.707070707071  0.828282828283  
0.141414141414  0.727272727273  0.737373737374  0.313131313131  0.666666666667  0.838383838384  0.0505050505051  0.747474747475  
0.393939393939  0.989898989899  0.686868686869  0.373737373737  0.333333333333  0.242424242424  0.545454545455  0.616161616162  
0.282828282828  1  0.0606060606061  0.939393939394  0.131313131313  0.848484848485  1  0.727272727273  
0.747474747475  0.636363636364  0.0808080808081  0.313131313131  0.737373737374  0.949494949495  0.323232323232  0.454545454545  
0.40404040404  0.909090909091  0.626262626263  0.878787878788  0.585858585859  0.888888888889  0.030303030303  0.313131313131  
0.89898989899  0.808080808081  0.515151515152  0.919191919192  0.767676767677  0.424242424242  0.919191919192  0.040404040404  
0.393939393939  0.777777777778  0.929292929293  0.979797979798  0.838383838384  0.828282828283  0.969696969697  0.353535353535  
0.242424242424  0.454545454545  0.676767676768  0.323232323232  0.717171717172  0.767676767677  0.484848484848  0.737373737374  
0.838383838384  0.545454545455  0.878787878788  0.181818181818  0  0.292929292929  0.989898989899  0.515151515152  
0.454545454545  0.919191919192  0.161616161616  0.777777777778  0.0808080808081  0.565656565657  0.484848484848  0.212121212121  
0.383838383838  0.656565656566  0.848484848485  0.272727272727  0.414141414141  0.454545454545  0.40404040404  0.767676767677  
0.020202020202  0.141414141414  0.646464646465  0.424242424242  0.909090909091  0.646464646465  0.0808080808081  0.656565656566  
0.151515151515  0.0909090909091  0.242424242424  1  0.010101010101  0.40404040404  0.646464646465  0.434343434343  
0.989898989899  0.616161616162  0.30303030303  0.707070707071  0.919191919192  0.383838383838  0.373737373737  0.232323232323  
0.525252525253  0.282828282828  0.0707070707071  0.626262626263  0.878787878788  0.292929292929  0.949494949495  0.121212121212  
0.444444444444  0.040404040404  0.606060606061  0.121212121212  0.141414141414  0  0.888888888889  0.888888888889  
0.121212121212  0.0909090909091  0.0808080808081  0.838383838384  0.474747474747  0.454545454545  0.777777777778  0.727272727273  
0.565656565657  0.505050505051  0.727272727273  0.323232323232  0.525252525253  0.767676767677  0.414141414141  0.525252525253  
0.919191919192  0.111111111111  0.69696969697  0.282828282828  0.555555555556  0.868686868687  0.464646464646  0.878787878788  
0.69696969697  0.686868686869  1  0.838383838384  0.707070707071  0.89898989899  0.040404040404  0.606060606061  
0.434343434343  0.121212121212  0.979797979798  0.0606060606061  0.656565656566  0.252525252525  0.0909090909091  0.010101010101  
0.959595959596  0.646464646465  0.909090909091  0.343434343434  0.272727272727  0.777777777778  0.131313131313  0.474747474747  
0.424242424242  0.121212121212  0.717171717172  0.323232323232  0.606060606061  0.767676767677  0.0808080808081  0.040404040404  
0.0909090909091  0.10101010101  0.272727272727  0.838383838384  0.727272727273  0.757575757576  0.747474747475  0.252525252525  
0.0909090909091  0.141414141414  0.535353535354  0.646464646465  0.454545454545  0.747474747475  0.30303030303  0.515151515152  
0.626262626263  0.747474747475  0.0808080808081  0.727272727273  0.969696969697  0.727272727273  0.161616161616  0.0606060606061  
0.191919191919  0  0.525252525253  0.10101010101  0.0909090909091  0.242424242424  0.969696969697  0.0808080808081  
0.505050505051  0.171717171717  0.424242424242  0.989898989899  0.393939393939  0.616161616162  0.040404040404  0.151515151515  
0.0909090909091  0.30303030303  0.272727272727  0.131313131313  0.0909090909091  0.323232323232  0.0909090909091  0.333333333333  
0.424242424242  0.373737373737  0.444444444444  1  0.565656565657  0.252525252525  0.505050505051  0.111111111111  
0.979797979798  0.949494949495  0.0909090909091  0.393939393939  0.010101010101  0.333333333333  0.59595959596  0.454545454545  
0.939393939394  0.353535353535  0.010101010101  0.383838383838  0.686868686869  0.0707070707071  0.69696969697  0.131313131313  
0.626262626263  0.414141414141  0.272727272727  0.626262626263  0.888888888889  0.40404040404  0.323232323232  0.272727272727  
0.323232323232  0.30303030303  0.878787878788  0.727272727273  0.555555555556  0.484848484848  0.474747474747  0.333333333333  
0.959595959596  0.737373737374  0.0909090909091  0.555555555556  0.030303030303  0.818181818182  0.0505050505051  0.626262626263  
0.0808080808081  0.818181818182  0.828282828283  0.575757575758  0.353535353535  0.464646464646  0.494949494949  0.59595959596  
0.0606060606061  0.89898989899  0.212121212121  0.30303030303  0.181818181818  0.20202020202  0.575757575758  0.232323232323  
0.747474747475  0.444444444444  0.0909090909091  0.676767676768  0.818181818182  0.252525252525  0.616161616162  0.666666666667  
0.767676767677  0.737373737374  0.0909090909091  0.717171717172  0.383838383838  0.272727272727  0.424242424242  0.0808080808081  
0.0606060606061  0.505050505051  0.191919191919  0.040404040404  0.0909090909091  0.20202020202  0.727272727273  0.212121212121  
0.808080808081  0.363636363636  0.20202020202  0.979797979798  0.414141414141  0.333333333333  0.838383838384  0.292929292929  
0.777777777778  0.929292929293  0.242424242424  0.565656565657  0.0707070707071  0.636363636364  0.414141414141  0.0707070707071  
0.0909090909091  0.868686868687  0.333333333333  1  0.575757575758  0.808080808081  0.0909090909091  0.89898989899  
0.0909090909091  0.909090909091  0.838383838384  0.494949494949  0.787878787879  0.10101010101  0.656565656566  0.10101010101  
0.292929292929  0.737373737374  0.494949494949  0.949494949495  0.10101010101  0.131313131313  0.161616161616  0.222222222222  
0.959595959596  0.626262626263  0.474747474747  1  0.40404040404  0.010101010101  0.545454545455  0.535353535354  
0.030303030303  0.262626262626  0.868686868687  0.010101010101  0.525252525253  0.0707070707071  0.707070707071  0.212121212121  
0.969696969697  0.808080808081  0.89898989899  0.373737373737  1  0.444444444444  0.59595959596  0.272727272727  
0.525252525253  0.989898989899  0.10101010101  0.111111111111  0  0.686868686869  0.414141414141  0.656565656566  
0.727272727273  0.313131313131  0.353535353535  0.787878787879  0.636363636364  0.646464646465  0.292929292929  0.0606060606061  
0.010101010101  0.161616161616  0.69696969697  0.707070707071  0  0.121212121212  0  0.848484848485  
0.0707070707071  0.969696969697  0.10101010101  0.232323232323  0.10101010101  0.242424242424  0.505050505051  0.919191919192  
0.888888888889  0.131313131313  0.888888888889  0.757575757576  0.636363636364  0.959595959596  0.323232323232  0.131313131313  
0.808080808081  0  0.242424242424  0.636363636364  0.10101010101  0.323232323232  0.393939393939  0.767676767677  
0.909090909091  0.89898989899  0.40404040404  0.272727272727  0.878787878788  0.252525252525  0.626262626263  0.979797979798  
0.10101010101  0.383838383838  0.565656565657  0.818181818182  0.040404040404  0.737373737374  0.343434343434  0.0808080808081  
0.707070707071  0.727272727273  0.979797979798  0.575757575758  0.363636363636  0.777777777778  0.10101010101  0.454545454545  
0.333333333333  0.030303030303  0.444444444444  0.30303030303  0.252525252525  0.939393939394  0.979797979798  0.929292929293  
0.949494949495  0.59595959596  0.30303030303  0.141414141414  0.40404040404  0.656565656566  0.959595959596  0.424242424242  
0.10101010101  0.545454545455  0.161616161616  0.111111111111  0.656565656566  0.444444444444  0.989898989899  0.343434343434  
0.10101010101  0.585858585859  0.0505050505051  0.777777777778  0.272727272727  0.0808080808081  0.242424242424  0.363636363636  
0.40404040404  0.949494949495  0.0707070707071  0.818181818182  0.40404040404  0.232323232323  0.666666666667  0.767676767677  
0.424242424242  0.212121212121  0.292929292929  0.020202020202  0.141414141414  0.434343434343  0.565656565657  0.777777777778  
0.919191919192  0.434343434343  0.161616161616  0.0909090909091  0.969696969697  0.191919191919  0.252525252525  0.020202020202  
0.020202020202  0.888888888889  0.515151515152  0.282828282828  0.979797979798  0  0.191919191919  0.636363636364  
0.505050505051  0.282828282828  0.59595959596  0.0505050505051  0.131313131313  0.727272727273  0.565656565657  0.030303030303  
0.79797979798  1  0.989898989899  0.0909090909091  0.939393939394  0.333333333333  0.777777777778  0.79797979798  
0.0505050505051  0.363636363636  0.636363636364  0.818181818182  0.646464646465  0.20202020202  0.484848484848  0.636363636364  
0.292929292929  0.959595959596  0.535353535354  0.757575757576  0.343434343434  0.777777777778  0.0606060606061  0.575757575758  
0.353535353535  0.979797979798  0.555555555556  0.585858585859  0.59595959596  0.575757575758  0.10101010101  0.525252525253  
0.0505050505051  0.69696969697  0.0707070707071  0.848484848485  0.111111111111  0  0.858585858586  0.424242424242  
0.818181818182  0.121212121212  0.161616161616  0.191919191919  0.111111111111  0.040404040404  0.111111111111  0.0505050505051  
0.434343434343  0.353535353535  0.484848484848  0.040404040404  0.434343434343  0.838383838384  0.585858585859  0.89898989899  
0.535353535354  0.515151515152  0.040404040404  0.848484848485  0.454545454545  0.585858585859  0.40404040404  0.474747474747  
0.666666666667  0.848484848485  0.808080808081  0.040404040404  0.606060606061  0.0707070707071  0.191919191919  0.212121212121  
0.343434343434  0.535353535354  0.313131313131  0.0909090909091  0.89898989899  0.424242424242  0.181818181818  0.969696969697  
0.747474747475  0.292929292929  0.919191919192  0.878787878788  0.535353535354  0.191919191919  0.232323232323  0.616161616162  
0.555555555556  0.888888888889  0.686868686869  0.454545454545  0.343434343434  0.474747474747  0.545454545455  0.40404040404  
0.020202020202  0.434343434343  0.040404040404  0.282828282828  0.555555555556  0.535353535354  0.575757575758  0.848484848485  
0.181818181818  0.717171717172  0.111111111111  0.353535353535  0.323232323232  0.444444444444  0.272727272727  0.979797979798  
0.181818181818  0.707070707071  0.505050505051  0.040404040404  0.111111111111  0.40404040404  0.0606060606061  0.494949494949  
0.59595959596  0.30303030303  0.222222222222  0.808080808081  0.434343434343  0.0505050505051  0.111111111111  0.454545454545  
0.454545454545  0.262626262626  0.151515151515  0.858585858586  0.484848484848  0.666666666667  0.0707070707071  0.20202020202  
0.282828282828  0.333333333333  0.393939393939  0.666666666667  0.383838383838  0.212121212121  0.111111111111  0.535353535354  
0.10101010101  0.989898989899  0.868686868687  0.585858585859  0.40404040404  0.141414141414  0.272727272727  0.737373737374  
0.525252525253  0.838383838384  0.828282828283  0.707070707071  0.929292929293  0.030303030303  0.505050505051  0.757575757576  
0.515151515152  0.454545454545  0.787878787879  0.737373737374  0.929292929293  0.575757575758  0.858585858586  0.494949494949  
0.858585858586  0.272727272727  0.585858585859  0.020202020202  0.333333333333  0.79797979798  0.171717171717  0.484848484848  
0.121212121212  0.919191919192  0.313131313131  0.161616161616  0.272727272727  0.414141414141  0.515151515152  0.222222222222  
0.565656565657  0.191919191919  0.79797979798  0.525252525253  0.727272727273  0.494949494949  0.111111111111  0.777777777778  
0.111111111111  0.787878787879  0.373737373737  0.848484848485  0.141414141414  0.0707070707071  0.818181818182  0.959595959596  
0.434343434343  0.666666666667  0.919191919192  0.131313131313  0.333333333333  0.0505050505051  0.30303030303  0.525252525253  
0.616161616162  0.636363636364  0.0909090909091  0.262626262626  0.777777777778  0.030303030303  0.111111111111  0.89898989899  
0.20202020202  0.020202020202  0.969696969697  0.838383838384  0.111111111111  0.929292929293  0.757575757576  0.0505050505051  
0.959595959596  0.242424242424  0.0505050505051  0.919191919192  0.919191919192  0.363636363636  0.787878787879  0.919191919192  
0.686868686869  0.575757575758  0.707070707071  0.494949494949  0.838383838384  0.141414141414  0.979797979798  0.262626262626  
0.979797979798  0.282828282828  0.636363636364  0.262626262626  0.828282828283  0.616161616162  0.363636363636  0.232323232323  
0  0.323232323232  0.121212121212  0.0707070707071  0.474747474747  0.929292929293  0.606060606061  0.444444444444  
0.0606060606061  0.717171717172  0.636363636364  0  0.767676767677  0.10101010101  0.808080808081  0.383838383838  
0.0909090909091  0.0505050505051  0.949494949495  0.444444444444  0.313131313131  0  0.838383838384  0.626262626263  
0.616161616162  0.151515151515  0.535353535354  0.979797979798  0.868686868687  0.505050505051  0.343434343434  0.838383838384  
0.0909090909091  0.181818181818  0.373737373737  0.878787878788  0.343434343434  0.69696969697  0.666666666667  0.989898989899  
0.626262626263  0.909090909091  0.464646464646  0.636363636364  0.424242424242  0.30303030303  0.121212121212  0.292929292929  
0.484848484848  0.626262626263  0.212121212121  0.272727272727  0.171717171717  0.272727272727  0.828282828283  0.151515151515  
0.323232323232  0.656565656566  0.808080808081  0.030303030303  0.555555555556  0.474747474747  0.010101010101  0.242424242424  
0.949494949495  0.585858585859  0.121212121212  0.393939393939  0.919191919192  0.141414141414  0.767676767677  0.191919191919  
0.111111111111  0.363636363636  0.808080808081  0.414141414141  0.464646464646  0.262626262626  0.141414141414  0.383838383838  
0.858585858586  0.585858585859  0.040404040404  0.656565656566  0.393939393939  0.727272727273  0.919191919192  0.868686868687  
0.454545454545  0.868686868687  0.777777777778  0.959595959596  0.121212121212  0.525252525253  0.333333333333  0.939393939394  
0.111111111111  0.212121212121  0.030303030303  0.242424242424  0.0707070707071  1  0.111111111111  0.919191919192  
0.707070707071  0.747474747475  0.161616161616  0.232323232323  0.272727272727  0.545454545455  0.0707070707071  0.454545454545  
0.343434343434  0.575757575758  0.20202020202  0.787878787879  0.262626262626  0.848484848485  0.505050505051  0.262626262626  
0.727272727273  0.939393939394  0.323232323232  0.707070707071  0.292929292929  0.838383838384  0.959595959596  0.313131313131  
0.525252525253  0  0.434343434343  0.262626262626  0.636363636364  0.858585858586  0.424242424242  0.444444444444  
0.969696969697  0.0909090909091  0.373737373737  0.030303030303  0.121212121212  0.767676767677  0.171717171717  0.222222222222  
0.878787878788  0.484848484848  0.010101010101  0.010101010101  0.949494949495  0.616161616162  0.121212121212  0.818181818182  
0.222222222222  0.858585858586  0.242424242424  0.757575757576  0.292929292929  0.141414141414  0.929292929293  0.757575757576  
0.747474747475  0.858585858586  0.181818181818  0.626262626263  0.89898989899  0.737373737374  0.646464646465  0.636363636364  
0.292929292929  0.10101010101  0.787878787879  0.212121212121  0.818181818182  0.040404040404  0.393939393939  0.89898989899  
0.010101010101  0.30303030303  0.232323232323  0.494949494949  0.0606060606061  0.323232323232  0.787878787879  0.151515151515  
0.616161616162  0.212121212121  0.969696969697  0.909090909091  0.676767676768  0.414141414141  0.666666666667  0.40404040404  
0  0.353535353535  0.929292929293  0.525252525253  0.272727272727  0.040404040404  0.282828282828  0.777777777778  
0.79797979798  0.565656565657  0.212121212121  0.848484848485  0.575757575758  0.909090909091  0.131313131313  0.0909090909091  
0.30303030303  0.010101010101  0.131313131313  0.111111111111  0.525252525253  0.717171717172  0.131313131313  0.131313131313  
0.0505050505051  0.0808080808081  0.252525252525  0.515151515152  0.59595959596  0.666666666667  0.656565656566  0.626262626263  
0.484848484848  0.232323232323  0.79797979798  0.838383838384  0.848484848485  0.323232323232  0.343434343434  0.040404040404  
0.353535353535  0.343434343434  0.424242424242  0.626262626263  0.121212121212  0.666666666667  0.131313131313  0.252525252525  
0.69696969697  0.40404040404  0.515151515152  0.757575757576  0.111111111111  0.676767676768  0.131313131313  0.292929292929  
0.363636363636  0.565656565657  0.444444444444  0.89898989899  0.979797979798  0.292929292929  0.373737373737  0.515151515152  
0.606060606061  0.919191919192  0.383838383838  0.222222222222  0.757575757576  0.20202020202  0.131313131313  0.373737373737  
0.59595959596  0.292929292929  0.828282828283  0.030303030303  0.0505050505051  0.141414141414  0.131313131313  0.414141414141  
0.474747474747  0.363636363636  0.181818181818  0.919191919192  0.0808080808081  0.686868686869  0.131313131313  0.454545454545  
0.131313131313  0.464646464646  0.878787878788  0.909090909091  0.0808080808081  0.989898989899  0.939393939394  0.545454545455  
0.131313131313  0.505050505051  0.232323232323  0.747474747475  0.343434343434  0.0606060606061  0.484848484848  0.545454545455  
0.808080808081  0.515151515152  0.010101010101  1  0.777777777778  0.414141414141  0.333333333333  0.343434343434  
0.393939393939  0.858585858586  0.030303030303  0.10101010101  0.686868686869  0.676767676768  0.818181818182  0.79797979798  
0.585858585859  0.838383838384  0.0505050505051  0.868686868687  0.484848484848  0.272727272727  0.232323232323  0.0808080808081  
0.424242424242  0.343434343434  0.636363636364  0.515151515152  0.363636363636  0.0808080808081  0.020202020202  0.0505050505051  
0.414141414141  0.979797979798  0.656565656566  0.757575757576  0.989898989899  0.383838383838  0.0808080808081  0.616161616162  
0.141414141414  0.878787878788  0.969696969697  0.777777777778  0.585858585859  0.373737373737  0.838383838384  0.79797979798  
0.131313131313  0.787878787879  0.0505050505051  0.828282828283  0.20202020202  0.59595959596  0.212121212121  0.484848484848  
0.131313131313  0.828282828283  0.131313131313  0.838383838384  0.808080808081  0.818181818182  0.131313131313  0.858585858586  
0.323232323232  0.212121212121  0.181818181818  0.020202020202  0.0707070707071  0.191919191919  0.515151515152  0.656565656566  
0.212121212121  0.10101010101  0.868686868687  0.414141414141  0.474747474747  0.535353535354  0.131313131313  0.939393939394  
0.252525252525  0.181818181818  0.131313131313  0.191919191919  0.414141414141  0.0909090909091  0.717171717172  0.252525252525  
0.525252525253  0.171717171717  0.161616161616  0.969696969697  0.494949494949  0.808080808081  0.373737373737  0.444444444444  
0.919191919192  0.848484848485  0.828282828283  0.727272727273  0.0505050505051  0.191919191919  0.717171717172  0.393939393939  
0.161616161616  0.686868686869  0.79797979798  0.89898989899  0.939393939394  0.838383838384  0.484848484848  0.393939393939  
0.373737373737  0.939393939394  0.464646464646  0.20202020202  0.323232323232  0.585858585859  0.141414141414  0.131313131313  
0.464646464646  0.525252525253  0.141414141414  0.151515151515  0.141414141414  0.161616161616  0.141414141414  0.171717171717  
0.959595959596  0.222222222222  0.676767676768  0.565656565657  0.151515151515  0.353535353535  0.575757575758  0.757575757576  
0.909090909091  0.262626262626  0.929292929293  0.272727272727  0.20202020202  0.363636363636  0.141414141414  0.252525252525  
0.373737373737  0.616161616162  0.0606060606061  0.777777777778  0.919191919192  0.191919191919  0.848484848485  0.242424242424  
0.141414141414  0.30303030303  0.272727272727  0.515151515152  0.737373737374  0.020202020202  0.333333333333  0.616161616162  
0.414141414141  0.262626262626  0.242424242424  0.383838383838  0.505050505051  0.20202020202  0.414141414141  0.676767676768  
0.727272727273  0.646464646465  0.353535353535  0.0505050505051  0.545454545455  0.939393939394  0.262626262626  0.464646464646  
0.0606060606061  0.252525252525  0.616161616162  0.454545454545  0.141414141414  0.444444444444  0.292929292929  0.444444444444  
0.222222222222  0.686868686869  0.161616161616  0.89898989899  0.606060606061  0.636363636364  0.0505050505051  0.444444444444  
0.717171717172  0.585858585859  0.20202020202  0.666666666667  0.111111111111  0.737373737374  0.747474747475  0.838383838384  
0.0909090909091  0.989898989899  0.040404040404  0.191919191919  0.212121212121  0.252525252525  0.40404040404  0.515151515152  
0.323232323232  0.181818181818  0.141414141414  0.59595959596  0.646464646465  0.525252525253  0.10101010101  0.565656565657  
0.989898989899  0.494949494949  0.656565656566  0.363636363636  0.646464646465  0.292929292929  0.141414141414  0.656565656566  
0.757575757576  0.0909090909091  0.575757575758  0.464646464646  0.434343434343  0.69696969697  0.242424242424  0.20202020202  
0.181818181818  0.191919191919  0.10101010101  0.818181818182  0.979797979798  0.232323232323  0.787878787879  0.545454545455  
0.505050505051  0.232323232323  0.141414141414  0.757575757576  0.818181818182  0.191919191919  0.0707070707071  0.212121212121  
0.353535353535  0.313131313131  0.141414141414  0.79797979798  0.040404040404  0.262626262626  0.242424242424  0.10101010101  
0.292929292929  0.585858585859  0.030303030303  0.626262626263  0.171717171717  0.939393939394  0.626262626263  0.272727272727  
0.181818181818  0.010101010101  0.848484848485  1  0.141414141414  0.888888888889  0.0505050505051  0.656565656566  
0.616161616162  0.79797979798  0.141414141414  0.919191919192  0.525252525253  0.343434343434  0.0707070707071  0.949494949495  
0.929292929293  0.858585858586  0.141414141414  0.545454545455  0.10101010101  0.787878787879  0.494949494949  0.474747474747  
0.191919191919  0.272727272727  0.545454545455  0.030303030303  0.252525252525  0.888888888889  0.878787878788  0.585858585859  
0.353535353535  0.141414141414  0.030303030303  0.666666666667  0.79797979798  0.828282828283  0.181818181818  0.828282828283  
0.191919191919  0.191919191919  0.353535353535  0.010101010101  0.0707070707071  0.0808080808081  1  0.40404040404  
0.616161616162  0.505050505051  0.979797979798  0.181818181818  0.262626262626  0.89898989899  0.171717171717  0.777777777778  
0.838383838384  0.444444444444  0.848484848485  0.909090909091  0.0606060606061  0.0505050505051  0.535353535354  0.242424242424  
0.535353535354  0.666666666667  0.151515151515  0.191919191919  0.959595959596  0.555555555556  0.979797979798  0.171717171717  
0.818181818182  0.010101010101  0.676767676768  0.272727272727  0.686868686869  0.494949494949  0.151515151515  0.252525252525  
0.0707070707071  0.979797979798  0.121212121212  0.464646464646  0  0.777777777778  0.616161616162  0.787878787879  
0.464646464646  0.111111111111  0.343434343434  0.454545454545  0.393939393939  0.0505050505051  0.151515151515  0.333333333333  
0.282828282828  0.969696969697  0.666666666667  0.171717171717  0.686868686869  0.79797979798  0.40404040404  0.292929292929  
0.10101010101  0.767676767677  0.767676767677  0.131313131313  0.868686868687  0.909090909091  0.464646464646  0.989898989899  
0.646464646465  0.979797979798  0.424242424242  0.666666666667  1  0.111111111111  0.606060606061  0.0505050505051  
0.89898989899  0.0808080808081  0.161616161616  0.616161616162  0.131313131313  0.020202020202  0.454545454545  0.20202020202  
0.353535353535  0.0707070707071  0.868686868687  0.212121212121  0.909090909091  0.515151515152  0.121212121212  0.606060606061  
0.222222222222  0.131313131313  0.828282828283  0.181818181818  0.919191919192  0.454545454545  0.171717171717  0.59595959596  
0.656565656566  0.282828282828  0.717171717172  0.89898989899  0.59595959596  0.969696969697  0.505050505051  0.89898989899  
0.636363636364  0.888888888889  0.656565656566  0.737373737374  0.676767676768  0.767676767677  0.565656565657  0.535353535354  
0.505050505051  0.121212121212  0.565656565657  0.434343434343  0.59595959596  0.252525252525  0.151515151515  0.69696969697  
0.949494949495  0.979797979798  0.353535353535  0.737373737374  0.131313131313  0.343434343434  0.878787878788  0.606060606061  
0.737373737374  0.626262626263  0.10101010101  0.949494949495  0.575757575758  0.262626262626  0.787878787879  0.040404040404  
0.030303030303  0.919191919192  0.151515151515  0.79797979798  0.424242424242  0.20202020202  0.10101010101  0.737373737374  
0.161616161616  0.515151515152  0.858585858586  0.767676767677  0.515151515152  0.686868686869  0.313131313131  0.515151515152  
0.151515151515  0.868686868687  0.020202020202  0.575757575758  0.949494949495  0.626262626263  0.89898989899  0.909090909091  
0.585858585859  0.242424242424  0.222222222222  0.141414141414  0.414141414141  0.0606060606061  0.858585858586  0.989898989899  
0.717171717172  0.353535353535  0.959595959596  0.959595959596  0.121212121212  0.20202020202  0.121212121212  0.636363636364  
0.434343434343  0.585858585859  0.505050505051  0.666666666667  0.565656565657  0.747474747475  0.393939393939  0.282828282828  
0.181818181818  0.505050505051  0.040404040404  0.555555555556  0.757575757576  0.888888888889  0.646464646465  0.383838383838  
0.606060606061  0.484848484848  0.969696969697  0.222222222222  0.292929292929  0.464646464646  0.494949494949  0.0707070707071  
0.040404040404  0.676767676768  0.030303030303  0.989898989899  0.535353535354  0.606060606061  0.878787878788  0.818181818182  
0.414141414141  0.323232323232  0.69696969697  0.373737373737  0.777777777778  0.565656565657  0.30303030303  0.424242424242  
0.79797979798  0.30303030303  0.949494949495  0.393939393939  0.161616161616  0.20202020202  0.161616161616  0.212121212121  
0.969696969697  0.515151515152  0.585858585859  0.59595959596  0.161616161616  0.242424242424  0.222222222222  0.454545454545  
0.848484848485  0.484848484848  0.525252525253  0.79797979798  0.161616161616  0.282828282828  0.717171717172  0.939393939394  
0.151515151515  0.292929292929  0.161616161616  0.313131313131  0.616161616162  0.20202020202  0.161616161616  0.333333333333  
0.383838383838  0.606060606061  0.656565656566  0.585858585859  0.717171717172  0.959595959596  0.777777777778  0.484848484848  
0.151515151515  0.121212121212  0.484848484848  0.343434343434  0.545454545455  0.131313131313  0.888888888889  0.686868686869  
0.40404040404  0.40404040404  0.535353535354  0.272727272727  0.545454545455  0.979797979798  0.818181818182  0.636363636364  
0.474747474747  0.242424242424  0.161616161616  0.474747474747  0.737373737374  0.929292929293  0.10101010101  0.373737373737  
0.161616161616  0.505050505051  0.575757575758  0.010101010101  0.252525252525  0.121212121212  0.858585858586  0.454545454545  
0.616161616162  0.838383838384  0.767676767677  0.373737373737  0.676767676768  0.828282828283  0.161616161616  0.575757575758  
0.818181818182  0.888888888889  0.424242424242  0.969696969697  0.636363636364  0.252525252525  0.575757575758  0.525252525253  
0.272727272727  0.333333333333  0.757575757576  0.353535353535  0.161616161616  0.646464646465  0.757575757576  0.767676767677  
0.262626262626  0.717171717172  0.151515151515  0.141414141414  0.262626262626  0.0808080808081  0.525252525253  0.515151515152  
0.20202020202  0.484848484848  0.636363636364  0.525252525253  0.939393939394  0.565656565657  0.0808080808081  0.878787878788  
0.686868686869  0.919191919192  0.0808080808081  0.292929292929  0.10101010101  0.10101010101  0.181818181818  0.151515151515  
0.232323232323  0.040404040404  0.939393939394  0.707070707071  0  0.242424242424  0.828282828283  0.525252525253  
0.888888888889  0.969696969697  0.868686868687  0.20202020202  0.383838383838  0.292929292929  0.606060606061  0.535353535354  
0.616161616162  0.89898989899  0.545454545455  0.0808080808081  0.0909090909091  0.767676767677  0.737373737374  0.636363636364  
0.161616161616  0.909090909091  0.161616161616  0.919191919192  0.313131313131  0.656565656566  0.949494949495  0.191919191919  
0.252525252525  0.434343434343  0.030303030303  0.171717171717  0.909090909091  0.545454545455  0.868686868687  0.141414141414  
0.757575757576  0.89898989899  0.565656565657  0.969696969697  0.79797979798  0.353535353535  0.616161616162  0.979797979798  
0.444444444444  0.858585858586  0.686868686869  0.989898989899  0.848484848485  0.363636363636  0.707070707071  0.151515151515  
0.0909090909091  0.222222222222  0.0505050505051  0.787878787879  0.767676767677  0.939393939394  0.949494949495  0.888888888889  
0.212121212121  0.646464646465  0.414141414141  0.111111111111  0.494949494949  0.121212121212  0.414141414141  0.171717171717  
0.363636363636  0.333333333333  0.888888888889  0.464646464646  0.979797979798  0.505050505051  0.828282828283  0.444444444444  
0.858585858586  0.515151515152  0.666666666667  0.252525252525  0.323232323232  0.20202020202  0.737373737374  0.20202020202  
0.232323232323  0.111111111111  0.626262626263  0.10101010101  0.939393939394  0.454545454545  0.262626262626  0.030303030303  
0.0808080808081  0.919191919192  0.525252525253  0.888888888889  0.171717171717  0.282828282828  0.0707070707071  0.171717171717  
0.69696969697  0.20202020202  0.89898989899  0.141414141414  0.424242424242  0.10101010101  1  0.707070707071  
0.949494949495  0.717171717172  0.585858585859  0.767676767677  0.383838383838  0.525252525253  0.171717171717  0.373737373737  
0.646464646465  0.262626262626  0.171717171717  0.393939393939  0.171717171717  0.40404040404  0.121212121212  0.686868686869  
0.242424242424  0.474747474747  0.676767676768  0  0.464646464646  0.868686868687  0.626262626263  0.828282828283  
0.767676767677  0.666666666667  0.040404040404  0.727272727273  0.79797979798  0.121212121212  0.707070707071  0.111111111111  
0.171717171717  0.505050505051  0.515151515152  0.676767676768  0.989898989899  0.040404040404  1  0.272727272727  
0.171717171717  0.545454545455  0  0.454545454545  0.323232323232  0.343434343434  0.373737373737  0.0505050505051  
0.0707070707071  0.010101010101  0.828282828283  0.939393939394  0.858585858586  0.444444444444  0.40404040404  0.636363636364  
0.666666666667  0.484848484848  0.555555555556  0.949494949495  0.646464646465  0.616161616162  0.969696969697  0.111111111111  
0.0707070707071  0.151515151515  0.171717171717  0.676767676768  0.0707070707071  0.292929292929  0.909090909091  0.787878787879  
0.929292929293  0.40404040404  0.444444444444  0.969696969697  0.484848484848  0.171717171717  0.59595959596  0.171717171717  
0.161616161616  0.868686868687  0.323232323232  0.828282828283  0.939393939394  0.525252525253  0.525252525253  0.454545454545  
0.474747474747  0.686868686869  0.262626262626  0.656565656566  0.343434343434  0.505050505051  0.151515151515  0.818181818182  
0.989898989899  0.424242424242  0.808080808081  0.808080808081  0.525252525253  0.161616161616  0.212121212121  0.69696969697  
0.353535353535  0.626262626263  0.121212121212  0.555555555556  0.79797979798  0.484848484848  0.353535353535  0.040404040404  
0.929292929293  0.222222222222  0.343434343434  0.0505050505051  0.232323232323  0.606060606061  0.151515151515  0.838383838384  
0.373737373737  0.434343434343  0.10101010101  0.282828282828  0.949494949495  0.515151515152  0.89898989899  0.313131313131  
0.939393939394  0.161616161616  0.121212121212  0.272727272727  0.939393939394  0.323232323232  0.868686868687  0.181818181818  
0.191919191919  0.919191919192  0.646464646465  0.909090909091  0.232323232323  0.393939393939  0.111111111111  0.989898989899  
0.252525252525  0.111111111111  0.939393939394  0.141414141414  0.414141414141  0.585858585859  0.181818181818  0.0909090909091  
0.181818181818  0.10101010101  0.919191919192  0.89898989899  0.010101010101  0.949494949495  0.161616161616  0.585858585859  
0.0606060606061  0.414141414141  0.909090909091  0.232323232323  1  0.878787878788  0.292929292929  0.171717171717  
0.878787878788  0.686868686869  0.414141414141  0.727272727273  0.383838383838  0.707070707071  0.434343434343  0.575757575758  
0.313131313131  0.252525252525  0.474747474747  0.040404040404  0.151515151515  0.171717171717  0.868686868687  0.383838383838  
0.181818181818  0.262626262626  0  0.575757575758  0.616161616162  0.959595959596  0.787878787879  0.222222222222  
0.111111111111  0.474747474747  0.373737373737  0.282828282828  0.959595959596  0.121212121212  0.515151515152  0.0808080808081  
0.181818181818  0.343434343434  0.808080808081  0.989898989899  0.232323232323  0.262626262626  0.686868686869  0.727272727273  
0.282828282828  0.313131313131  0.141414141414  0.565656565657  0.131313131313  0.161616161616  0.909090909091  0.484848484848  
0.181818181818  0.424242424242  0.181818181818  0.434343434343  0.59595959596  0.494949494949  0.424242424242  0.757575757576  
0.616161616162  0.010101010101  0.79797979798  0.626262626263  0.0909090909091  0.505050505051  0.131313131313  0.434343434343  
0.818181818182  0.535353535354  0.575757575758  0.272727272727  0.131313131313  0.494949494949  0.939393939394  0.20202020202  
0.919191919192  0.0505050505051  0.89898989899  0.878787878788  0.838383838384  0.242424242424  0.181818181818  0.575757575758  
0.565656565657  0.333333333333  0.181818181818  0.59595959596  0.484848484848  0.010101010101  0.262626262626  0.373737373737  
0.89898989899  0.444444444444  0.30303030303  0.191919191919  0.909090909091  0.747474747475  0.666666666667  0.454545454545  
0.040404040404  0.212121212121  0.0505050505051  0.757575757576  0.494949494949  0.686868686869  0.272727272727  0.79797979798  
0.525252525253  1  0.111111111111  0.909090909091  0.020202020202  0.717171717172  0.505050505051  0.414141414141  
0.181818181818  0.747474747475  0.212121212121  0.585858585859  0.40404040404  0.464646464646  0.666666666667  0.636363636364  
0.232323232323  0.515151515152  0.030303030303  0.828282828283  0.212121212121  0.888888888889  0.030303030303  0.656565656566  
0.616161616162  0.232323232323  0.232323232323  0.555555555556  0.535353535354  0.989898989899  0.535353535354  0.474747474747  
0.555555555556  0.909090909091  0.272727272727  0.020202020202  0.323232323232  0.323232323232  0.191919191919  0.0505050505051  
0.515151515152  0.575757575758  0.727272727273  0.505050505051  0.0707070707071  0.525252525253  0.323232323232  0.959595959596  
0.393939393939  0.373737373737  0.353535353535  0.808080808081  0.525252525253  0.727272727273  0.454545454545  0.555555555556  
0.838383838384  0.939393939394  0.717171717172  0.727272727273  0.131313131313  0.333333333333  0.79797979798  0.111111111111  
0.353535353535  0.727272727273  0.494949494949  0.787878787879  0.0505050505051  0.505050505051  0.181818181818  0.787878787879  
0.10101010101  0.333333333333  0.747474747475  0.616161616162  0.40404040404  0.030303030303  0.313131313131  0.868686868687  
0.191919191919  0.10101010101  0.010101010101  0.0606060606061  0.545454545455  0.383838383838  0.484848484848  0.787878787879  
0.20202020202  0.111111111111  0  0.0606060606061  0.383838383838  0.848484848485  0.191919191919  0.171717171717  
0.0909090909091  0.949494949495  0.272727272727  0.565656565657  0.151515151515  0.474747474747  0.959595959596  0.767676767677  
0.252525252525  0  0.272727272727  0.343434343434  0.626262626263  0.565656565657  0.767676767677  0.969696969697  
0.0505050505051  0.818181818182  0.393939393939  0.464646464646  0.292929292929  0.030303030303  0.686868686869  0.515151515152  
0.292929292929  0.535353535354  0.020202020202  0.818181818182  0.252525252525  0.282828282828  0.191919191919  0.333333333333  
0.979797979798  0.10101010101  0.333333333333  0.878787878788  0.676767676768  0.434343434343  0.747474747475  0.262626262626  
0.191919191919  0.434343434343  0.939393939394  0.40404040404  0.333333333333  0.30303030303  0.727272727273  0.020202020202  
0.0808080808081  0.191919191919  0.222222222222  0.010101010101  0.353535353535  0.929292929293  0.191919191919  0.454545454545  
0.414141414141  0.686868686869  0.171717171717  0.69696969697  0.515151515152  0.666666666667  0.282828282828  0.838383838384  
0.040404040404  0.575757575758  0.262626262626  0.171717171717  0.252525252525  0.333333333333  0.686868686869  0.20202020202  
0.959595959596  0.212121212121  0.585858585859  0.858585858586  0.353535353535  0.79797979798  0.636363636364  0.454545454545  
0.020202020202  0.191919191919  0.888888888889  0.909090909091  0.010101010101  0.252525252525  0.767676767677  0.585858585859  
0.191919191919  0.626262626263  0.030303030303  0.191919191919  0.848484848485  0.20202020202  0.59595959596  0.515151515152  
0.030303030303  0.838383838384  0.141414141414  0.292929292929  0.79797979798  0.171717171717  0.161616161616  0.151515151515  
0.222222222222  0.434343434343  0.191919191919  0.717171717172  0.505050505051  0.868686868687  0.919191919192  0.555555555556  
0.262626262626  0.757575757576  0.484848484848  0.363636363636  0.767676767677  0.0505050505051  0.747474747475  0.606060606061  
0.383838383838  0.979797979798  0.292929292929  0.111111111111  0.363636363636  1  0.353535353535  0.272727272727  
0.717171717172  1  0.171717171717  0.89898989899  0.79797979798  0.59595959596  0  0.858585858586  
0.363636363636  0.676767676768  0.30303030303  0.686868686869  0.707070707071  0.575757575758  0.0909090909091  0.575757575758  
0.565656565657  0.292929292929  0.131313131313  0.878787878788  0.717171717172  0.474747474747  0.747474747475  0.010101010101  
0.717171717172  0.464646464646  0.242424242424  0.555555555556  0.505050505051  0.818181818182  0.818181818182  1  
0.555555555556  0.939393939394  0.171717171717  0.585858585859  0.636363636364  0.181818181818  0.20202020202  0.010101010101  
0.323232323232  0.353535353535  0.878787878788  0.888888888889  0.010101010101  0.20202020202  0.646464646465  0.59595959596  
0.79797979798  0.414141414141  0.292929292929  0.151515151515  0.363636363636  0.535353535354  0.323232323232  0.969696969697  
0.585858585859  0.787878787879  0.0505050505051  0.111111111111  0.151515151515  0.888888888889  0.939393939394  0.727272727273  
0.969696969697  0.161616161616  0.373737373737  0.323232323232  0.20202020202  0.161616161616  0.121212121212  0.545454545455  
0.20202020202  0.181818181818  0.909090909091  0.565656565657  0.989898989899  0.949494949495  0.272727272727  0.171717171717  
0.969696969697  0.59595959596  0  0.020202020202  0.131313131313  0.0505050505051  0.777777777778  0.949494949495  
0.171717171717  0.747474747475  0.191919191919  0.777777777778  0.212121212121  0.494949494949  0.626262626263  0.838383838384  
0.262626262626  0.787878787879  0.515151515152  0.868686868687  0.20202020202  0.323232323232  0.363636363636  0.666666666667  
0.545454545455  0.636363636364  0.494949494949  0.484848484848  0.515151515152  0.464646464646  0.727272727273  0.333333333333  
0.656565656566  0.565656565657  0.040404040404  0.565656565657  0.20202020202  0.40404040404  0.20202020202  0.212121212121  
0.20202020202  0.424242424242  0.818181818182  0.616161616162  0.464646464646  0.565656565657  0.010101010101  0.393939393939  
0.666666666667  0.232323232323  0.0707070707071  0.424242424242  0.555555555556  0  0.333333333333  0.262626262626  
0.010101010101  0.121212121212  0.535353535354  0.121212121212  0.111111111111  0.717171717172  0.535353535354  0.767676767677  
0.585858585859  0.656565656566  0.222222222222  0.222222222222  0.545454545455  0.151515151515  0.0606060606061  0.515151515152  
0.0707070707071  0.767676767677  0.777777777778  0.0707070707071  0.959595959596  0.939393939394  0.262626262626  0.343434343434  
0.686868686869  0.313131313131  0.747474747475  0.939393939394  0.151515151515  0.363636363636  0.575757575758  0.363636363636  
0.151515151515  0.616161616162  0.585858585859  0.69696969697  0.30303030303  0.828282828283  0.20202020202  0.69696969697  
0.757575757576  0.585858585859  0.030303030303  0.505050505051  0.20202020202  0.727272727273  0.777777777778  0.969696969697  
0.959595959596  0.747474747475  0.626262626263  0.242424242424  0.464646464646  0.929292929293  0.252525252525  0.838383838384  
0.393939393939  0.313131313131  1  0.282828282828  0.20202020202  0.888888888889  0.626262626263  0.777777777778  
0.616161616162  1  0.141414141414  0.818181818182  0.474747474747  0.484848484848  0.0606060606061  0.010101010101  
0.535353535354  0.636363636364  0.20202020202  0.545454545455  0.20202020202  0.525252525253  0.767676767677  0.282828282828  
0.787878787879  0.414141414141  0.20202020202  0.919191919192  0.20202020202  0.929292929293  0.777777777778  0.818181818182  
0.282828282828  0.585858585859  0.989898989899  0.030303030303  0.040404040404  0.313131313131  0.737373737374  0.212121212121  
0.686868686869  0.333333333333  0.747474747475  0  0.131313131313  0.323232323232  0.535353535354  0.808080808081  
0.89898989899  0.939393939394  0.040404040404  0.0606060606061  0.494949494949  0.676767676768  0.212121212121  0.0707070707071  
0.606060606061  0.707070707071  0.888888888889  0.505050505051  0.575757575758  0.0909090909091  0.121212121212  0.89898989899  
0.636363636364  0.656565656566  0.585858585859  0.212121212121  0.131313131313  0.777777777778  0.272727272727  0.0505050505051  
0.535353535354  0.686868686869  0.141414141414  0.474747474747  0.0606060606061  0.040404040404  0.959595959596  0.979797979798  
0.030303030303  0.010101010101  0.939393939394  0.878787878788  0.151515151515  0.242424242424  0.737373737374  0.575757575758  
0.828282828283  0.636363636364  0.0505050505051  0.222222222222  0.545454545455  0.676767676768  0.686868686869  0.141414141414  
0.565656565657  0.69696969697  0.818181818182  0.878787878788  0.585858585859  0.757575757576  0.444444444444  0.111111111111  
0.20202020202  0.454545454545  0.767676767677  0.59595959596  0.141414141414  0.909090909091  0.787878787879  0.30303030303  
0.737373737374  0.0909090909091  0.545454545455  0.0505050505051  0.131313131313  0.272727272727  0.040404040404  0.020202020202  
0.464646464646  0.969696969697  0.222222222222  0.292929292929  0.777777777778  0.353535353535  0.858585858586  0.363636363636  
0.737373737374  0.292929292929  0.282828282828  0.89898989899  0.181818181818  0.121212121212  0.222222222222  0.949494949495  
0.383838383838  0.121212121212  0.393939393939  0.494949494949  0.474747474747  0.10101010101  0.0808080808081  0.151515151515  
0.121212121212  0.828282828283  0.161616161616  0.676767676768  0.808080808081  0.757575757576  0.929292929293  0.959595959596  
0.656565656566  0.686868686869  0.292929292929  0.474747474747  0.212121212121  0.161616161616  0.636363636364  0.292929292929  
0.010101010101  0.151515151515  0.707070707071  0.69696969697  0.464646464646  0.252525252525  0.232323232323  0.525252525253  
0.0505050505051  0.292929292929  0.282828282828  0.0606060606061  0.010101010101  0.292929292929  0.111111111111  0.242424242424  
0.606060606061  0.252525252525  0.636363636364  0.474747474747  0.0707070707071  0.464646464646  0.494949494949  0.878787878788  
0.212121212121  0.707070707071  0  0.939393939394  0.777777777778  0.777777777778  0.969696969697  0.030303030303  
0.878787878788  0.737373737374  0.232323232323  0.222222222222  0.818181818182  0.787878787879  0.0505050505051  0.030303030303  
0.969696969697  0.40404040404  0.636363636364  0.383838383838  0.525252525253  0.585858585859  0.535353535354  0.858585858586  
0.525252525253  0.212121212121  0.212121212121  0.838383838384  0.222222222222  0.313131313131  0.565656565657  1  
0.818181818182  0.828282828283  0.959595959596  0.0909090909091  0.737373737374  0.89898989899  0.252525252525  0.0606060606061  
0.373737373737  0.252525252525  0.0505050505051  0.646464646465  0.494949494949  0.79797979798  0.161616161616  0.888888888889  
0.484848484848  0.414141414141  0.121212121212  0.474747474747  0.828282828283  0.969696969697  0.212121212121  0.979797979798  
0.10101010101  0.393939393939  0.393939393939  0.808080808081  0.454545454545  0.464646464646  0.0909090909091  0.0808080808081  
0.858585858586  0.292929292929  0.111111111111  0.515151515152  0.555555555556  0.444444444444  0.969696969697  0.20202020202  
0.414141414141  0.30303030303  0.868686868687  0.878787878788  0.414141414141  0.828282828283  0.707070707071  0.333333333333  
0.737373737374  0.383838383838  0.474747474747  0.555555555556  0.545454545455  0.0707070707071  0.292929292929  0.939393939394  
0.20202020202  0.141414141414  0.484848484848  0.989898989899  0.454545454545  0.030303030303  0.181818181818  0.0606060606061  
0.505050505051  0.494949494949  0.909090909091  0.020202020202  0.343434343434  0.151515151515  0.707070707071  0.949494949495  
0.272727272727  0.89898989899  0.222222222222  0.232323232323  0.434343434343  0.181818181818  0.141414141414  0.858585858586  
0.676767676768  0.10101010101  0.262626262626  0.929292929293  0.323232323232  0.151515151515  0.919191919192  1  
0.373737373737  0.838383838384  0.464646464646  0.212121212121  0  0.515151515152  0.979797979798  0.838383838384  
0.131313131313  0.575757575758  0.0606060606061  0.444444444444  0.292929292929  0.878787878788  0.575757575758  0.565656565657  
0.131313131313  0.171717171717  0.373737373737  0.626262626263  0.222222222222  0.40404040404  0.222222222222  0.414141414141  
0.151515151515  0.737373737374  0.010101010101  0.424242424242  0.626262626263  0.717171717172  0.838383838384  0.373737373737  
0.848484848485  0.828282828283  0.636363636364  0.787878787879  0.30303030303  0.292929292929  0.222222222222  0.494949494949  
0.181818181818  0.838383838384  0.222222222222  0.515151515152  0.545454545455  0.373737373737  0.767676767677  0.707070707071  
0.222222222222  0.545454545455  0.323232323232  0.676767676768  0.575757575758  0.393939393939  0.929292929293  0.363636363636  
0.393939393939  0.151515151515  0.585858585859  0.646464646465  0.949494949495  0.757575757576  0.535353535354  0.262626262626  
0.79797979798  0.10101010101  0.979797979798  0.545454545455  0.484848484848  0.757575757576  0.0707070707071  0.808080808081  
0.222222222222  0.666666666667  0.222222222222  0.676767676768  0.171717171717  0.292929292929  0.383838383838  0.141414141414  
0.131313131313  0.686868686869  0.333333333333  0.0707070707071  0.020202020202  0.343434343434  0.0808080808081  0.454545454545  
0.727272727273  0.979797979798  0.858585858586  0.666666666667  0.222222222222  0.767676767677  0.79797979798  0.444444444444  
0.010101010101  0.828282828283  0.828282828283  0.989898989899  0.656565656566  0.020202020202  0.111111111111  0.161616161616  
0.858585858586  0.10101010101  0.040404040404  0.959595959596  0.040404040404  0.666666666667  0.040404040404  0.949494949495  
0.878787878788  0.515151515152  0.414141414141  0.515151515152  0.222222222222  0.888888888889  0.454545454545  0.707070707071  
0.0707070707071  0.222222222222  0.878787878788  0.222222222222  0.171717171717  0.686868686869  0.767676767677  0.383838383838  
0.424242424242  0.161616161616  0.505050505051  0.151515151515  0.818181818182  0.323232323232  0.717171717172  0.717171717172  
0.222222222222  0.989898989899  0.292929292929  0.909090909091  0.212121212121  0.949494949495  0.525252525253  0.535353535354  
0.0909090909091  0.292929292929  0.141414141414  0.111111111111  0.393939393939  0.585858585859  0.171717171717  0.969696969697  
0.252525252525  0.565656565657  0.79797979798  0.79797979798  0.030303030303  1  0.0808080808081  0  
0.505050505051  0.59595959596  0.212121212121  0.626262626263  0.888888888889  0.555555555556  0.585858585859  0.222222222222  
0.919191919192  0.838383838384  0.949494949495  0.020202020202  0.222222222222  0.909090909091  0.424242424242  0.191919191919  
0.757575757576  0.777777777778  0.505050505051  0.434343434343  0.20202020202  0.868686868687  0.606060606061  0.454545454545  
0.40404040404  0.939393939394  0.232323232323  0.232323232323  0.818181818182  0.10101010101  0.232323232323  0.252525252525  
0.828282828283  0.868686868687  0.59595959596  0.79797979798  0.59595959596  0.838383838384  0.828282828283  0.191919191919  
0.0909090909091  0.414141414141  0.505050505051  0.707070707071  0.292929292929  0.010101010101  0.191919191919  0.69696969697  
0.323232323232  0.010101010101  0.989898989899  0.323232323232  0.282828282828  0.282828282828  0.707070707071  0.474747474747  
0.969696969697  0.575757575758  1  0.59595959596  0.868686868687  0.030303030303  0.0707070707071  0.545454545455  
1  0.242424242424  0.69696969697  0.525252525253  0.646464646465  0  0.949494949495  0.838383838384  
0.353535353535  0.919191919192  0.929292929293  0.909090909091  0.727272727273  0.555555555556  0.222222222222  0.969696969697  
0.525252525253  0.757575757576  0.727272727273  0.919191919192  0.0909090909091  0.424242424242  0.111111111111  0.131313131313  
0.59595959596  0.919191919192  0.676767676768  0.818181818182  0.989898989899  0.333333333333  0.525252525253  0.353535353535  
0.181818181818  0.484848484848  0.181818181818  0.585858585859  0.575757575758  0.40404040404  0  0.919191919192  
0.69696969697  0.232323232323  0.222222222222  0.848484848485  0.717171717172  0.707070707071  0.737373737374  0.818181818182  
0.353535353535  0.585858585859  0.929292929293  0.161616161616  0.868686868687  0.646464646465  0.737373737374  0.131313131313  
0.555555555556  0.20202020202  0.767676767677  0.717171717172  0.89898989899  0.393939393939  0.343434343434  0.959595959596  
0.242424242424  0.424242424242  0.20202020202  0.838383838384  0.141414141414  0.0505050505051  0.383838383838  0.888888888889  
0.222222222222  0.616161616162  0.444444444444  0.0808080808081  0.383838383838  0.727272727273  0.656565656566  0.787878787879  
0.313131313131  0.545454545455  0.727272727273  0.888888888889  0.737373737374  0.59595959596  0.262626262626  0.20202020202  
0.646464646465  0.717171717172  0.909090909091  0.0505050505051  0.0505050505051  0.242424242424  0.30303030303  0.212121212121  
0.717171717172  0.494949494949  0.0909090909091  0.535353535354  0.636363636364  0.828282828283  0.0707070707071  0.717171717172  
0.737373737374  0.545454545455  0.878787878788  0.40404040404  0.010101010101  0.666666666667  0.252525252525  0.313131313131  
0.222222222222  0.252525252525  0.232323232323  1  0.626262626263  0.323232323232  0.191919191919  0.686868686869  
0.353535353535  0.868686868687  0.666666666667  0.383838383838  0.979797979798  0.989898989899  0.242424242424  0.0505050505051  
0.515151515152  0.707070707071  0.151515151515  0.969696969697  0.161616161616  0.545454545455  0.727272727273  0.777777777778  
0.646464646465  0.040404040404  0.252525252525  0.585858585859  0.727272727273  0.424242424242  0.838383838384  0.0505050505051  
0.020202020202  0.474747474747  0.838383838384  0.030303030303  0.242424242424  0.161616161616  0.979797979798  0.939393939394  
0.282828282828  0.454545454545  0.616161616162  0.181818181818  0  0.959595959596  0.454545454545  0.353535353535  
0.858585858586  0.858585858586  0.646464646465  0.343434343434  0.030303030303  0  0.79797979798  0.929292929293  
0.636363636364  0.626262626263  0.616161616162  0.515151515152  0.010101010101  0.919191919192  0.131313131313  0.242424242424  
0.777777777778  0.848484848485  0.616161616162  0.0505050505051  0.363636363636  0.858585858586  0.515151515152  0.040404040404  
0.848484848485  0.353535353535  0.464646464646  0.191919191919  0.464646464646  0.131313131313  0.262626262626  0.555555555556  
0.868686868687  0.151515151515  0.242424242424  0.393939393939  0.242424242424  0.40404040404  0.373737373737  0.363636363636  
0.393939393939  0.818181818182  0.252525252525  0.262626262626  0.969696969697  0.707070707071  0.949494949495  0.30303030303  
0.010101010101  0.616161616162  0.353535353535  0.454545454545  0.0707070707071  0.777777777778  0.616161616162  0.40404040404  
0.373737373737  0.989898989899  0.474747474747  0.656565656566  0.575757575758  0.686868686869  0.414141414141  0.393939393939  
0.20202020202  0.505050505051  0.161616161616  0.59595959596  0.0909090909091  0.838383838384  0.353535353535  0.717171717172  
0.020202020202  0.777777777778  0.353535353535  0.565656565657  0.242424242424  0.606060606061  0.434343434343  0.505050505051  
0.484848484848  0.333333333333  0.767676767677  0.565656565657  0.606060606061  0.242424242424  0.89898989899  0.707070707071  
0.949494949495  0.111111111111  0.242424242424  0.676767676768  0.565656565657  0.222222222222  0.020202020202  0.858585858586  
0.868686868687  0.767676767677  0.393939393939  0.414141414141  0.181818181818  0.606060606061  0.484848484848  0.030303030303  
0.353535353535  0  0.363636363636  0.585858585859  0.686868686869  0.363636363636  0.525252525253  0.828282828283  
0.373737373737  0.575757575758  0.181818181818  0.818181818182  0.858585858586  0.808080808081  0.656565656566  0.424242424242  
0.353535353535  0.373737373737  0.818181818182  0.161616161616  0.0606060606061  0.747474747475  0.383838383838  0.0707070707071  
0.171717171717  0.434343434343  0.656565656566  0.959595959596  0.242424242424  0.646464646465  0.313131313131  0.949494949495  
0.232323232323  0.979797979798  0.989898989899  0.363636363636  0.0606060606061  0.40404040404  0.59595959596  0.848484848485  
0.656565656566  0.242424242424  0.737373737374  0.767676767677  0.787878787879  0.585858585859  0.373737373737  0.333333333333  
0.333333333333  0.323232323232  0.828282828283  0.787878787879  0.454545454545  0.59595959596  0.454545454545  0.10101010101  
0.787878787879  0.292929292929  0.363636363636  0.888888888889  0.929292929293  0.515151515152  0.89898989899  0.656565656566  
0.686868686869  0.353535353535  0.414141414141  0.383838383838  0.606060606061  0.464646464646  0.393939393939  0.181818181818  
0.323232323232  0.848484848485  0.434343434343  0.888888888889  0.383838383838  0.353535353535  0.464646464646  0.282828282828  
0.272727272727  0.808080808081  0.383838383838  0.717171717172  0.989898989899  0.686868686869  0.151515151515  0.656565656566  
0.676767676768  0.747474747475  0.030303030303  0.747474747475  0.252525252525  0.20202020202  0.616161616162  0.69696969697  
0.505050505051  0.373737373737  0.40404040404  0.626262626263  0.323232323232  0.424242424242  0.555555555556  0.616161616162  
0.0505050505051  0.282828282828  0.89898989899  0.575757575758  0.535353535354  0.89898989899  0.20202020202  0.585858585859  
0.222222222222  0.363636363636  0.969696969697  0.282828282828  0.747474747475  0.363636363636  0.474747474747  0.59595959596  
0.333333333333  0.565656565657  0.757575757576  0.666666666667  0.212121212121  0.232323232323  0.707070707071  0.636363636364  
0.989898989899  0.121212121212  0.363636363636  0.828282828283  0.89898989899  0.131313131313  0.252525252525  0.414141414141  
0  0.040404040404  0.333333333333  0.575757575758  0.191919191919  0.585858585859  0.545454545455  1  
0.181818181818  0.848484848485  0.474747474747  0.0606060606061  0.767676767677  0.616161616162  0.252525252525  0.494949494949  
0.040404040404  0.474747474747  0.282828282828  0.383838383838  0.828282828283  0.494949494949  0.585858585859  0.383838383838  
0.848484848485  0.727272727273  0.141414141414  0.464646464646  0.151515151515  0.676767676768  0.494949494949  0.111111111111  
0.363636363636  0.818181818182  0.989898989899  0.505050505051  0.545454545455  0.282828282828  0.484848484848  0.79797979798  
0.555555555556  0.0707070707071  0.131313131313  0.69696969697  0.777777777778  0.636363636364  0.010101010101  0.939393939394  
0.787878787879  0.313131313131  0.969696969697  0.505050505051  0.616161616162  0.0909090909091  0.151515151515  0.0707070707071  
0.262626262626  0.989898989899  0.383838383838  0.777777777778  0.878787878788  0.343434343434  0.666666666667  0.0505050505051  
0.313131313131  0.686868686869  0.888888888889  0.444444444444  0.252525252525  0.767676767677  0.555555555556  0.494949494949  
0.89898989899  0.959595959596  0.020202020202  0.686868686869  0.858585858586  0.919191919192  0.040404040404  0.888888888889  
0.141414141414  0.515151515152  0.757575757576  0.212121212121  0.313131313131  0.454545454545  0.606060606061  0.959595959596  
0.151515151515  0.919191919192  0.040404040404  0.383838383838  0.353535353535  0.767676767677  0.969696969697  0.151515151515  
0.494949494949  0.444444444444  0.444444444444  0.030303030303  0.111111111111  0.69696969697  0.989898989899  0.868686868687  
0.585858585859  0.10101010101  0.79797979798  0.0707070707071  0.676767676768  0.929292929293  0.939393939394  0.828282828283  
0.838383838384  0.151515151515  0.737373737374  0.757575757576  0.262626262626  0  0.606060606061  0.212121212121  
0.171717171717  0.333333333333  0.565656565657  0.888888888889  0.232323232323  0.686868686869  0.777777777778  0.232323232323  
0.515151515152  0.0909090909091  0.606060606061  0.131313131313  0.939393939394  0.929292929293  0.010101010101  0.979797979798  
0.616161616162  0.878787878788  0.686868686869  0.868686868687  0.282828282828  0.494949494949  0.262626262626  0.131313131313  
0.535353535354  0.676767676768  0.767676767677  0.0707070707071  0.0909090909091  0.757575757576  0.515151515152  0.858585858586  
0.525252525253  0.858585858586  0.181818181818  0.868686868687  0.666666666667  0.737373737374  0.262626262626  0.212121212121  
0.989898989899  0.484848484848  0.262626262626  0.232323232323  0.40404040404  1  0.262626262626  0.252525252525  
0.454545454545  0.434343434343  0.939393939394  0.989898989899  0.262626262626  0.282828282828  0.747474747475  0.555555555556  
0.262626262626  0.30303030303  0.383838383838  0.949494949495  0.262626262626  0.323232323232  0.424242424242  0.949494949495  
0.454545454545  0.454545454545  0.252525252525  0.0707070707071  0.0505050505051  0.949494949495  0.222222222222  0.929292929293  
0.787878787879  0.656565656566  0.313131313131  0.707070707071  0.676767676768  0.656565656566  0.0808080808081  0.20202020202  
0.383838383838  0.808080808081  0.919191919192  0.626262626263  0.0909090909091  0.69696969697  0.787878787879  0.535353535354  
0.292929292929  0.656565656566  0.151515151515  0.030303030303  0.262626262626  0.484848484848  0.363636363636  0.808080808081  
0.69696969697  0.565656565657  0.0909090909091  0.494949494949  0.606060606061  0.838383838384  0  0.333333333333  
0.858585858586  0.343434343434  0.30303030303  0.161616161616  0.939393939394  0.373737373737  0.272727272727  0.929292929293  
0.0505050505051  0.121212121212  0.494949494949  0.666666666667  0.323232323232  0.616161616162  0.757575757576  0.878787878788  
0.232323232323  0.69696969697  0.828282828283  0.020202020202  0.242424242424  0.787878787879  0.808080808081  0.737373737374  
0.828282828283  0.0707070707071  0.505050505051  0.030303030303  0.515151515152  0.585858585859  0.949494949495  0.939393939394  
0.020202020202  0.454545454545  0.353535353535  0.939393939394  0.040404040404  0.464646464646  0.0808080808081  0.515151515152  
0.131313131313  0.868686868687  0.282828282828  0.030303030303  0.414141414141  0.888888888889  0.606060606061  0.929292929293  
0.161616161616  0.0808080808081  0.222222222222  0.020202020202  0.0808080808081  0.767676767677  0.434343434343  0.484848484848  
0.585858585859  0.464646464646  0.020202020202  0.40404040404  0.434343434343  0.515151515152  0  0.868686868687  
0.676767676768  0.0707070707071  0.0707070707071  0.989898989899  0.828282828283  0.131313131313  0.191919191919  0.121212121212  
0.363636363636  0.545454545455  0.787878787879  0.353535353535  0.282828282828  0.0808080808081  0.111111111111  0.383838383838  
0.868686868687  0.252525252525  0.959595959596  0.878787878788  0.545454545455  0.757575757576  0.515151515152  0.131313131313  
0.525252525253  0.747474747475  0.929292929293  0.191919191919  0.666666666667  0.040404040404  0.808080808081  0.848484848485  
0.89898989899  0.79797979798  0.272727272727  0.030303030303  0.191919191919  0.79797979798  0.282828282828  0.626262626263  
0.555555555556  0.0808080808081  0.535353535354  0.111111111111  0.262626262626  0.414141414141  0.757575757576  0.747474747475  
0.929292929293  0.454545454545  0.79797979798  0.717171717172  0.636363636364  0.848484848485  0.434343434343  0.343434343434  
0.969696969697  0.969696969697  0.939393939394  0.858585858586  0.222222222222  0.585858585859  0.484848484848  0.131313131313  
0.919191919192  0.777777777778  0.737373737374  0.959595959596  0.989898989899  0.737373737374  0.10101010101  0.0606060606061  
0.646464646465  0.828282828283  0.272727272727  0.232323232323  0.373737373737  0.464646464646  0.0707070707071  0.868686868687  
0.151515151515  0.222222222222  0.444444444444  0.656565656566  0.171717171717  0.030303030303  0.272727272727  0.606060606061  
1  0.131313131313  0.20202020202  0.535353535354  0.343434343434  0.141414141414  0.282828282828  0.151515151515  
0.989898989899  0.727272727273  0.30303030303  0.727272727273  0.212121212121  0.363636363636  0.10101010101  0.939393939394  
0.434343434343  0.464646464646  0.919191919192  0.959595959596  0.212121212121  0.191919191919  0.333333333333  0.787878787879  
0.40404040404  0.191919191919  0.494949494949  0.0505050505051  0.313131313131  0.111111111111  0.272727272727  0.454545454545  
0.484848484848  0.313131313131  0.929292929293  0.939393939394  0.141414141414  0.0606060606061  0.59595959596  0.626262626263  
0.858585858586  0.939393939394  0.111111111111  0.121212121212  0.575757575758  0.777777777778  0.868686868687  1  
0.252525252525  0.323232323232  0.393939393939  0.919191919192  0.474747474747  0.010101010101  0.333333333333  0.969696969697  
0.59595959596  0.828282828283  0.151515151515  0.535353535354  0.575757575758  0.707070707071  0.919191919192  0.10101010101  
0.313131313131  0.959595959596  0.161616161616  0.454545454545  0.939393939394  0.868686868687  0.989898989899  0.292929292929  
0.494949494949  0.0606060606061  0.686868686869  0.30303030303  0.272727272727  0.686868686869  0.535353535354  0.151515151515  
0.747474747475  0.787878787879  0.454545454545  0.0909090909091  0.606060606061  0.262626262626  0.848484848485  0.30303030303  
0.111111111111  0.0707070707071  0.515151515152  0.515151515152  0.555555555556  0.0909090909091  0.616161616162  0.393939393939  
0.181818181818  0.525252525253  0.535353535354  0.69696969697  0.242424242424  0.727272727273  0.555555555556  0.333333333333  
0.818181818182  0.0707070707071  0.434343434343  0.616161616162  0.59595959596  0.484848484848  0.777777777778  0.313131313131  
0.10101010101  0.535353535354  0.616161616162  0.444444444444  0.676767676768  0.777777777778  0.010101010101  0.585858585859  
0.474747474747  0.141414141414  0.333333333333  0.0808080808081  0.525252525253  0.333333333333  0.212121212121  0.030303030303  
0.565656565657  0.10101010101  0.424242424242  0.575757575758  1  0.10101010101  0.494949494949  0.868686868687  
0.222222222222  0.979797979798  0.666666666667  1  0.757575757576  0.242424242424  0.808080808081  0.181818181818  
0.40404040404  0.424242424242  0.707070707071  0.20202020202  0.282828282828  0.040404040404  0.111111111111  0.171717171717  
0.535353535354  0.252525252525  0.444444444444  0.393939393939  0.878787878788  0.121212121212  0.242424242424  0.666666666667  
0.373737373737  0.242424242424  0  0.161616161616  0.282828282828  0.121212121212  0.282828282828  0.131313131313  
0.282828282828  0.141414141414  0.505050505051  0.888888888889  0.282828282828  0.161616161616  0.020202020202  0.959595959596  
0.383838383838  0.161616161616  0.282828282828  0.191919191919  0.282828282828  0.20202020202  0.414141414141  0.555555555556  
0.717171717172  0.0808080808081  0.79797979798  0.20202020202  0.282828282828  0.242424242424  0.181818181818  0.909090909091  
0.666666666667  0.686868686869  0.666666666667  0.353535353535  0.020202020202  0.151515151515  0.191919191919  0.727272727273  
0.939393939394  0.0505050505051  0.474747474747  0.575757575758  0.919191919192  0.717171717172  0.232323232323  0.757575757576  
0.89898989899  0.525252525253  0.282828282828  0.353535353535  0.292929292929  0.868686868687  0.242424242424  0.717171717172  
0.131313131313  0.151515151515  0.111111111111  0.434343434343  0.232323232323  0.858585858586  0.868686868687  0.363636363636  
0.282828282828  0.424242424242  0.171717171717  0.888888888889  0.69696969697  0.818181818182  0.545454545455  0.0606060606061  
0.0606060606061  0.848484848485  0.30303030303  0.333333333333  0.979797979798  0.191919191919  0.232323232323  0.444444444444  
0.59595959596  0.282828282828  0.020202020202  0.292929292929  0.383838383838  0.818181818182  0.555555555556  0.464646464646  
0.282828282828  0.545454545455  0.121212121212  0.69696969697  0.949494949495  0.505050505051  0.474747474747  0.171717171717  
0.59595959596  0.545454545455  0.151515151515  0  0.282828282828  0.606060606061  0.606060606061  0.161616161616  
0.292929292929  1  0.858585858586  0.747474747475  0.161616161616  0.181818181818  0.10101010101  0.606060606061  
0.282828282828  0.666666666667  0  0.757575757576  0.606060606061  0.0606060606061  0.575757575758  0.515151515152  
0.929292929293  0.494949494949  0.141414141414  0.242424242424  0.161616161616  0.353535353535  0.282828282828  0.737373737374  
0.323232323232  0.373737373737  0.525252525253  0.020202020202  0.959595959596  0.59595959596  0.181818181818  0.0808080808081  
0.454545454545  0.626262626263  0.525252525253  0.0606060606061  0.0707070707071  0.353535353535  0.191919191919  0.535353535354  
0.010101010101  0.484848484848  0.808080808081  0.131313131313  0.0505050505051  0.262626262626  0.818181818182  0.848484848485  
0.282828282828  0.868686868687  0.282828282828  0.505050505051  0.79797979798  0.323232323232  0.212121212121  0.434343434343  
0.252525252525  0.727272727273  0.191919191919  0.989898989899  0.0606060606061  0.20202020202  0.020202020202  0.636363636364  
0.838383838384  0.868686868687  0.757575757576  0.464646464646  0.626262626263  0.575757575758  0.0505050505051  0.151515151515  
0.282828282828  0.989898989899  0.040404040404  0.757575757576  0.525252525253  0.505050505051  0.848484848485  0.0505050505051  
0.878787878788  0.464646464646  0.727272727273  0.535353535354  0.535353535354  0.585858585859  0.141414141414  0.828282828283  
0.20202020202  0.707070707071  0.454545454545  0.808080808081  0.989898989899  0.282828282828  0.131313131313  0.0808080808081  
0.121212121212  0.909090909091  0.262626262626  0.020202020202  0.989898989899  0.666666666667  0.292929292929  0.131313131313  
0.242424242424  0.808080808081  0.10101010101  0.838383838384  0.10101010101  0.020202020202  0.121212121212  0.959595959596  
0.292929292929  0.181818181818  0.838383838384  0.969696969697  0.757575757576  0.10101010101  0.585858585859  0.424242424242  
0.979797979798  0.111111111111  0.939393939394  0.343434343434  0.292929292929  0.242424242424  0.292929292929  0.252525252525  
0.59595959596  0.020202020202  0.020202020202  0.424242424242  0.161616161616  0.121212121212  0.707070707071  0.535353535354  
0.292929292929  0.30303030303  0.292929292929  0.313131313131  0.444444444444  0.272727272727  0.444444444444  0.161616161616  
0.585858585859  0.151515151515  0.393939393939  0.939393939394  0.575757575758  0.979797979798  0.282828282828  0.656565656566  
0.262626262626  0.818181818182  0.292929292929  0.393939393939  0.272727272727  0.616161616162  0.79797979798  0.575757575758  
0.252525252525  0.353535353535  0.262626262626  0.494949494949  0.181818181818  0.89898989899  0.181818181818  0.393939393939  
0.40404040404  0.323232323232  0.717171717172  0.20202020202  0.555555555556  0.313131313131  0.111111111111  0.343434343434  
0.79797979798  0.333333333333  0.292929292929  0.515151515152  0.464646464646  0.626262626263  0.979797979798  0.767676767677  
0.282828282828  0.272727272727  0.767676767677  0.020202020202  0.919191919192  0.222222222222  0.282828282828  0.757575757576  
0.59595959596  0.636363636364  0.969696969697  0.878787878788  0.454545454545  0.535353535354  0.444444444444  0.414141414141  
0.292929292929  0.626262626263  0.292929292929  0.636363636364  0.676767676768  0.575757575758  0.888888888889  0.525252525253  
0.252525252525  0.656565656566  0.525252525253  0.292929292929  0.292929292929  0.848484848485  0.313131313131  0.69696969697  
0.626262626263  0.030303030303  0.888888888889  0.343434343434  0.969696969697  0.373737373737  0.232323232323  0.828282828283  
0.444444444444  0.909090909091  0.292929292929  0.757575757576  0.535353535354  0.222222222222  0.252525252525  0.909090909091  
0.252525252525  0.89898989899  0.020202020202  0.444444444444  0.313131313131  0.808080808081  0.939393939394  0.111111111111  
0.171717171717  0.313131313131  0.79797979798  0.969696969697  0.181818181818  0.545454545455  0.040404040404  0.777777777778  
0.606060606061  0.878787878788  0.858585858586  0.121212121212  0.383838383838  0.686868686869  0.343434343434  0.606060606061  
0.555555555556  0.0505050505051  0.919191919192  0.010101010101  0.292929292929  0.929292929293  0.030303030303  0.0808080808081  
0.10101010101  0.222222222222  0.848484848485  0.69696969697  0.414141414141  0.272727272727  0.515151515152  0.0606060606061  
0.565656565657  0.545454545455  0.646464646465  0.919191919192  0.424242424242  0.555555555556  0.191919191919  0.505050505051  
0.383838383838  0.787878787879  0.30303030303  0.030303030303  0.646464646465  0.888888888889  0.737373737374  0.040404040404  
0.444444444444  0.838383838384  0.929292929293  0.989898989899  0.505050505051  0.0606060606061  0.30303030303  0.0909090909091  
1  0.151515151515  0.626262626263  0.171717171717  0.656565656566  0.888888888889  0.272727272727  0.767676767677  
0.181818181818  0.737373737374  0.848484848485  0.515151515152  0.848484848485  0.59595959596  0.111111111111  0.262626262626  
0.737373737374  0.171717171717  0.393939393939  0.535353535354  0.464646464646  0.828282828283  0.0505050505051  0.353535353535  
0.292929292929  0.414141414141  0.30303030303  0.232323232323  0.909090909091  0.10101010101  0.333333333333  0.333333333333  
0.535353535354  0.0707070707071  0.494949494949  0.636363636364  0.30303030303  0.282828282828  0.939393939394  0.414141414141  
0.121212121212  0.575757575758  0.808080808081  0.0606060606061  0.292929292929  0.666666666667  0.282828282828  0.474747474747  
0.363636363636  0.121212121212  0.232323232323  0.888888888889  0.171717171717  0.636363636364  0.737373737374  0.353535353535  
1  0.434343434343  0.363636363636  0.393939393939  0.30303030303  0.909090909091  0.454545454545  0.89898989899  
0.575757575758  0.141414141414  0.939393939394  0.363636363636  0.484848484848  0.151515151515  0.747474747475  0.707070707071  
0.30303030303  0.464646464646  0.161616161616  0.30303030303  0.89898989899  0.989898989899  0.717171717172  0.868686868687  
0.10101010101  0.909090909091  0.212121212121  0.535353535354  0.737373737374  0.666666666667  0.949494949495  0.0707070707071  
0.30303030303  0.272727272727  0.636363636364  0.131313131313  0.79797979798  0.646464646465  0.020202020202  0.585858585859  
0.818181818182  0.444444444444  0.30303030303  0.59595959596  0.181818181818  0.616161616162  0.30303030303  0.616161616162  
0.30303030303  0.626262626263  0.151515151515  0.373737373737  0.535353535354  0.747474747475  0.30303030303  0.656565656566  
0.727272727273  0.383838383838  0.30303030303  0.676767676768  0.212121212121  0.989898989899  0.464646464646  0.949494949495  
0.494949494949  0.383838383838  0.69696969697  0.939393939394  0.626262626263  0.919191919192  0.353535353535  0.282828282828  
0.30303030303  0.747474747475  0.626262626263  0.282828282828  0.707070707071  0.010101010101  0.616161616162  0.141414141414  
0.30303030303  0.787878787879  0.171717171717  0.878787878788  0.30303030303  0.808080808081  0.181818181818  0.666666666667  
0.282828282828  0.171717171717  1  0.575757575758  0.858585858586  0.191919191919  0.505050505051  0.323232323232  
0.0707070707071  0.0505050505051  0.757575757576  0.232323232323  0.282828282828  0.252525252525  0.535353535354  0.181818181818  
0.838383838384  0.949494949495  0.010101010101  0.020202020202  0.686868686869  0.393939393939  0.292929292929  0.424242424242  
0.0505050505051  0.525252525253  0.979797979798  0.30303030303  0.767676767677  0.979797979798  0.181818181818  0.727272727273  
0.909090909091  0.989898989899  0.515151515152  0.737373737374  0.929292929293  0.0909090909091  0.313131313131  0.010101010101  
0.757575757576  0.919191919192  0.989898989899  0.656565656566  0.656565656566  0  0.313131313131  0.0505050505051  
0.949494949495  0.141414141414  0.69696969697  0.868686868687  1  0.363636363636  0.222222222222  0.656565656566  
0.808080808081  0.30303030303  0.59595959596  0.121212121212  0.919191919192  0.888888888889  0.666666666667  0.909090909091  
0.474747474747  0.909090909091  0.141414141414  0.010101010101  0.464646464646  0.121212121212  0.545454545455  0.808080808081  
0.313131313131  0.181818181818  0.393939393939  0.040404040404  0.161616161616  0.848484848485  0.313131313131  0.606060606061  
0.979797979798  0.686868686869  0.474747474747  0.666666666667  0  0.555555555556  0.494949494949  0.454545454545  
0.858585858586  1  0.949494949495  0.030303030303  0.474747474747  0.767676767677  0.393939393939  0.40404040404  
0.89898989899  0.30303030303  0.313131313131  0.313131313131  0.313131313131  0.323232323232  0.737373737374  0.747474747475  
0.010101010101  0.838383838384  0.434343434343  0.242424242424  0.252525252525  0.161616161616  0.474747474747  0.111111111111  
0.616161616162  0.333333333333  0.69696969697  0.343434343434  0.525252525253  0.545454545455  0.535353535354  0.434343434343  
0.808080808081  0.373737373737  0.313131313131  0.434343434343  0.121212121212  0.343434343434  0.373737373737  0.292929292929  
0.919191919192  0.232323232323  0.767676767677  0.010101010101  0.10101010101  0.171717171717  0.313131313131  0.494949494949  
0.79797979798  0.363636363636  0.454545454545  0.727272727273  0.818181818182  0.353535353535  0.89898989899  0.757575757576  
0.252525252525  0.686868686869  0.313131313131  0.555555555556  0.383838383838  0.535353535354  0.454545454545  0.131313131313  
0.313131313131  0.585858585859  0.313131313131  0.59595959596  0.89898989899  0.222222222222  0.313131313131  0.616161616162  
0.393939393939  0.20202020202  0.313131313131  0.636363636364  0.363636363636  0.0707070707071  0.727272727273  0.59595959596  
0.333333333333  0  0.373737373737  0.888888888889  0.363636363636  0.979797979798  0.292929292929  0.707070707071  
0.282828282828  0.949494949495  0.242424242424  0.656565656566  0.959595959596  0.676767676768  0.30303030303  0.040404040404  
0.383838383838  0.878787878788  0.727272727273  0.181818181818  0.444444444444  0.848484848485  0.656565656566  0.040404040404  
0.717171717172  0.292929292929  0.313131313131  0.79797979798  0.232323232323  0.868686868687  0.585858585859  0.474747474747  
0.626262626263  0.929292929293  0.424242424242  0.525252525253  0.454545454545  0.444444444444  1  0.30303030303  
0.606060606061  0.232323232323  0.30303030303  0.69696969697  0.454545454545  0.151515151515  0.89898989899  0.949494949495  
0.30303030303  0.10101010101  0.212121212121  0.414141414141  0.313131313131  0.929292929293  0.616161616162  0.363636363636  
0.535353535354  0.545454545455  0.333333333333  0.010101010101  0.141414141414  0.10101010101  0.232323232323  0.282828282828  
0.535353535354  0.424242424242  0.343434343434  0.424242424242  0.242424242424  0.575757575758  0.363636363636  0.505050505051  
0.747474747475  0.959595959596  0.707070707071  0.777777777778  0.838383838384  0.535353535354  0.969696969697  0.585858585859  
0.0808080808081  0.323232323232  0.656565656566  0.373737373737  0.909090909091  0.313131313131  0.171717171717  0.262626262626  
0.767676767677  0.79797979798  0.929292929293  0.848484848485  0.242424242424  0.222222222222  0.242424242424  0.585858585859  
0.969696969697  0.737373737374  0.555555555556  0.878787878788  0.010101010101  0.606060606061  0.323232323232  0.171717171717  
0.373737373737  1  0.555555555556  0.121212121212  0.414141414141  0.707070707071  0.333333333333  0.989898989899  
0.59595959596  0.20202020202  0.808080808081  0.646464646465  0.949494949495  0.242424242424  0.323232323232  0.252525252525  
0.767676767677  0.212121212121  0.787878787879  0.828282828283  0.969696969697  0.494949494949  0.323232323232  0.292929292929  
0.040404040404  0.323232323232  0.545454545455  0.686868686869  0.181818181818  0.888888888889  0.737373737374  0.161616161616  
0.949494949495  0.282828282828  0.636363636364  0.545454545455  0.121212121212  0.949494949495  0.929292929293  0.656565656566  
0.292929292929  0.0707070707071  0.474747474747  0.838383838384  0.525252525253  0.0909090909091  0.30303030303  0.434343434343  
0.171717171717  0.30303030303  0.868686868687  0.929292929293  0.262626262626  0.393939393939  0.0808080808081  0.333333333333  
0.969696969697  0.232323232323  0.030303030303  0.858585858586  0.515151515152  0.747474747475  0.787878787879  0.939393939394  
0.373737373737  0.535353535354  0.343434343434  0.494949494949  0.323232323232  0.525252525253  0.868686868687  0.242424242424  
0.0505050505051  0.808080808081  0.848484848485  0.161616161616  0.858585858586  0.646464646465  0.969696969697  0.525252525253  
0.59595959596  0.606060606061  0.323232323232  0.59595959596  0.191919191919  0.20202020202  0.606060606061  0.393939393939  
0.0505050505051  0.565656565657  0.494949494949  0.747474747475  0.525252525253  0.0808080808081  0.494949494949  0.767676767677  
0.151515151515  0.555555555556  0.393939393939  0.79797979798  0.929292929293  0.333333333333  0.959595959596  0.141414141414  
0.272727272727  0.111111111111  0.989898989899  0.161616161616  0.676767676768  0.717171717172  0.626262626263  0.020202020202  
0.434343434343  0.323232323232  0.323232323232  0.757575757576  0.727272727273  0.878787878788  0.040404040404  0.10101010101  
0.89898989899  0.151515151515  0.616161616162  0.111111111111  0.767676767677  0.313131313131  0.909090909091  0.555555555556  
0.69696969697  0.0909090909091  0.353535353535  0.686868686869  0.525252525253  0.646464646465  0.787878787879  0.969696969697  
0.151515151515  0.0606060606061  0.111111111111  0.878787878788  0.949494949495  0.525252525253  0.040404040404  0.646464646465  
0.474747474747  0.40404040404  0.191919191919  0.0808080808081  0.858585858586  0.0505050505051  0.161616161616  0.959595959596  
0.363636363636  0.606060606061  0.353535353535  0.909090909091  0.040404040404  0.272727272727  0.606060606061  0.585858585859  
0.323232323232  0.989898989899  0.030303030303  0.474747474747  0.878787878788  0.131313131313  0.69696969697  0.69696969697  
0.545454545455  0.10101010101  0.262626262626  0.636363636364  0.636363636364  0.686868686869  0.0606060606061  0.808080808081  
0.909090909091  0.676767676768  0.262626262626  0.191919191919  0.282828282828  0.232323232323  0.363636363636  0.929292929293  
0.333333333333  0.10101010101  0  0.171717171717  0.555555555556  0.383838383838  0.363636363636  0.40404040404  
0.888888888889  0.606060606061  0.727272727273  0.272727272727  0.141414141414  0.181818181818  0.333333333333  0.171717171717  
0.757575757576  0.363636363636  0.111111111111  0.494949494949  0.626262626263  0.434343434343  0.59595959596  0.939393939394  
0.282828282828  0.515151515152  0.20202020202  0  0.191919191919  1  0.292929292929  0.575757575758  
0.929292929293  0.181818181818  0.111111111111  0.555555555556  0.878787878788  0.353535353535  0.606060606061  0.505050505051  
0.020202020202  0.707070707071  0.333333333333  0.313131313131  0.69696969697  0.89898989899  0.686868686869  0.484848484848  
0.555555555556  0.626262626263  0.383838383838  0.343434343434  0.333333333333  0.363636363636  0.333333333333  0.373737373737  
0.69696969697  0.151515151515  0.555555555556  0.434343434343  0.444444444444  0.383838383838  0.292929292929  0.333333333333  
0.272727272727  0.383838383838  0.515151515152  0.323232323232  0.616161616162  0.717171717172  0.969696969697  0.343434343434  
0.0707070707071  0.858585858586  0.838383838384  0.929292929293  0.757575757576  0.494949494949  0.131313131313  0.606060606061  
0.959595959596  0.0606060606061  0.989898989899  0.010101010101  0.818181818182  0.212121212121  0.343434343434  0.232323232323  
0.444444444444  0.949494949495  0.484848484848  0.434343434343  0.131313131313  0.757575757576  0.141414141414  0.0808080808081  
0.171717171717  0.0505050505051  0.181818181818  0.989898989899  0.333333333333  0.606060606061  0.676767676768  0.191919191919  
0.89898989899  0.969696969697  0.646464646465  0.878787878788  0.20202020202  0.414141414141  0.424242424242  0.828282828283  
0.151515151515  0.525252525253  0.333333333333  0.676767676768  0.333333333333  0.686868686869  0.333333333333  0.69696969697  
0.333333333333  0.707070707071  0.666666666667  0.656565656566  0.333333333333  0.727272727273  0.333333333333  0.737373737374  
0.939393939394  0.474747474747  0.565656565657  0.20202020202  0.444444444444  0.151515151515  0.454545454545  0.494949494949  
0.565656565657  0.40404040404  0.20202020202  0.646464646465  0.0808080808081  0.505050505051  0.434343434343  0.939393939394  
0.121212121212  0.252525252525  0.818181818182  0.919191919192  0.737373737374  0.141414141414  0.575757575758  0.636363636364  
0.333333333333  0.868686868687  0.30303030303  0.838383838384  0.848484848485  0.666666666667  0.333333333333  0.89898989899  
0.515151515152  0.424242424242  0.868686868687  0.868686868687  0.888888888889  0.424242424242  0.818181818182  0.747474747475  
0.444444444444  0.363636363636  0.333333333333  0.959595959596  0.929292929293  0.666666666667  0.0606060606061  0.686868686869  
0.727272727273  0  0.30303030303  0.767676767677  0.20202020202  0.606060606061  0.141414141414  0.121212121212  
0.747474747475  0.383838383838  0.242424242424  0.131313131313  0.868686868687  0.848484848485  0.171717171717  0.707070707071  
0.929292929293  0  0.848484848485  0.10101010101  0.979797979798  0.525252525253  0.121212121212  0.616161616162  
0.79797979798  0.515151515152  0.343434343434  0.111111111111  0.939393939394  0.757575757576  0.313131313131  0.353535353535  
0.989898989899  0.626262626263  0.0808080808081  0.363636363636  0.828282828283  0.848484848485  0.808080808081  0.949494949495  
0.10101010101  0.161616161616  0.353535353535  0.646464646465  0.232323232323  0.333333333333  0.323232323232  0.494949494949  
0.323232323232  0.979797979798  0.313131313131  0.191919191919  0.323232323232  0.10101010101  0.121212121212  0.373737373737  
0.494949494949  0.888888888889  0.282828282828  0.717171717172  0  0.69696969697  0.232323232323  0.212121212121  
0.343434343434  0.30303030303  0.343434343434  0.191919191919  0.69696969697  0.313131313131  0.0808080808081  0.353535353535  
0.343434343434  0.343434343434  0.909090909091  0.909090909091  0.343434343434  0.363636363636  0.343434343434  0.373737373737  
0.828282828283  0.171717171717  0.535353535354  0.707070707071  0.585858585859  0  0.787878787879  0.808080808081  
0.646464646465  0.0707070707071  0.343434343434  0.434343434343  0.222222222222  0.161616161616  0.727272727273  0.969696969697  
0.838383838384  0.616161616162  0.343434343434  0.676767676768  0.0909090909091  0.272727272727  0.434343434343  1  
0.505050505051  0.606060606061  0.343434343434  0.515151515152  0.59595959596  0.656565656566  0.10101010101  0.343434343434  
0.858585858586  0.79797979798  0.020202020202  0.555555555556  0.20202020202  0.040404040404  0.919191919192  0.787878787879  
0.505050505051  0.020202020202  0.131313131313  0.30303030303  0.30303030303  0.393939393939  0.878787878788  0.777777777778  
0.575757575758  0.666666666667  0.474747474747  0.565656565657  0.484848484848  0.878787878788  1  0.505050505051  
0.161616161616  0.565656565657  0.30303030303  0.494949494949  0.868686868687  0.949494949495  0.777777777778  0.262626262626  
0.343434343434  0.707070707071  0.222222222222  0.121212121212  0.565656565657  0.727272727273  0.676767676768  0.727272727273  
0.686868686869  0.707070707071  0.757575757576  0.111111111111  0.343434343434  0.767676767677  0.717171717172  0.161616161616  
0.343434343434  0.787878787879  0.343434343434  0.79797979798  0.282828282828  0.363636363636  0.393939393939  0.272727272727  
0.30303030303  0  0.606060606061  0.20202020202  0.343434343434  0.848484848485  0.232323232323  0.181818181818  
0.30303030303  0.0707070707071  0.717171717172  0.010101010101  0.808080808081  0.79797979798  0.181818181818  0.777777777778  
0.787878787879  0.393939393939  0.787878787879  0.262626262626  0.424242424242  0.0606060606061  0.414141414141  0.010101010101  
0.818181818182  0.494949494949  0.222222222222  0.20202020202  0.343434343434  0.969696969697  0.161616161616  0.767676767677  
0.161616161616  0.292929292929  0.252525252525  0.646464646465  0.242424242424  0.747474747475  0.232323232323  0.949494949495  
0.353535353535  0.020202020202  0.20202020202  0.0505050505051  0.757575757576  0.545454545455  0.141414141414  0.393939393939  
0.222222222222  0.343434343434  0.262626262626  0.474747474747  0.131313131313  1  0.353535353535  0.0909090909091  
0.454545454545  0.191919191919  0.323232323232  0.040404040404  0.414141414141  0.717171717172  0.252525252525  0.30303030303  
0.424242424242  0.777777777778  0.353535353535  0.151515151515  0.272727272727  0.69696969697  0.333333333333  0.434343434343  
0.474747474747  0.232323232323  0.878787878788  0.868686868687  0.757575757576  0.181818181818  0.363636363636  0.89898989899  
0.505050505051  0.40404040404  0.232323232323  0.737373737374  0.252525252525  0.555555555556  0.040404040404  0.20202020202  
0.353535353535  0.262626262626  0.353535353535  0.606060606061  0.30303030303  0.737373737374  0.353535353535  0.292929292929  
0.555555555556  0.777777777778  0.474747474747  0.89898989899  0.212121212121  0.858585858586  0.242424242424  0.292929292929  
0.131313131313  0.393939393939  0.0606060606061  0.131313131313  0.20202020202  0.030303030303  0.373737373737  0.919191919192  
0.040404040404  0.242424242424  0.242424242424  0.444444444444  0.676767676768  0.363636363636  0.353535353535  0.414141414141  
0.848484848485  0.737373737374  0.414141414141  0.818181818182  0.353535353535  0.444444444444  0.0707070707071  0.929292929293  
0.737373737374  0.919191919192  0.424242424242  0.979797979798  0.949494949495  0.646464646465  0.646464646465  0.79797979798  
0.10101010101  0.515151515152  0.828282828283  0.666666666667  0.40404040404  0.484848484848  0.818181818182  0.373737373737  
0.686868686869  0.040404040404  0.858585858586  0.40404040404  0.909090909091  0.373737373737  0.010101010101  0.353535353535  
0.0505050505051  0.161616161616  0.353535353535  0.59595959596  0.030303030303  0.363636363636  0.353535353535  0.616161616162  
0.717171717172  0.10101010101  0.676767676768  0.282828282828  0.525252525253  0.89898989899  0.121212121212  0.30303030303  
0.121212121212  0.969696969697  0.646464646465  0.464646464646  0.818181818182  0.909090909091  0.0808080808081  0.535353535354  
0.626262626263  0.757575757576  0.242424242424  0.171717171717  0.606060606061  0.353535353535  0.949494949495  0.373737373737  
0.585858585859  0.969696969697  0.131313131313  0.737373737374  0.838383838384  0.808080808081  0.717171717172  0.212121212121  
0.494949494949  0.353535353535  0.454545454545  0.909090909091  0.555555555556  0.787878787879  0.111111111111  0.333333333333  
0.494949494949  0.737373737374  0.353535353535  0.838383838384  0.757575757576  0.616161616162  0.353535353535  0.858585858586  
0.454545454545  0.343434343434  0.535353535354  0.626262626263  0.555555555556  0.79797979798  0.333333333333  0.252525252525  
0.808080808081  0.343434343434  0.0606060606061  0.959595959596  0.232323232323  0.676767676768  0.141414141414  0.454545454545  
1  0.040404040404  0.686868686869  0.444444444444  0.292929292929  0.161616161616  0.040404040404  0.333333333333  
0.353535353535  0.989898989899  0.353535353535  1  0.737373737374  0.181818181818  0.585858585859  0.454545454545  
0.545454545455  0.121212121212  0.979797979798  0.636363636364  0.727272727273  0.737373737374  0.040404040404  0.929292929293  
0.363636363636  0.0606060606061  0.616161616162  0.646464646465  0.121212121212  0.181818181818  0.252525252525  0.606060606061  
0.949494949495  0.40404040404  0.89898989899  0.0606060606061  0.222222222222  0.040404040404  0.888888888889  0.474747474747  
0.363636363636  0.141414141414  0.0707070707071  0.131313131313  0.363636363636  0.161616161616  0.777777777778  0  
0.666666666667  0.565656565657  0.989898989899  0.646464646465  0.363636363636  0.20202020202  0  0.282828282828  
0.676767676768  0.474747474747  0.979797979798  0.010101010101  0.89898989899  0.585858585859  0.383838383838  0.383838383838  
0.121212121212  0.414141414141  0.454545454545  1  0.363636363636  0.282828282828  0.585858585859  0.282828282828  
0.666666666667  0.646464646465  0.363636363636  0.313131313131  0.171717171717  0.383838383838  0.828282828283  0.383838383838  
0.606060606061  0.181818181818  0.363636363636  0.757575757576  0.242424242424  0.0707070707071  0.363636363636  0.373737373737  
0.363636363636  0.383838383838  0.282828282828  0.535353535354  0.828282828283  0.121212121212  0.363636363636  0.414141414141  
0.393939393939  0.626262626263  0.10101010101  0.0808080808081  0.383838383838  0.151515151515  0.868686868687  0.636363636364  
0.747474747475  0.191919191919  0.535353535354  0.959595959596  0.363636363636  0.484848484848  0.30303030303  0.262626262626  
0.232323232323  0.343434343434  0.363636363636  0.515151515152  0.767676767677  0.414141414141  0.979797979798  0.606060606061  
0.030303030303  0.717171717172  0.737373737374  0.474747474747  0.444444444444  0.626262626263  0.848484848485  0.373737373737  
0.666666666667  0.0909090909091  0.959595959596  0.585858585859  0.484848484848  0.535353535354  0.0606060606061  0.0808080808081  
0.484848484848  0.40404040404  0.131313131313  0.656565656566  0.69696969697  0.383838383838  0.363636363636  0.656565656566  
0.0505050505051  0.666666666667  0.373737373737  0.111111111111  0.494949494949  0.030303030303  0.363636363636  0.69696969697  
0.686868686869  0.808080808081  0.363636363636  0.717171717172  0.707070707071  0.969696969697  0.363636363636  0.737373737374  
0.424242424242  0.414141414141  0.434343434343  0.161616161616  0.363636363636  0.767676767677  0.484848484848  0.909090909091  
0.383838383838  0.616161616162  0.363636363636  0.79797979798  0.808080808081  0.0707070707071  0.353535353535  0.848484848485  
0.10101010101  0.868686868687  0.222222222222  0.777777777778  0.010101010101  0.363636363636  0.69696969697  0.606060606061  
0.414141414141  1  0.848484848485  0.414141414141  0.606060606061  0.626262626263  0.616161616162  0.343434343434  
0.757575757576  0.818181818182  0.535353535354  0.343434343434  0.717171717172  0.363636363636  0.020202020202  0.929292929293  
0.373737373737  0.787878787879  0.363636363636  0.959595959596  0.191919191919  0.737373737374  0.888888888889  0.414141414141  
0.919191919192  0.343434343434  0.747474747475  0.545454545455  0.888888888889  0.141414141414  0.373737373737  0.010101010101  
0.373737373737  0.020202020202  0.848484848485  0.222222222222  0.727272727273  0.373737373737  0.575757575758  0.575757575758  
0.717171717172  0.848484848485  0.111111111111  0.373737373737  0.141414141414  0.282828282828  0.373737373737  0.0909090909091  
0.111111111111  0.666666666667  0.979797979798  0.0707070707071  0.818181818182  0.131313131313  0.929292929293  0.767676767677  
0.616161616162  0.858585858586  0.636363636364  0.949494949495  0.565656565657  0.959595959596  0.505050505051  0.929292929293  
0.373737373737  0.181818181818  0.373737373737  0.191919191919  0.747474747475  0.979797979798  0.575757575758  0.040404040404  
0.040404040404  0.30303030303  0.343434343434  0.979797979798  0.181818181818  0.959595959596  0.333333333333  0.040404040404  
0.353535353535  0.10101010101  0.151515151515  0.343434343434  0.464646464646  0.666666666667  0.131313131313  0.919191919192  
0.373737373737  0.30303030303  0.525252525253  0.69696969697  0.919191919192  0.272727272727  0.848484848485  0.505050505051  
0.717171717172  0.30303030303  0.373737373737  0.353535353535  0.363636363636  0.363636363636  0.959595959596  0.393939393939  
0.373737373737  0.383838383838  0.0707070707071  0.515151515152  0.878787878788  0.525252525253  0.313131313131  0.909090909091  
0.373737373737  0.424242424242  0.343434343434  0.717171717172  0.969696969697  0.212121212121  0.808080808081  0.929292929293  
0.929292929293  0.040404040404  0.484848484848  0.69696969697  0.989898989899  0.888888888889  0.232323232323  0.121212121212  
0.878787878788  0.383838383838  0.636363636364  0.878787878788  0  0.545454545455  0.656565656566  0.151515151515  
0.262626262626  0.888888888889  0.373737373737  0.555555555556  0.575757575758  0.949494949495  0.292929292929  0.212121212121  
0.30303030303  0.848484848485  0.878787878788  0.272727272727  0.030303030303  0.787878787879  0.343434343434  0.161616161616  
0.292929292929  0.0808080808081  0.0909090909091  0.484848484848  0.79797979798  0.69696969697  0.929292929293  0.707070707071  
0.373737373737  0.666666666667  0.373737373737  0.676767676768  0.848484848485  0.585858585859  0.616161616162  0.606060606061  
0.363636363636  0.10101010101  0.262626262626  0.838383838384  0.858585858586  0.212121212121  0.373737373737  0.222222222222  
0.373737373737  0.747474747475  0.373737373737  0.757575757576  0.89898989899  0.20202020202  0.878787878788  0.111111111111  
0.151515151515  0.828282828283  0.030303030303  0.454545454545  0.252525252525  0.383838383838  0.89898989899  0.606060606061  
0  0.30303030303  0.858585858586  0.373737373737  1  0.959595959596  0.717171717172  0.616161616162  
0.373737373737  0.868686868687  0.141414141414  0.323232323232  0.191919191919  0.757575757576  0.0606060606061  0.818181818182  
0.030303030303  0.434343434343  0  0.878787878788  0.666666666667  0.262626262626  0.0909090909091  0.191919191919  
0.191919191919  0.89898989899  0.292929292929  0.828282828283  0.161616161616  0.747474747475  0.373737373737  0.979797979798  
0.949494949495  0.848484848485  0.020202020202  0.666666666667  0.343434343434  0.10101010101  0.858585858586  0.323232323232  
0.40404040404  0.131313131313  0.383838383838  0.030303030303  0.383838383838  0.040404040404  0.575757575758  0.737373737374  
0.767676767677  0.636363636364  0.343434343434  1  0.89898989899  0.111111111111  0.30303030303  0.545454545455  
0.151515151515  0.020202020202  0.828282828283  0.353535353535  0.464646464646  0.484848484848  0.383838383838  0.131313131313  
0.767676767677  0.777777777778  0.666666666667  0.727272727273  0.838383838384  0.111111111111  0.474747474747  0.515151515152  
0.131313131313  0.585858585859  0.383838383838  0.191919191919  0.494949494949  0.393939393939  0.242424242424  0.909090909091  
0.464646464646  0.979797979798  1  0.393939393939  0.525252525253  0.949494949495  0.89898989899  0.282828282828  
0.989898989899  0.373737373737  0.010101010101  0.131313131313  0.525252525253  0.525252525253  0.525252525253  0.414141414141  
0.343434343434  0.939393939394  0.181818181818  0.636363636364  0.353535353535  0.969696969697  0.676767676768  0.494949494949  
0.0909090909091  0.919191919192  0.585858585859  0.717171717172  0.010101010101  0.222222222222  0.707070707071  0.363636363636  
0.707070707071  0.383838383838  0.727272727273  0.636363636364  0.777777777778  0.383838383838  0.383838383838  0.414141414141  
0.79797979798  0.494949494949  0.989898989899  0.959595959596  0.868686868687  0.10101010101  0.646464646465  0.393939393939  
0.383838383838  0.464646464646  0.575757575758  0.171717171717  0.515151515152  0.959595959596  0.383838383838  0.494949494949  
0.383838383838  0.505050505051  0.717171717172  0.515151515152  0.121212121212  0.808080808081  0.585858585859  0.434343434343  
0.40404040404  0.808080808081  0.383838383838  0.555555555556  0.383838383838  0.565656565657  0.525252525253  0.444444444444  
0.383838383838  0.585858585859  0.909090909091  0.616161616162  0.919191919192  0.909090909091  0.313131313131  0.858585858586  
0.969696969697  0.0707070707071  0.626262626263  0.949494949495  0.191919191919  0.252525252525  0.636363636364  0.333333333333  
0.636363636364  0.727272727273  0.969696969697  0.10101010101  0.767676767677  0.919191919192  0.383838383838  0.69696969697  
0.444444444444  0.777777777778  0.717171717172  0.181818181818  0.757575757576  0.858585858586  1  0.0808080808081  
0.505050505051  0.212121212121  0.383838383838  0.757575757576  0.959595959596  0.808080808081  0  0.131313131313  
0.0606060606061  0.606060606061  0.10101010101  0.010101010101  0.262626262626  0.424242424242  0.79797979798  0.262626262626  
0.757575757576  0.161616161616  0.020202020202  0.171717171717  0.545454545455  0.474747474747  0.383838383838  0.858585858586  
0.474747474747  0.393939393939  0.40404040404  0.959595959596  0.606060606061  0.373737373737  0.919191919192  0.525252525253  
0.0707070707071  0.111111111111  0.383838383838  0.919191919192  0.454545454545  0.181818181818  0.282828282828  0.0707070707071  
0.89898989899  0.626262626263  0.0808080808081  0.383838383838  0.212121212121  1  0.535353535354  0.313131313131  
0.919191919192  0.707070707071  0.242424242424  0.737373737374  0.818181818182  0.0808080808081  0.393939393939  0.010101010101  
0.777777777778  0.373737373737  0.989898989899  0.10101010101  0.323232323232  0.727272727273  0.121212121212  0.59595959596  
0.878787878788  0.0707070707071  0.363636363636  0.323232323232  0.525252525253  0.848484848485  0  0.676767676768  
0.323232323232  0.0606060606061  0.787878787879  0.666666666667  0.393939393939  0.121212121212  0.979797979798  0.131313131313  
0.979797979798  0.0909090909091  0.454545454545  0.787878787879  0.393939393939  0.161616161616  0.111111111111  0.323232323232  
0.272727272727  0.949494949495  0.373737373737  0.717171717172  0.232323232323  0.0909090909091  0.969696969697  0.606060606061  
0.474747474747  0.717171717172  0.979797979798  0.777777777778  0.464646464646  0.767676767677  0.545454545455  0.353535353535  
0.717171717172  0.434343434343  0.343434343434  0.818181818182  0.262626262626  0.262626262626  0.393939393939  0.292929292929  
0.565656565657  0.232323232323  0.414141414141  0.575757575758  0.020202020202  0.020202020202  0.383838383838  0.868686868687  
0.393939393939  0.343434343434  0.555555555556  0.808080808081  0.828282828283  0.979797979798  0.151515151515  0.262626262626  
0.343434343434  0.333333333333  0.484848484848  0.020202020202  0.878787878788  0.030303030303  0.878787878788  0.858585858586  
0.030303030303  0.464646464646  0.393939393939  0.434343434343  0.656565656566  0.767676767677  0.939393939394  0.181818181818  
0.737373737374  0  0.393939393939  0.474747474747  0.525252525253  0.242424242424  0.555555555556  0.565656565657  
0.959595959596  0.89898989899  0.464646464646  0.848484848485  0.20202020202  0.474747474747  0.212121212121  0.464646464646  
0.979797979798  0.353535353535  0.626262626263  0.606060606061  0.686868686869  0.464646464646  0.878787878788  0.424242424242  
0.69696969697  0.656565656566  0.515151515152  0.767676767677  0.525252525253  0.494949494949  0.030303030303  0.515151515152  
0.232323232323  0.40404040404  0.313131313131  0.474747474747  0.606060606061  0.555555555556  0.393939393939  0.656565656566  
0.484848484848  0.121212121212  0.393939393939  0.676767676768  1  0.949494949495  0.858585858586  0.89898989899  
0.585858585859  0.272727272727  0.393939393939  0.717171717172  0.777777777778  0.939393939394  0.20202020202  0.20202020202  
0.393939393939  0.747474747475  0.818181818182  0.656565656566  0.272727272727  0.191919191919  0.0808080808081  0.464646464646  
0.171717171717  0.727272727273  0.818181818182  0.727272727273  0.111111111111  0.959595959596  0.575757575758  0.424242424242  
0.393939393939  0.828282828283  0.232323232323  0.474747474747  0.161616161616  0.010101010101  0.565656565657  0.0808080808081  
0.878787878788  0.505050505051  0.585858585859  0.565656565657  0.393939393939  0.888888888889  0.252525252525  0.828282828283  
0.666666666667  0.606060606061  0.30303030303  0.444444444444  0.393939393939  0.929292929293  0.212121212121  0.0808080808081  
0.393939393939  0.949494949495  0.969696969697  0.252525252525  0.212121212121  0.262626262626  0.393939393939  0.979797979798  
0.020202020202  0.0909090909091  0.232323232323  0.79797979798  0.868686868687  0.989898989899  0.737373737374  0.989898989899  
0.909090909091  0.444444444444  0.505050505051  0.10101010101  1  0.454545454545  0.717171717172  0.191919191919  
0.0606060606061  0.373737373737  0.161616161616  0.171717171717  0.575757575758  0  0.565656565657  0.79797979798  
0.636363636364  0.666666666667  0.40404040404  0.111111111111  0.515151515152  0.525252525253  0.383838383838  0.020202020202  
0.0707070707071  0.282828282828  0.545454545455  0.333333333333  0.40404040404  0.161616161616  0.262626262626  1  
0.808080808081  0.020202020202  0.30303030303  0.606060606061  0.535353535354  0.939393939394  0.808080808081  0.262626262626  
0.292929292929  0  0.535353535354  0.535353535354  0.636363636364  0.434343434343  0.40404040404  0.252525252525  
0.707070707071  0.40404040404  0.171717171717  0.959595959596  0.979797979798  0.141414141414  0.79797979798  0.545454545455  
0.767676767677  0.363636363636  0.909090909091  0.848484848485  0.111111111111  0.969696969697  0.646464646465  0.212121212121  
0.878787878788  0.555555555556  0.89898989899  0.10101010101  0.323232323232  0.242424242424  0.181818181818  0.161616161616  
0.929292929293  0.616161616162  0.767676767677  0.333333333333  0.020202020202  0.373737373737  0.262626262626  0.363636363636  
0.151515151515  0.484848484848  0.535353535354  1  0.969696969697  0.757575757576  0.030303030303  0.89898989899  
0.393939393939  0.959595959596  0.262626262626  0.79797979798  0.353535353535  0.525252525253  0.40404040404  0.494949494949  
0.484848484848  0.262626262626  0.757575757576  0.424242424242  0.989898989899  0.909090909091  0.181818181818  0.767676767677  
0.474747474747  0.727272727273  0.505050505051  0.717171717172  0.777777777778  0.989898989899  0.40404040404  0.575757575758  
0.545454545455  0.010101010101  0.838383838384  0.59595959596  0.40404040404  0.606060606061  0.282828282828  0.212121212121  
0.0909090909091  0.707070707071  0.909090909091  0.464646464646  0.575757575758  0.919191919192  0.020202020202  0.848484848485  
0.40404040404  0.666666666667  0.40404040404  0.222222222222  0.161616161616  0.161616161616  0.545454545455  0.515151515152  
0.505050505051  0.848484848485  0.292929292929  0.222222222222  0.686868686869  0.262626262626  0.717171717172  0.636363636364  
0.636363636364  0.747474747475  0.535353535354  0.909090909091  0.979797979798  0.424242424242  0.919191919192  0.818181818182  
0.40404040404  0.787878787879  0.848484848485  0.383838383838  0.373737373737  0.20202020202  0.040404040404  0.484848484848  
0.40404040404  0.828282828283  0.40404040404  0.838383838384  0.969696969697  0  0.989898989899  0.272727272727  
0.666666666667  0.878787878788  0.505050505051  0.363636363636  0.565656565657  0.585858585859  0.232323232323  0.575757575758  
0.242424242424  0.0606060606061  0.59595959596  0  0.989898989899  0.464646464646  0.0707070707071  0.505050505051  
0.141414141414  0.525252525253  0.909090909091  0.111111111111  0.0707070707071  0.343434343434  0.757575757576  0.292929292929  
0.636363636364  0.505050505051  0.777777777778  0.282828282828  0.828282828283  0.40404040404  0.959595959596  0.656565656566  
0.484848484848  0.727272727273  0.414141414141  0.030303030303  0.858585858586  0.717171717172  0.414141414141  0.0505050505051  
0.141414141414  0.535353535354  0.888888888889  0.848484848485  0.353535353535  0.949494949495  0.313131313131  0.0707070707071  
0.939393939394  0.585858585859  0.89898989899  0.232323232323  0.585858585859  0.585858585859  0.353535353535  0.666666666667  
0.414141414141  0.141414141414  0.414141414141  0.151515151515  0.30303030303  0.353535353535  0.353535353535  0.676767676768  
0.0606060606061  0.868686868687  0.282828282828  0.888888888889  0.757575757576  0.606060606061  0.434343434343  0.707070707071  
0.121212121212  1  0.414141414141  0.232323232323  0.373737373737  0.141414141414  0.555555555556  0.575757575758  
0.727272727273  0.0505050505051  0.333333333333  0.535353535354  0.222222222222  0.89898989899  0.030303030303  0.444444444444  
0.373737373737  0.959595959596  0.414141414141  0.313131313131  0.717171717172  0.111111111111  0.121212121212  0.939393939394  
0.313131313131  0.444444444444  0.343434343434  0.464646464646  0.414141414141  0.363636363636  0.666666666667  0.282828282828  
0.0606060606061  0.565656565657  0.535353535354  0.30303030303  0.414141414141  0.40404040404  0.414141414141  0.414141414141  
0.686868686869  0.969696969697  0.111111111111  0.616161616162  0.89898989899  0.363636363636  0.020202020202  0.757575757576  
0.373737373737  0.525252525253  0.414141414141  0.474747474747  0.868686868687  0.0909090909091  0.20202020202  0.434343434343  
0.20202020202  0.808080808081  0.272727272727  0.434343434343  0.383838383838  0.969696969697  0.414141414141  0.535353535354  
0.313131313131  0.89898989899  0.282828282828  0.10101010101  0.414141414141  0.565656565657  0.535353535354  0.929292929293  
0.323232323232  0.232323232323  0.79797979798  0.939393939394  0.414141414141  0.606060606061  0.414141414141  0.616161616162  
0.010101010101  0  0.222222222222  0.383838383838  0.575757575758  0.505050505051  0.959595959596  0.0707070707071  
0.444444444444  0.929292929293  0.79797979798  0.666666666667  0.666666666667  0.393939393939  0.646464646465  0.111111111111  
0.555555555556  0.757575757576  0.565656565657  0.444444444444  0.89898989899  0.666666666667  0.414141414141  0.737373737374  
0.262626262626  0.383838383838  0.686868686869  0.686868686869  0.0606060606061  0.30303030303  0.444444444444  0.959595959596  
0.40404040404  0.343434343434  0.414141414141  0.79797979798  0.424242424242  0.717171717172  0.424242424242  0.323232323232  
0.666666666667  0.626262626263  1  0.666666666667  0.828282828283  0.212121212121  0.515151515152  0.252525252525  
0.383838383838  0.747474747475  0.40404040404  0.171717171717  0.969696969697  0.818181818182  0.585858585859  0.828282828283  
0.909090909091  0.151515151515  0.414141414141  0.919191919192  0  0.666666666667  0.363636363636  0.626262626263  
0.222222222222  0.353535353535  0.313131313131  0.40404040404  0.525252525253  0.707070707071  0.292929292929  0.383838383838  
0.232323232323  0.969696969697  0.272727272727  0.939393939394  0.686868686869  0.717171717172  0.424242424242  0.010101010101  
0.30303030303  0.383838383838  0.424242424242  0.030303030303  0.040404040404  0.525252525253  0.424242424242  0.0505050505051  
0.343434343434  0.929292929293  0.676767676768  0.808080808081  0.59595959596  0.69696969697  0.424242424242  0.0909090909091  
0.89898989899  0.343434343434  0.424242424242  0.111111111111  0.151515151515  0.686868686869  0.0606060606061  0.646464646465  
0.424242424242  0.141414141414  0.343434343434  0.878787878788  0.383838383838  0.666666666667  0.424242424242  0.171717171717  
0.484848484848  0.242424242424  0.757575757576  0.808080808081  0.565656565657  0.939393939394  0.020202020202  0.222222222222  
0.545454545455  0.484848484848  0.888888888889  0.171717171717  0.525252525253  0.656565656566  0.424242424242  0.252525252525  
0.535353535354  0.79797979798  0.868686868687  0.393939393939  0.313131313131  0.828282828283  0.949494949495  0.20202020202  
0.474747474747  0.505050505051  0.777777777778  0.828282828283  0.131313131313  0.676767676768  0.10101010101  0.626262626263  
0.888888888889  0.010101010101  0.929292929293  0.676767676768  0.424242424242  0.363636363636  0.151515151515  0.777777777778  
0.424242424242  0.383838383838  0.252525252525  0.959595959596  0.424242424242  0.40404040404  0.929292929293  0.020202020202  
0.828282828283  0.242424242424  0.767676767677  0.181818181818  0.454545454545  0.141414141414  0.616161616162  0.656565656566  
0.333333333333  0.767676767677  0.424242424242  0.474747474747  0.111111111111  0.808080808081  0.161616161616  0.10101010101  
0.989898989899  0.0606060606061  0.0505050505051  0.313131313131  0.131313131313  0.262626262626  0.222222222222  0.717171717172  
0.444444444444  0.939393939394  0.89898989899  0.747474747475  0.545454545455  0.585858585859  0.161616161616  1  
0.0707070707071  0.383838383838  0.424242424242  0.59595959596  0.838383838384  0.989898989899  0.757575757576  0.0808080808081  
0.828282828283  0.505050505051  0.313131313131  0.484848484848  0.121212121212  0.191919191919  0.838383838384  0.707070707071  
0.878787878788  0.787878787879  0.0606060606061  0.282828282828  0.424242424242  0.686868686869  0.424242424242  0.69696969697  
0.424242424242  0.707070707071  0.363636363636  0.474747474747  0.020202020202  1  0.757575757576  0.535353535354  
0.484848484848  0.505050505051  0.0505050505051  0.959595959596  0.343434343434  0.0909090909091  0.959595959596  0.282828282828  
0.424242424242  0.787878787879  0.929292929293  0.0505050505051  0.424242424242  0.808080808081  0.282828282828  0.676767676768  
0.363636363636  0.525252525253  0.424242424242  0.838383838384  0.424242424242  0.848484848485  0.949494949495  0.79797979798  
0.424242424242  0.868686868687  0.535353535354  0.838383838384  0.383838383838  0.10101010101  0.686868686869  0.828282828283  
0.747474747475  0.868686868687  0.424242424242  0.919191919192  0.555555555556  0.040404040404  0.565656565657  0.919191919192  
0.343434343434  0.393939393939  0.585858585859  0.626262626263  0.292929292929  0.858585858586  0.686868686869  0.59595959596  
0.434343434343  0.555555555556  0.333333333333  0.515151515152  0.939393939394  0.787878787879  0.545454545455  0.30303030303  
0.434343434343  0.949494949495  0.434343434343  0.030303030303  0.181818181818  0.212121212121  0.464646464646  0.585858585859  
0.747474747475  0.969696969697  0.555555555556  0.171717171717  0.959595959596  0.888888888889  0.515151515152  0.30303030303  
0.131313131313  0.989898989899  0.616161616162  0.222222222222  0.141414141414  0.0909090909091  0.434343434343  0.131313131313  
0.434343434343  0.141414141414  0.161616161616  0.79797979798  0.111111111111  0.636363636364  0.434343434343  0.171717171717  
0.808080808081  0.0505050505051  0.40404040404  0.79797979798  0.434343434343  0.20202020202  0.565656565657  0.272727272727  
0.737373737374  0.969696969697  0.434343434343  0.232323232323  0.0808080808081  0.949494949495  0.919191919192  0.656565656566  
0.737373737374  0.838383838384  0.494949494949  0.89898989899  0.787878787879  0.0505050505051  0.353535353535  0.555555555556  
0.959595959596  0.909090909091  0.0505050505051  0.333333333333  0.323232323232  0.747474747475  0.0909090909091  0.585858585859  
0.919191919192  0.989898989899  0.393939393939  0.222222222222  0.434343434343  0.363636363636  0.353535353535  0.393939393939  
0.434343434343  0.383838383838  0.434343434343  0.393939393939  0.0606060606061  0.757575757576  0.525252525253  0.232323232323  
0.434343434343  0.424242424242  0.434343434343  0.434343434343  0.89898989899  0.464646464646  0.252525252525  0.0909090909091  
0.424242424242  0.959595959596  0.313131313131  0.676767676768  0.838383838384  0.636363636364  0.0505050505051  0.494949494949  
0.989898989899  0.252525252525  0.40404040404  0.565656565657  0.979797979798  1  0.262626262626  0.141414141414  
0.888888888889  0.545454545455  0.282828282828  0.808080808081  0.515151515152  0.272727272727  0.939393939394  0.30303030303  
0.808080808081  0.333333333333  0.656565656566  0.0808080808081  0.323232323232  0.868686868687  0.666666666667  0.757575757576  
0.272727272727  0.656565656566  0.434343434343  0.636363636364  0.383838383838  0.0606060606061  0.545454545455  0.252525252525  
0.242424242424  0.919191919192  0.717171717172  0.606060606061  0.262626262626  0.979797979798  0.111111111111  0.10101010101  
0.707070707071  0.565656565657  0.131313131313  0.363636363636  0.232323232323  0.989898989899  0.636363636364  0.10101010101  
0.818181818182  0.545454545455  0.0606060606061  0.0707070707071  0.727272727273  0.343434343434  0.191919191919  0.40404040404  
0.434343434343  0.787878787879  0.434343434343  0.79797979798  0.272727272727  0.464646464646  0.222222222222  0.747474747475  
0.434343434343  0.747474747475  0.606060606061  0.808080808081  0.434343434343  0.848484848485  0.191919191919  0.262626262626  
0.434343434343  0.868686868687  0.212121212121  0.909090909091  0.0505050505051  0.10101010101  0.434343434343  0.89898989899  
0.757575757576  0.737373737374  0.282828282828  0.919191919192  0.191919191919  0.232323232323  0.767676767677  0.393939393939  
0.828282828283  0.484848484848  0.222222222222  0.30303030303  0.0909090909091  0.474747474747  0.656565656566  0.828282828283  
0.353535353535  0.242424242424  0.979797979798  0.747474747475  0.444444444444  0  0.626262626263  0.888888888889  
0.444444444444  0.020202020202  0.272727272727  0.787878787879  0.30303030303  0.79797979798  0.747474747475  0.282828282828  
0.969696969697  0.929292929293  0.414141414141  0.10101010101  0.030303030303  0.909090909091  0.282828282828  0.40404040404  
0.40404040404  0.979797979798  0.626262626263  0.585858585859  0.444444444444  0.121212121212  0.444444444444  0.131313131313  
0.636363636364  0.212121212121  0.686868686869  0.616161616162  0.69696969697  0.212121212121  0.444444444444  0.171717171717  
0.272727272727  0.252525252525  0.444444444444  0.191919191919  0.838383838384  0.181818181818  0.242424242424  0.939393939394  
0.282828282828  0.010101010101  0.808080808081  0.969696969697  0.606060606061  0.565656565657  0.0505050505051  0.989898989899  
0.292929292929  0.777777777778  0.0909090909091  0.373737373737  0.515151515152  0.020202020202  0.323232323232  0.191919191919  
0.848484848485  0.121212121212  0.444444444444  0.313131313131  0.79797979798  0.888888888889  0.868686868687  0.343434343434  
0.20202020202  0.393939393939  0.424242424242  0.151515151515  0.737373737374  0.191919191919  1  0.656565656566  
0.040404040404  0.79797979798  0.979797979798  0.737373737374  0.919191919192  0.0707070707071  0.383838383838  0.545454545455  
0.858585858586  0.656565656566  1  0.545454545455  0.858585858586  0.252525252525  0.727272727273  0.616161616162  
0.444444444444  0.464646464646  1  0.555555555556  0.292929292929  0.888888888889  0.444444444444  0.494949494949  
0.989898989899  0.555555555556  0.505050505051  0.010101010101  0.919191919192  0.393939393939  0.959595959596  0.323232323232  
0.444444444444  0.545454545455  0.444444444444  0.555555555556  0.959595959596  0.40404040404  0.444444444444  0.575757575758  
0.252525252525  0.808080808081  0.808080808081  0.494949494949  0.919191919192  0.79797979798  0.0808080808081  0.868686868687  
0.69696969697  0.878787878788  0.20202020202  0.848484848485  0.474747474747  0.282828282828  0.484848484848  0.10101010101  
0.444444444444  0.666666666667  0.535353535354  0.484848484848  0.444444444444  0.686868686869  0.535353535354  0.40404040404  
0.59595959596  0.151515151515  0.171717171717  0.515151515152  0.777777777778  0.30303030303  0.515151515152  0.909090909091  
0.686868686869  0.343434343434  0.141414141414  0.717171717172  0.444444444444  0.767676767677  0.212121212121  0.424242424242  
0.131313131313  0.545454545455  0.131313131313  0.909090909091  0.333333333333  0.929292929293  0.818181818182  0.575757575758  
0.909090909091  0.717171717172  0.040404040404  0.030303030303  0.313131313131  0.767676767677  0.959595959596  0.20202020202  
0.59595959596  0.363636363636  0.444444444444  0.878787878788  0.666666666667  0.535353535354  0.707070707071  0.616161616162  
0.555555555556  0.59595959596  0.414141414141  0.505050505051  0.838383838384  0.747474747475  0.333333333333  0.858585858586  
0.494949494949  0.10101010101  0.414141414141  0.777777777778  1  0.292929292929  0.0606060606061  0.969696969697  
0.161616161616  0.535353535354  0.414141414141  0.838383838384  0.939393939394  0.222222222222  0.454545454545  0.010101010101  
0.454545454545  0.020202020202  0.878787878788  0.828282828283  0.020202020202  0.626262626263  0.525252525253  0.59595959596  
0.242424242424  0.848484848485  0.454545454545  0.0707070707071  0.252525252525  0.444444444444  0.757575757576  0.414141414141  
0.333333333333  0.212121212121  0.868686868687  0.191919191919  0.727272727273  0.959595959596  0.888888888889  0.0707070707071  
0.515151515152  0.262626262626  0.848484848485  0.757575757576  0.252525252525  0.535353535354  0.454545454545  0.171717171717  
0.181818181818  0.040404040404  0.373737373737  0.262626262626  0.10101010101  0.959595959596  0.454545454545  0.212121212121  
0.0909090909091  0.212121212121  0.0909090909091  0.646464646465  0.969696969697  0.121212121212  0.454545454545  0.252525252525  
0.10101010101  0.676767676768  0.454545454545  0.272727272727  0.929292929293  0.79797979798  0.454545454545  0.292929292929  
0.0707070707071  0.959595959596  0.454545454545  0.313131313131  0.030303030303  0.0606060606061  0.232323232323  0.919191919192  
0.181818181818  0.181818181818  0.929292929293  0.111111111111  0.424242424242  0.888888888889  0.717171717172  0.858585858586  
0.929292929293  0.434343434343  0.262626262626  0.0505050505051  0.040404040404  0.858585858586  0.545454545455  0.666666666667  
0.454545454545  0.424242424242  0.727272727273  0.989898989899  0.737373737374  0.464646464646  0.535353535354  0.717171717172  
0.222222222222  0  0.454545454545  0.474747474747  0.10101010101  0.212121212121  0.161616161616  0.818181818182  
0  0.616161616162  0.888888888889  0.676767676768  0.454545454545  0.525252525253  0.0505050505051  0.707070707071  
0.727272727273  0.949494949495  0.040404040404  0.626262626263  0.151515151515  0.414141414141  0.686868686869  0.89898989899  
0.242424242424  0.151515151515  0.373737373737  0.131313131313  1  0.515151515152  0.121212121212  0.020202020202  
0.757575757576  0.69696969697  0.454545454545  0.636363636364  0.494949494949  0.494949494949  0.868686868687  0.59595959596  
0.454545454545  0.666666666667  0.414141414141  0.161616161616  0.919191919192  0.212121212121  0.555555555556  0.151515151515  
0.878787878788  0.10101010101  0.454545454545  0.717171717172  0.111111111111  0.818181818182  0.838383838384  0.666666666667  
0.0909090909091  0.161616161616  0.151515151515  0.010101010101  0.474747474747  0.919191919192  0.484848484848  0.30303030303  
0.0606060606061  0.878787878788  0.232323232323  0.131313131313  0.707070707071  0.737373737374  0.454545454545  0.818181818182  
0.949494949495  0.747474747475  0.454545454545  0.838383838384  0.010101010101  0.515151515152  0.515151515152  0.141414141414  
0.121212121212  0.505050505051  0.69696969697  0.838383838384  0.454545454545  0.888888888889  0.909090909091  0.424242424242  
0.606060606061  0.79797979798  0.0808080808081  0.545454545455  0.69696969697  0.161616161616  0.838383838384  0.464646464646  
0.030303030303  0.393939393939  0.484848484848  0.20202020202  0.454545454545  0.969696969697  0.181818181818  0.515151515152  
0.363636363636  0.878787878788  0.111111111111  0.767676767677  0.464646464646  0.434343434343  0.292929292929  0.0505050505051  
0.747474747475  0.141414141414  0.464646464646  0.030303030303  0.121212121212  0.40404040404  0.59595959596  0.525252525253  
0.40404040404  0.242424242424  0.464646464646  0.0707070707071  0.939393939394  0.636363636364  0.868686868687  0.787878787879  
0.777777777778  1  0.676767676768  0.0505050505051  0.313131313131  0.939393939394  0.818181818182  0.242424242424  
0.606060606061  0.757575757576  0.141414141414  0.848484848485  0.464646464646  0.161616161616  0.757575757576  0.59595959596  
1  0.717171717172  0.969696969697  0.474747474747  0.040404040404  0.111111111111  0.393939393939  0.323232323232  
0.464646464646  0.222222222222  0.636363636364  0.20202020202  0.464646464646  0.242424242424  0.787878787879  0.323232323232  
0.868686868687  0.959595959596  0.79797979798  0.686868686869  0.424242424242  0.89898989899  0.666666666667  0.79797979798  
0.464646464646  0.30303030303  0.848484848485  0.0606060606061  0.737373737374  0.222222222222  0.616161616162  0.353535353535  
0.464646464646  0.343434343434  0.323232323232  0.0707070707071  0.010101010101  0.0505050505051  0.59595959596  0.858585858586  
0.161616161616  0.262626262626  0.686868686869  0.818181818182  0.464646464646  0.40404040404  0.707070707071  0.434343434343  
0.464646464646  0.424242424242  0.464646464646  0  0.464646464646  0.444444444444  0.666666666667  0.212121212121  
0.707070707071  0.121212121212  0.868686868687  0.717171717172  0.767676767677  0.747474747475  0.636363636364  0.151515151515  
0.909090909091  0.737373737374  0.191919191919  0.494949494949  0.868686868687  0.30303030303  0.444444444444  0.333333333333  
0.111111111111  0.232323232323  0.787878787879  0.89898989899  0.89898989899  0.0707070707071  0.030303030303  0.535353535354  
0.151515151515  0.393939393939  0.464646464646  0.59595959596  0.525252525253  0.636363636364  0.0505050505051  0.010101010101  
0.909090909091  0.949494949495  0.656565656566  0.272727272727  0.464646464646  0.646464646465  0.373737373737  0.40404040404  
0.808080808081  0.151515151515  0.636363636364  0.535353535354  0.212121212121  0.565656565657  0.464646464646  0.69696969697  
0.69696969697  0.0707070707071  0.818181818182  0.868686868687  0.59595959596  0.555555555556  0.464646464646  0.737373737374  
0.888888888889  0.858585858586  0.464646464646  0.757575757576  0.626262626263  0.0909090909091  0.777777777778  0.89898989899  
0.505050505051  0.0707070707071  0.373737373737  0.969696969697  0.464646464646  0.808080808081  0.131313131313  0.313131313131  
0.30303030303  0.20202020202  0.040404040404  0.969696969697  0.393939393939  0.515151515152  0.737373737374  0.828282828283  
0.10101010101  0.919191919192  0.343434343434  0.20202020202  0.272727272727  0.484848484848  0.232323232323  0  
0.464646464646  0.909090909091  0.464646464646  0.919191919192  0.252525252525  0.525252525253  0.737373737374  0.565656565657  
0.555555555556  0.030303030303  0.464646464646  0.959595959596  0.242424242424  0.959595959596  0.868686868687  0.777777777778  
0.646464646465  0.686868686869  0.464646464646  1  0.919191919192  0.292929292929  0.242424242424  0.989898989899  
0.292929292929  0.40404040404  0.252525252525  0.575757575758  0.0707070707071  0.141414141414  0.424242424242  0.727272727273  
0.171717171717  0.040404040404  0.808080808081  0.606060606061  0.373737373737  0.79797979798  0.191919191919  0.515151515152  
0.191919191919  0.878787878788  0.464646464646  0.727272727273  0.676767676768  0.878787878788  0.121212121212  0.494949494949  
0.393939393939  0.646464646465  0.474747474747  0.151515151515  0.464646464646  0.010101010101  0.393939393939  0.737373737374  
0.0808080808081  0.0505050505051  0.0505050505051  0.555555555556  0.474747474747  0.20202020202  0.474747474747  0.212121212121  
0.474747474747  0.222222222222  0.363636363636  0.969696969697  0.0808080808081  0.585858585859  0.505050505051  0.808080808081  
0.252525252525  0.757575757576  0.464646464646  0.373737373737  0.292929292929  0.727272727273  0.515151515152  0.0505050505051  
0.474747474747  0.30303030303  0.787878787879  0.444444444444  0.474747474747  0.323232323232  0.969696969697  0.848484848485  
0.131313131313  0.40404040404  0.888888888889  0.242424242424  0.313131313131  0.0808080808081  0.010101010101  0.272727272727  
0.606060606061  0.191919191919  0.373737373737  0.393939393939  0.626262626263  0.69696969697  0.656565656566  0.59595959596  
0.181818181818  0.656565656566  0.787878787879  0.636363636364  0.0606060606061  0.474747474747  0.59595959596  0.585858585859  
0.474747474747  0.464646464646  0.474747474747  0.474747474747  0.424242424242  0.282828282828  0.474747474747  0.494949494949  
0.616161616162  0.292929292929  0.929292929293  0.585858585859  0.838383838384  0.555555555556  0.222222222222  0.0505050505051  
0.474747474747  0.545454545455  0.636363636364  0.282828282828  0.727272727273  0.868686868687  0.707070707071  0.959595959596  
0.848484848485  0.616161616162  0.777777777778  0.838383838384  0.707070707071  0.222222222222  0.939393939394  0.010101010101  
0.040404040404  0  0.424242424242  0.606060606061  0.414141414141  0.989898989899  0.939393939394  0.424242424242  
0.565656565657  0.141414141414  0.474747474747  0.676767676768  0.030303030303  0.79797979798  0.89898989899  1  
0.474747474747  0.707070707071  0.676767676768  0.515151515152  0.40404040404  0.545454545455  0.474747474747  0.737373737374  
0.333333333333  0.666666666667  0.171717171717  0.656565656566  0.0707070707071  0.0707070707071  0.181818181818  0.464646464646  
0.474747474747  0.787878787879  0.767676767677  0.252525252525  0.181818181818  0.292929292929  0.474747474747  0.818181818182  
0.0707070707071  0.747474747475  0.0909090909091  0.313131313131  0.939393939394  0.717171717172  0.989898989899  0.20202020202  
0.010101010101  0.757575757576  0.474747474747  0.878787878788  0.313131313131  0.040404040404  0.252525252525  0.151515151515  
0.434343434343  0.0707070707071  0.191919191919  0.161616161616  0.565656565657  0.414141414141  0.121212121212  0.161616161616  
0.40404040404  0.777777777778  0.121212121212  0.515151515152  0.636363636364  0.0808080808081  0.828282828283  0.555555555556  
0.474747474747  0.444444444444  0.535353535354  0.868686868687  0.484848484848  0  0.272727272727  0.0707070707071  
0.343434343434  0.646464646465  0.626262626263  0.444444444444  0.686868686869  0.40404040404  0.282828282828  0.434343434343  
0.0909090909091  0.464646464646  0.484848484848  0.0707070707071  0.393939393939  0.606060606061  0.454545454545  0.282828282828  
0.787878787879  0.373737373737  0.484848484848  0.111111111111  0.59595959596  1  0.878787878788  0.0505050505051  
0.525252525253  0.181818181818  0.20202020202  0.636363636364  0.484848484848  0.161616161616  0.30303030303  0.454545454545  
0.323232323232  0.474747474747  0.0707070707071  0.89898989899  0.10101010101  0.262626262626  0.0808080808081  0.575757575758  
0.222222222222  0.707070707071  0.242424242424  0.434343434343  0.161616161616  0.0707070707071  0.818181818182  0.929292929293  
0.858585858586  0.565656565657  0.0707070707071  0.676767676768  0.969696969697  0.272727272727  0.626262626263  0.656565656566  
0  0.111111111111  0.59595959596  0.565656565657  0.161616161616  0.030303030303  0.939393939394  0.646464646465  
0.333333333333  0.111111111111  0.040404040404  0.393939393939  0.020202020202  0.262626262626  0.717171717172  0.888888888889  
0.484848484848  0.383838383838  0.545454545455  0.292929292929  0.414141414141  0.939393939394  0.707070707071  0.818181818182  
0.252525252525  0.464646464646  0.141414141414  0.666666666667  0.575757575758  0.606060606061  0.59595959596  0.505050505051  
0.484848484848  0.464646464646  0.939393939394  0.252525252525  0.79797979798  0.949494949495  0.767676767677  0.808080808081  
0.222222222222  0.565656565657  0.0505050505051  0.89898989899  0.69696969697  0.262626262626  0.858585858586  0.636363636364  
0.909090909091  0.727272727273  0.979797979798  0.565656565657  0.868686868687  0.79797979798  0.484848484848  0.575757575758  
0.111111111111  0.686868686869  0.757575757576  0.929292929293  0.878787878788  0.767676767677  0.484848484848  0.616161616162  
0.10101010101  0.20202020202  0.777777777778  0.10101010101  0.929292929293  0.545454545455  0.949494949495  0.272727272727  
0.20202020202  0.909090909091  0.484848484848  0.676767676768  0.585858585859  0.030303030303  0.626262626263  0.161616161616  
0.0505050505051  0.616161616162  0.30303030303  0.555555555556  0.212121212121  0.717171717172  0.0808080808081  0.494949494949  
0.141414141414  0.262626262626  0.141414141414  0.313131313131  0.545454545455  0.717171717172  0.020202020202  0.121212121212  
0.030303030303  0.939393939394  0.0808080808081  0.787878787879  0.484848484848  0.808080808081  0.505050505051  0.0808080808081  
0.131313131313  0.444444444444  0.484848484848  0.838383838384  0.808080808081  0.89898989899  0.484848484848  0.606060606061  
0.818181818182  0.737373737374  0.636363636364  0.232323232323  0.272727272727  0.0606060606061  0.919191919192  0.949494949495  
0  0.949494949495  0.636363636364  0.030303030303  0.737373737374  0.979797979798  0.20202020202  0.292929292929  
0.0606060606061  0  0.373737373737  0.818181818182  0.484848484848  0.969696969697  0.484848484848  0.979797979798  
0.979797979798  0.20202020202  0.313131313131  0.666666666667  0.494949494949  0  0.272727272727  0.59595959596  
0.494949494949  0.020202020202  0.676767676768  0.606060606061  0.373737373737  0.494949494949  0.888888888889  0.767676767677  
0.10101010101  0.707070707071  0.717171717172  0.929292929293  0.424242424242  0.292929292929  0.494949494949  0.0909090909091  
0.121212121212  0.656565656566  0.121212121212  0.727272727273  0.676767676768  0.030303030303  0.111111111111  0.585858585859  
0.494949494949  0.141414141414  0.494949494949  0.151515151515  0.282828282828  0.939393939394  0.59595959596  0.393939393939  
0.868686868687  0.686868686869  0.717171717172  0.818181818182  0.676767676768  0.313131313131  0.383838383838  0.262626262626  
0.79797979798  0.0505050505051  0.252525252525  0.848484848485  0.0606060606061  0.464646464646  0.030303030303  0.222222222222  
0.333333333333  0.393939393939  0.373737373737  0.474747474747  0.0808080808081  0.232323232323  0.141414141414  0.686868686869  
0.494949494949  0.656565656566  0.494949494949  0.313131313131  0.707070707071  0.989898989899  0.585858585859  0.686868686869  
0.111111111111  0.868686868687  0.424242424242  0.242424242424  0.414141414141  0.353535353535  0.020202020202  0.393939393939  
0.525252525253  0.272727272727  0.242424242424  0.59595959596  0.515151515152  0.393939393939  0.505050505051  0.161616161616  
0.858585858586  0.0909090909091  0.494949494949  0.434343434343  0.767676767677  0.40404040404  0.808080808081  0.626262626263  
0.959595959596  0.040404040404  0.929292929293  0.555555555556  0.787878787879  0.929292929293  0.747474747475  0.020202020202  
0.494949494949  0.505050505051  0.494949494949  0.515151515152  0.494949494949  0.525252525253  0.727272727273  0.414141414141  
0.919191919192  0.535353535354  0.666666666667  0.222222222222  0.242424242424  0.373737373737  0.535353535354  0.131313131313  
0.242424242424  0.505050505051  0.676767676768  0.131313131313  0  0.585858585859  0.59595959596  0.89898989899  
0.484848484848  0.828282828283  0.0505050505051  0.979797979798  0.343434343434  0.616161616162  0.191919191919  0.363636363636  
0.606060606061  0.10101010101  0.40404040404  0.393939393939  0.0505050505051  1  0.474747474747  0.131313131313  
0.525252525253  0.30303030303  0.494949494949  0.717171717172  0.767676767677  0.727272727273  0.989898989899  0  
0.20202020202  0.656565656566  0.393939393939  0.555555555556  0.232323232323  0.59595959596  0.252525252525  0.717171717172  
0.878787878788  0.838383838384  0.222222222222  0.111111111111  0.454545454545  0.161616161616  0.212121212121  0.545454545455  
0.262626262626  0.515151515152  0.494949494949  0.838383838384  0.505050505051  0.181818181818  0.939393939394  0.979797979798  
0.929292929293  0.949494949495  0.171717171717  0.131313131313  0.0808080808081  0.0606060606061  0.171717171717  0.0808080808081  
0.616161616162  0.565656565657  0.717171717172  0.505050505051  0.494949494949  0.929292929293  0.494949494949  0.939393939394  
0  0.525252525253  0.292929292929  0.353535353535  0.353535353535  0.0808080808081  0.929292929293  0.606060606061  
0.474747474747  0.373737373737  0.252525252525  0.252525252525  0.828282828283  0.757575757576  0.111111111111  0.141414141414  
0.616161616162  0.464646464646  0.535353535354  0.171717171717  0.616161616162  0.272727272727  0.131313131313  0.383838383838  
0.626262626263  0.676767676768  0.919191919192  0.424242424242  0.0909090909091  0.40404040404  0.767676767677  0.888888888889  
0.424242424242  0.424242424242  0.242424242424  0.333333333333  0.575757575758  0.474747474747  0.505050505051  0.131313131313  
0.505050505051  0.141414141414  0.474747474747  0.414141414141  0.969696969697  0.858585858586  0.838383838384  0.343434343434  
0.111111111111  0.20202020202  0.686868686869  0.939393939394  0.545454545455  0.858585858586  0.040404040404  0.868686868687  
0.505050505051  0.222222222222  0.131313131313  0.0606060606061  0.525252525253  0.222222222222  0.505050505051  0.252525252525  
0.626262626263  0.353535353535  0.505050505051  0.272727272727  0.919191919192  0.69696969697  0.393939393939  0.0606060606061  
0.747474747475  0.686868686869  0.313131313131  0.333333333333  0.747474747475  0.585858585859  0.89898989899  0.0505050505051  
0.505050505051  0.343434343434  0.686868686869  0.929292929293  0.828282828283  0.686868686869  0.131313131313  0.010101010101  
0.282828282828  0.959595959596  0.505050505051  0.393939393939  0.353535353535  0.222222222222  0.373737373737  0.89898989899  
0.373737373737  0.0707070707071  0.838383838384  0.282828282828  0.252525252525  0.878787878788  0.545454545455  0.868686868687  
0.939393939394  0.171717171717  0.949494949495  0.878787878788  0.666666666667  0.939393939394  0.717171717172  0.555555555556  
0.505050505051  0.505050505051  0.757575757576  0.191919191919  0.353535353535  0.89898989899  0.555555555556  0.0606060606061  
0.505050505051  0.545454545455  0.919191919192  0.171717171717  0.505050505051  0.565656565657  0.505050505051  0.575757575758  
0.888888888889  0.222222222222  0.010101010101  0.777777777778  0.747474747475  0.20202020202  0.414141414141  0.626262626263  
0.585858585859  0.555555555556  0.858585858586  0.313131313131  0.333333333333  0.444444444444  0.888888888889  0.161616161616  
0.212121212121  0.515151515152  0.575757575758  0.10101010101  0.545454545455  0.555555555556  0.838383838384  0.69696969697  
0.79797979798  0.020202020202  0.666666666667  0.545454545455  0.494949494949  0.232323232323  0.30303030303  0.020202020202  
0.505050505051  0.747474747475  0.383838383838  0.40404040404  0.505050505051  0.767676767677  0.79797979798  0.919191919192  
0.707070707071  0.393939393939  0.313131313131  0.30303030303  0.474747474747  0.252525252525  0.181818181818  0.30303030303  
0.0808080808081  0.111111111111  0.686868686869  0.0606060606061  0.69696969697  0.515151515152  0.909090909091  0.141414141414  
0.727272727273  0.575757575758  0.979797979798  0.020202020202  0.808080808081  0.565656565657  0.40404040404  0.30303030303  
0.747474747475  0.0707070707071  0.888888888889  0.373737373737  0.141414141414  0.787878787879  0.89898989899  0.767676767677  
0.505050505051  0.949494949495  0.505050505051  0.959595959596  0.505050505051  0.969696969697  0.111111111111  0.313131313131  
0.272727272727  0.222222222222  0.828282828283  0.606060606061  0.717171717172  0.040404040404  0.232323232323  0.020202020202  
0.959595959596  0.484848484848  0.212121212121  0.939393939394  0.0707070707071  0.737373737374  0.606060606061  0.69696969697  
0.89898989899  0.848484848485  0.515151515152  0.0707070707071  0.181818181818  0.333333333333  0.010101010101  0.737373737374  
0.515151515152  0.10101010101  0.0606060606061  0.828282828283  0.515151515152  0.121212121212  0.353535353535  0.383838383838  
0.939393939394  0.59595959596  0.818181818182  0.313131313131  0.515151515152  0.161616161616  0.555555555556  0.767676767677  
0.515151515152  0.181818181818  0.515151515152  0.191919191919  0.515151515152  0.20202020202  0.343434343434  0.919191919192  
0.737373737374  0.848484848485  0.515151515152  0.232323232323  0.69696969697  0.484848484848  0.0808080808081  0.181818181818  
0.212121212121  0.959595959596  0.828282828283  0.10101010101  0.848484848485  0.606060606061  0.858585858586  0.161616161616  
0  0.434343434343  0.515151515152  0.313131313131  0.606060606061  0.282828282828  0.474747474747  0.626262626263  
0.515151515152  0.343434343434  0.10101010101  0.0909090909091  0.222222222222  0.868686868687  0.515151515152  0.373737373737  
0.515151515152  0.59595959596  0.848484848485  0.868686868687  0.747474747475  0.808080808081  0.020202020202  0.676767676768  
0.979797979798  0.464646464646  0.545454545455  0.363636363636  0.414141414141  0.444444444444  0.494949494949  1  
0.0505050505051  0.848484848485  0.40404040404  0.0505050505051  0.171717171717  0.10101010101  0.959595959596  0.333333333333  
0.151515151515  0.636363636364  0.222222222222  0.79797979798  0.525252525253  0.373737373737  0.515151515152  0.535353535354  
0.777777777778  0.181818181818  0  0.10101010101  0.979797979798  0.484848484848  0.767676767677  0.989898989899  
0.10101010101  0.979797979798  0.515151515152  0.383838383838  0.191919191919  0.979797979798  0.515151515152  0.616161616162  
0.515151515152  0.626262626263  0.515151515152  0.636363636364  0.484848484848  0.89898989899  0.626262626263  0.535353535354  
0.858585858586  0.464646464646  0.434343434343  0.717171717172  0.494949494949  0.626262626263  0.848484848485  0.454545454545  
0.10101010101  0.848484848485  0.676767676768  0.737373737374  0.515151515152  0.727272727273  0.848484848485  0.848484848485  
0.575757575758  0.79797979798  0.0909090909091  0.020202020202  0.10101010101  0.777777777778  0.515151515152  0.777777777778  
0.515151515152  0.787878787879  0.757575757576  0.575757575758  1  0.222222222222  0.79797979798  0.818181818182  
0.434343434343  0.282828282828  0.30303030303  0.757575757576  0.515151515152  0.848484848485  0.656565656566  0.353535353535  
0.20202020202  0.313131313131  0.515151515152  0.878787878788  0.040404040404  0.919191919192  0.434343434343  0.686868686869  
0.393939393939  0.383838383838  0.494949494949  0.535353535354  0.515151515152  0.929292929293  0.474747474747  0.313131313131  
0.939393939394  0.606060606061  0.383838383838  0.484848484848  0.252525252525  0.979797979798  0.0909090909091  0.232323232323  
0.808080808081  0.141414141414  0.515151515152  1  0.939393939394  0.666666666667  0.525252525253  0.010101010101  
0.20202020202  0.353535353535  0.525252525253  0.030303030303  0.525252525253  0.040404040404  0.969696969697  0.464646464646  
0.232323232323  0.171717171717  0.383838383838  0.444444444444  1  0.171717171717  0.555555555556  0.10101010101  
0.151515151515  0.59595959596  0.525252525253  0.111111111111  0  0.828282828283  0.939393939394  0.949494949495  
0.525252525253  0.141414141414  0.383838383838  0.010101010101  0.777777777778  0.424242424242  0.20202020202  0.757575757576  
0.141414141414  0.979797979798  0.929292929293  0.10101010101  0.525252525253  0.20202020202  0.868686868687  0.131313131313  
0.181818181818  0.565656565657  0.545454545455  0.848484848485  0.474747474747  0.848484848485  0.232323232323  0.878787878788  
0.262626262626  0.909090909091  0.606060606061  0.030303030303  0.676767676768  0.151515151515  0.292929292929  0.676767676768  
0.848484848485  0  0.686868686869  0.737373737374  0.383838383838  0  0.959595959596  0.505050505051  
0.727272727273  0.121212121212  0.444444444444  0.888888888889  0.525252525253  0.363636363636  0.707070707071  0.505050505051  
0.737373737374  0.737373737374  0.010101010101  0.767676767677  0.818181818182  0.585858585859  0.141414141414  0.767676767677  
0.767676767677  0.646464646465  0.939393939394  0.292929292929  0.777777777778  0.131313131313  0.818181818182  0.484848484848  
0.525252525253  0.464646464646  0.525252525253  0.474747474747  0.606060606061  0.292929292929  0.030303030303  0.141414141414  
0.414141414141  0.121212121212  0.454545454545  0.222222222222  0.757575757576  0.636363636364  0.0707070707071  0.787878787879  
0.707070707071  0.313131313131  0.40404040404  0.858585858586  0.252525252525  0.989898989899  0.525252525253  0.575757575758  
0.181818181818  0.242424242424  0.565656565657  0.565656565657  0.414141414141  0.434343434343  0.757575757576  0.505050505051  
0.525252525253  0.626262626263  0.515151515152  0  0.939393939394  0.656565656566  0.373737373737  0.121212121212  
0.525252525253  0.666666666667  0.232323232323  0.848484848485  0.79797979798  0  0.171717171717  0.626262626263  
0.828282828283  0.141414141414  0.313131313131  0.171717171717  0.30303030303  0.858585858586  0.79797979798  0.585858585859  
0.787878787879  0.191919191919  0.40404040404  0.878787878788  0.494949494949  0.222222222222  0.525252525253  0.777777777778  
0.868686868687  0.616161616162  0.727272727273  0.626262626263  0.525252525253  0.808080808081  0  0.565656565657  
0.161616161616  0.373737373737  0.313131313131  0.989898989899  0.242424242424  0.858585858586  0.262626262626  0.181818181818  
0.666666666667  0.787878787879  0.525252525253  0.878787878788  0.454545454545  0.393939393939  0.555555555556  0.020202020202  
0.787878787879  0.171717171717  0.272727272727  0.525252525253  0.525252525253  0.929292929293  0.515151515152  0.969696969697  
0.212121212121  0.878787878788  0.525252525253  0.959595959596  0.030303030303  0.868686868687  0.181818181818  0.79797979798  
0.0707070707071  0.535353535354  0.464646464646  0.707070707071  0.646464646465  0.707070707071  0.69696969697  0.575757575758  
0.535353535354  0.020202020202  0.89898989899  0.353535353535  0.131313131313  0.949494949495  0.535353535354  0.0505050505051  
0.676767676768  0.969696969697  0.777777777778  0.363636363636  0.89898989899  0.69696969697  0.535353535354  0.0909090909091  
0.0909090909091  0.0909090909091  0.0707070707071  0.161616161616  0.212121212121  0.121212121212  0.494949494949  0.414141414141  
0.535353535354  0.141414141414  0.575757575758  0.676767676768  0.040404040404  0.979797979798  0.646464646465  0.737373737374  
0.575757575758  0.333333333333  0.494949494949  0.585858585859  0.414141414141  0.242424242424  0.10101010101  0.484848484848  
0.0707070707071  0.909090909091  0.454545454545  0.121212121212  0.272727272727  0.646464646465  0.323232323232  0.515151515152  
0.383838383838  0.171717171717  0.515151515152  0.808080808081  0.535353535354  0.282828282828  0.343434343434  0.383838383838  
0.676767676768  0.585858585859  0.535353535354  0.292929292929  0.363636363636  0.353535353535  0.131313131313  0.141414141414  
0.919191919192  0.40404040404  0.30303030303  0.888888888889  0.141414141414  0.191919191919  0.333333333333  0.414141414141  
0.959595959596  0.989898989899  0.191919191919  0.838383838384  0.0707070707071  0.272727272727  0.757575757576  0.969696969697  
0.505050505051  0.646464646465  0.646464646465  0.757575757576  0.121212121212  0.222222222222  0.343434343434  0.757575757576  
0.717171717172  0.737373737374  0.454545454545  0.777777777778  0.89898989899  0.636363636364  0.535353535354  0.494949494949  
0.535353535354  0.505050505051  0.0505050505051  0.30303030303  0.939393939394  0.969696969697  0.474747474747  0  
0.181818181818  0.272727272727  0.535353535354  0.555555555556  0.535353535354  0.565656565657  0.535353535354  0.575757575758  
0.141414141414  0.343434343434  0.616161616162  0.616161616162  0.383838383838  0.676767676768  0.535353535354  0.616161616162  
0.707070707071  0.656565656566  0.787878787879  0.40404040404  0.868686868687  0.676767676768  0.89898989899  0.676767676768  
0.515151515152  0.363636363636  0.191919191919  0.676767676768  0.494949494949  0.131313131313  0.252525252525  0.474747474747  
0.262626262626  0.333333333333  0.353535353535  0.232323232323  0.333333333333  0.818181818182  0.535353535354  0.737373737374  
0.191919191919  0.848484848485  0.171717171717  0.444444444444  0.707070707071  0.626262626263  0.10101010101  0.0707070707071  
0.848484848485  0.656565656566  0.545454545455  0.424242424242  0.343434343434  0.808080808081  0.79797979798  0.676767676768  
0.737373737374  0.393939393939  0.424242424242  0.878787878788  0.505050505051  0.878787878788  0.89898989899  0.040404040404  
0.121212121212  0.858585858586  0.535353535354  0.878787878788  0.333333333333  0.888888888889  0.191919191919  0.323232323232  
0.40404040404  0.0707070707071  0.444444444444  0.69696969697  0.40404040404  0.151515151515  0.707070707071  0.272727272727  
0.232323232323  0.787878787879  0.121212121212  0  0.262626262626  0.828282828283  0.919191919192  0.414141414141  
0.909090909091  0.505050505051  0.69696969697  0.676767676768  0.959595959596  0.868686868687  0.69696969697  0.0505050505051  
0.545454545455  0.020202020202  0.414141414141  0.959595959596  0.494949494949  0.333333333333  0.969696969697  0.626262626263  
0.888888888889  0.787878787879  0.848484848485  0.40404040404  0.272727272727  0.555555555556  0.545454545455  0.0909090909091  
0.424242424242  0.929292929293  0.828282828283  0.656565656566  0.565656565657  0.828282828283  0.909090909091  0.575757575758  
0.212121212121  0.141414141414  0.767676767677  0.767676767677  0.545454545455  0.161616161616  0.757575757576  0.656565656566  
0.545454545455  0.181818181818  0.232323232323  0.636363636364  0.151515151515  0.181818181818  0.161616161616  0.989898989899  
0.666666666667  0.747474747475  0.444444444444  0.717171717172  0.959595959596  0.636363636364  0.0808080808081  0.0707070707071  
0.868686868687  0.666666666667  0.838383838384  0.212121212121  0.868686868687  0.515151515152  0.818181818182  0.757575757576  
0.030303030303  0.383838383838  0.777777777778  0.222222222222  0.676767676768  0.222222222222  0.989898989899  0.919191919192  
0.545454545455  0.343434343434  0.646464646465  0.545454545455  0.585858585859  0.949494949495  0.0606060606061  0.838383838384  
0.666666666667  0.69696969697  0.959595959596  0.616161616162  0.161616161616  0.626262626263  0.79797979798  0.222222222222  
0.111111111111  0.020202020202  0.484848484848  0.222222222222  0.313131313131  0.020202020202  0.454545454545  0.414141414141  
0.737373737374  0.424242424242  0.949494949495  0.868686868687  0.424242424242  0.222222222222  0.545454545455  0.494949494949  
0.737373737374  1  0.656565656566  0.949494949495  0.545454545455  0.525252525253  0.989898989899  0.313131313131  
0.545454545455  0.545454545455  0.808080808081  0.464646464646  0.545454545455  0.565656565657  0.989898989899  0.262626262626  
0.272727272727  0.575757575758  0.282828282828  0.79797979798  0.474747474747  0.424242424242  0.020202020202  0.414141414141  
0.777777777778  0.525252525253  0.121212121212  0.323232323232  0.626262626263  0.131313131313  0.181818181818  0.878787878788  
0.141414141414  0.626262626263  0.10101010101  0.79797979798  0.626262626263  0.222222222222  0.767676767677  0.757575757576  
0.040404040404  0.535353535354  0.232323232323  0.939393939394  0.545454545455  0.727272727273  0.545454545455  0.737373737374  
0.646464646465  0.272727272727  0.717171717172  0.262626262626  0.161616161616  0.757575757576  0.545454545455  0.777777777778  
0.575757575758  0.646464646465  0.868686868687  0.40404040404  0.282828282828  0.69696969697  0.545454545455  0.818181818182  
0.949494949495  0.787878787879  0.545454545455  0.838383838384  0.626262626263  0.767676767677  0.262626262626  0.616161616162  
0.353535353535  0.69696969697  0.545454545455  0.878787878788  0.646464646465  0.252525252525  0.363636363636  0.030303030303  
0.505050505051  0.474747474747  0.888888888889  0.313131313131  0.929292929293  0.282828282828  0.868686868687  0.727272727273  
0.828282828283  0.929292929293  0.444444444444  0.59595959596  0.40404040404  0.737373737374  0.707070707071  0.353535353535  
0.878787878788  0.040404040404  0.969696969697  0.444444444444  0.636363636364  0.363636363636  0.555555555556  0.010101010101  
0.464646464646  0.79797979798  0.717171717172  0.646464646465  0.333333333333  0.020202020202  0.222222222222  1  
0.979797979798  0.89898989899  0.717171717172  0.414141414141  0  0.181818181818  0.838383838384  0.979797979798  
0.515151515152  0.333333333333  0.979797979798  0.535353535354  1  0.525252525253  0.838383838384  0.333333333333  
0.454545454545  0.979797979798  0.0909090909091  0.727272727273  0.838383838384  0.888888888889  0.030303030303  0.888888888889  
0.191919191919  0.282828282828  0.878787878788  0.676767676768  0.868686868687  0.919191919192  0.555555555556  0.232323232323  
0.393939393939  0.969696969697  0.555555555556  0.848484848485  0.838383838384  0.363636363636  0.020202020202  0.606060606061  
0.121212121212  0.010101010101  0.242424242424  0.535353535354  0.393939393939  0.838383838384  0.59595959596  0.686868686869  
0.191919191919  0.858585858586  0.0909090909091  0.888888888889  0.323232323232  0.939393939394  0.535353535354  0.232323232323  
0.808080808081  0.747474747475  0.828282828283  0.646464646465  0.555555555556  0.363636363636  0.555555555556  0.373737373737  
0.777777777778  0.393939393939  0.828282828283  0.363636363636  0.0707070707071  0.262626262626  0.646464646465  0.535353535354  
0.828282828283  0.111111111111  0.30303030303  0.40404040404  0.40404040404  0.414141414141  0.747474747475  0.111111111111  
0.515151515152  0.989898989899  0.484848484848  0.181818181818  0.414141414141  0.767676767677  0.69696969697  0.979797979798  
0.646464646465  0.838383838384  0.252525252525  0.79797979798  0.555555555556  0.525252525253  0.575757575758  0.212121212121  
0.767676767677  0.0909090909091  0.262626262626  0.939393939394  0.686868686869  0.505050505051  0.676767676768  0.909090909091  
0.555555555556  0.858585858586  0.727272727273  0.393939393939  0.828282828283  0.414141414141  0.545454545455  0.747474747475  
0.676767676768  0.949494949495  0.848484848485  0.181818181818  0.555555555556  0.646464646465  0.868686868687  0.888888888889  
0.555555555556  0.666666666667  0.555555555556  0.676767676768  0.010101010101  0.575757575758  0.414141414141  0.131313131313  
0.919191919192  0.333333333333  0.505050505051  0.191919191919  0.959595959596  0.757575757576  0.232323232323  0.191919191919  
0.777777777778  0.909090909091  0.626262626263  0.484848484848  0.030303030303  0.585858585859  0.353535353535  0.30303030303  
0.959595959596  0.151515151515  0.818181818182  0.272727272727  0.757575757576  0.30303030303  0.555555555556  0.818181818182  
0.787878787879  0.767676767677  0.89898989899  0.727272727273  0.0606060606061  0.767676767677  0.181818181818  0.282828282828  
0.686868686869  0.535353535354  0.878787878788  0.393939393939  0.656565656566  0.666666666667  0.181818181818  0.131313131313  
0.010101010101  0.59595959596  0.787878787879  0.232323232323  0.161616161616  0.424242424242  0.020202020202  0.353535353535  
0.494949494949  0.777777777778  0.747474747475  0.30303030303  0.010101010101  0.232323232323  0.757575757576  0.131313131313  
0.555555555556  0.989898989899  0.30303030303  0.777777777778  0.565656565657  0  0.656565656566  0.0707070707071  
0.565656565657  0.020202020202  0.171717171717  0.787878787879  0.89898989899  0.484848484848  0.565656565657  0.0505050505051  
0.151515151515  0.10101010101  0.868686868687  0.434343434343  0.909090909091  0.959595959596  0.666666666667  0.575757575758  
0.0606060606061  0.484848484848  0.313131313131  0.626262626263  0.636363636364  0.909090909091  0.454545454545  0.79797979798  
0.181818181818  0.323232323232  0.585858585859  0.181818181818  0.323232323232  0.262626262626  0.565656565657  0.171717171717  
0.59595959596  0.111111111111  0.919191919192  0.727272727273  0.959595959596  0.111111111111  0.949494949495  0.232323232323  
0.575757575758  0.545454545455  0.484848484848  0.818181818182  0.30303030303  0.868686868687  0.0909090909091  0.363636363636  
0.676767676768  0.666666666667  0.616161616162  0.545454545455  0.565656565657  0.282828282828  0.30303030303  0.89898989899  
0.0808080808081  0.69696969697  0.747474747475  0.828282828283  0.565656565657  0.323232323232  0.252525252525  0.929292929293  
0.636363636364  0.141414141414  0.69696969697  0.444444444444  0.262626262626  0.505050505051  0.505050505051  0.424242424242  
0.040404040404  0.0909090909091  0.565656565657  0.393939393939  0.434343434343  0.545454545455  0.434343434343  0.858585858586  
0.626262626263  0.343434343434  0.868686868687  0.89898989899  0.10101010101  0.30303030303  0.565656565657  0.454545454545  
0.565656565657  0.464646464646  0.191919191919  0.575757575758  0.727272727273  0.808080808081  0.575757575758  0.828282828283  
0.333333333333  0.282828282828  0.858585858586  0.909090909091  0.0606060606061  0.636363636364  0.232323232323  0.89898989899  
0.020202020202  0.787878787879  0.565656565657  0.555555555556  0.505050505051  0.838383838384  0.151515151515  0.787878787879  
0.616161616162  0.535353535354  0.565656565657  0.59595959596  0.222222222222  0.0707070707071  0.585858585859  0.909090909091  
0.434343434343  0.909090909091  0.565656565657  0.30303030303  0.555555555556  0.929292929293  0.626262626263  0.787878787879  
0.727272727273  0.252525252525  0.656565656566  0.030303030303  0.454545454545  0.40404040404  0.565656565657  0.979797979798  
0.121212121212  0.888888888889  0.565656565657  0.717171717172  0.222222222222  0.151515151515  0.555555555556  0.69696969697  
0.151515151515  0.131313131313  1  0.414141414141  0.40404040404  0.0808080808081  0.959595959596  1  
0.444444444444  0.484848484848  0.69696969697  0.949494949495  0.10101010101  0.828282828283  0.373737373737  0.161616161616  
0.89898989899  0.494949494949  0  0.313131313131  0.565656565657  0.848484848485  0.565656565657  0.858585858586  
0.565656565657  0.868686868687  0.565656565657  0.878787878788  0.626262626263  0.181818181818  0.424242424242  0.232323232323  
1  0.0707070707071  0.505050505051  0.909090909091  0.868686868687  0.444444444444  0.454545454545  0.757575757576  
0.262626262626  0.676767676768  0.686868686869  0.909090909091  0.222222222222  0.525252525253  0.606060606061  0.949494949495  
0.0707070707071  0.242424242424  0.141414141414  0.929292929293  0.515151515152  0.89898989899  0.717171717172  0.545454545455  
0.545454545455  0.929292929293  0.575757575758  0.030303030303  0.535353535354  0.818181818182  0.878787878788  0.929292929293  
0.0505050505051  0.484848484848  0.575757575758  0.0707070707071  0.606060606061  0.676767676768  0.373737373737  0.10101010101  
0.909090909091  0.767676767677  0.575757575758  0.111111111111  0.262626262626  0.10101010101  0.494949494949  0.969696969697  
0.505050505051  0.525252525253  0.575757575758  0.151515151515  0.575757575758  0.161616161616  0.383838383838  0.474747474747  
0.040404040404  0.686868686869  0.111111111111  0.545454545455  0.676767676768  0.989898989899  0.373737373737  0.151515151515  
0.181818181818  0  0.737373737374  0.585858585859  0.575757575758  0.242424242424  0.575757575758  0.252525252525  
0.686868686869  0.222222222222  0.79797979798  0.474747474747  0.111111111111  0.606060606061  0.707070707071  0.515151515152  
0.575757575758  0.30303030303  0.575757575758  0.313131313131  0.575757575758  0.323232323232  0.191919191919  0.0707070707071  
0.777777777778  0.161616161616  0.656565656566  0.989898989899  0.79797979798  0.212121212121  0.89898989899  0.292929292929  
0.575757575758  0.383838383838  0.686868686869  0.10101010101  0.111111111111  0.292929292929  0.575757575758  0.414141414141  
0.787878787879  0.989898989899  0.777777777778  0.252525252525  0.575757575758  0.444444444444  0.474747474747  0.989898989899  
0.121212121212  0.565656565657  0.484848484848  0.777777777778  0.858585858586  0.606060606061  0.575757575758  0.494949494949  
0.393939393939  0.575757575758  0.888888888889  0.20202020202  0.484848484848  0.868686868687  0.666666666667  0.242424242424  
0.434343434343  0.010101010101  0.575757575758  0.555555555556  0.353535353535  0.333333333333  0.040404040404  0.59595959596  
0.575757575758  0.585858585859  0.40404040404  0.20202020202  0.272727272727  0.262626262626  0.949494949495  0.0808080808081  
0.575757575758  0.626262626263  0.171717171717  0.010101010101  0.10101010101  0.505050505051  0.545454545455  0  
0.343434343434  0.626262626263  0.565656565657  0.484848484848  0.959595959596  0.787878787879  0.575757575758  0.69696969697  
0.292929292929  0.191919191919  0.575757575758  0.343434343434  0.575757575758  0.727272727273  0.030303030303  0.808080808081  
0.727272727273  0.707070707071  0.171717171717  0.191919191919  0.575757575758  0.767676767677  0.949494949495  0.262626262626  
0.606060606061  0.848484848485  0.0909090909091  0.686868686869  0.343434343434  0.737373737374  0.575757575758  0.818181818182  
0.89898989899  0.474747474747  0.161616161616  0.717171717172  0.151515151515  0.0808080808081  0.323232323232  0.818181818182  
0.989898989899  0.848484848485  0.878787878788  0.434343434343  0.919191919192  0.0909090909091  0.272727272727  0.585858585859  
0.232323232323  0.0505050505051  0.222222222222  0.181818181818  1  0.383838383838  0.20202020202  0.555555555556  
0.666666666667  0.959595959596  0.575757575758  0.959595959596  0.191919191919  0.929292929293  0.333333333333  0.232323232323  
0.575757575758  0.989898989899  0.969696969697  0.79797979798  0.808080808081  0.777777777778  0.585858585859  0.010101010101  
0.333333333333  0.292929292929  0.666666666667  0.89898989899  0.434343434343  0.10101010101  0.40404040404  0.747474747475  
0.030303030303  0.646464646465  0.878787878788  0.79797979798  0.20202020202  0.828282828283  0.151515151515  0.040404040404  
0.69696969697  0.010101010101  0.171717171717  0.0606060606061  0.171717171717  1  0.343434343434  0.181818181818  
0.585858585859  0.141414141414  0.565656565657  0.656565656566  0.585858585859  0.30303030303  0.121212121212  0.626262626263  
0.333333333333  0.909090909091  0.585858585859  0.191919191919  0.585858585859  0.20202020202  0.212121212121  0.111111111111  
0.636363636364  0.0707070707071  0.585858585859  0.232323232323  0.979797979798  0.161616161616  0.111111111111  0.444444444444  
0.767676767677  0.444444444444  0.393939393939  0.707070707071  0  0.383838383838  0.464646464646  0.151515151515  
0.232323232323  0.929292929293  0.414141414141  0.424242424242  0.454545454545  0.111111111111  0.949494949495  0.424242424242  
0.585858585859  0.343434343434  0.616161616162  0.171717171717  0.40404040404  0  0.666666666667  0.131313131313  
0.767676767677  0.818181818182  0.747474747475  0.69696969697  0.232323232323  0.707070707071  0.131313131313  0.222222222222  
0.313131313131  0.151515151515  0.909090909091  0.585858585859  0.737373737374  0.868686868687  0.252525252525  0.232323232323  
0.212121212121  0.727272727273  0.494949494949  0.010101010101  0.979797979798  0.909090909091  0.585858585859  0.494949494949  
0.181818181818  0.373737373737  0.171717171717  0.343434343434  0.919191919192  0.676767676768  0.454545454545  0.333333333333  
0.252525252525  0.292929292929  0.272727272727  0.494949494949  0.59595959596  0.959595959596  0.0909090909091  0.525252525253  
0.616161616162  0.747474747475  0.535353535354  0.777777777778  0.020202020202  0.181818181818  0.323232323232  0.313131313131  
0.434343434343  0.414141414141  0.585858585859  0.636363636364  0.858585858586  0.30303030303  0.969696969697  0.666666666667  
0.89898989899  0.010101010101  0.606060606061  0.424242424242  0.0505050505051  0.393939393939  0.252525252525  0.40404040404  
0.585858585859  0.707070707071  0.656565656566  0.929292929293  0.656565656566  0.181818181818  0.212121212121  0.353535353535  
0.030303030303  0.161616161616  0.121212121212  0.333333333333  0.79797979798  0.424242424242  0.555555555556  0.505050505051  
0.434343434343  0.777777777778  0.585858585859  0.79797979798  0.535353535354  0.212121212121  0.585858585859  0.818181818182  
0.858585858586  0.393939393939  0.989898989899  0.393939393939  0.040404040404  0.939393939394  0.646464646465  0.555555555556  
0.232323232323  0.656565656566  0.222222222222  0.737373737374  0.989898989899  0.131313131313  1  0.686868686869  
0.151515151515  0.505050505051  0.232323232323  0.808080808081  0.585858585859  0.929292929293  0.242424242424  0  
0.616161616162  0.383838383838  0.434343434343  0.929292929293  0.727272727273  0.282828282828  0.121212121212  0.848484848485  
0.212121212121  0.222222222222  0.0606060606061  0.0606060606061  0.373737373737  0.767676767677  0.59595959596  0.010101010101  
0.969696969697  0.141414141414  0.59595959596  0.030303030303  0.848484848485  0.444444444444  0.252525252525  0.141414141414  
0.484848484848  0.0505050505051  0.848484848485  0.858585858586  0.59595959596  0.0808080808081  0.59595959596  0.0909090909091  
0  0.626262626263  1  0.979797979798  0.121212121212  0.0808080808081  0.818181818182  0.767676767677  
0.636363636364  0.222222222222  1  0.20202020202  0.363636363636  0.252525252525  0.808080808081  0.767676767677  
0.59595959596  0.181818181818  0.191919191919  0.020202020202  0.79797979798  0.030303030303  0.575757575758  0.838383838384  
0.434343434343  0.989898989899  0.757575757576  0  0.59595959596  0.242424242424  0.959595959596  0.818181818182  
0.474747474747  0.939393939394  0.262626262626  0.969696969697  0.414141414141  0.0808080808081  0.626262626263  0.636363636364  
0.787878787879  0.020202020202  0.808080808081  0.353535353535  0.59595959596  0.323232323232  0.59595959596  0.333333333333  
0.666666666667  0.121212121212  0.111111111111  0.525252525253  0.0909090909091  0.848484848485  0.949494949495  0.676767676768  
0.858585858586  0.616161616162  0.20202020202  0.30303030303  0.252525252525  0.787878787879  0.373737373737  0.585858585859  
0.59595959596  0.424242424242  0.767676767677  0.575757575758  0  0.222222222222  0.888888888889  0.191919191919  
0.0505050505051  0.424242424242  0.59595959596  0.474747474747  0.838383838384  0.131313131313  0.434343434343  0.0909090909091  
0.484848484848  0.454545454545  0.272727272727  0.161616161616  0.262626262626  0.626262626263  0.383838383838  0.0808080808081  
0.828282828283  1  0.040404040404  0.505050505051  0.343434343434  0.565656565657  0.818181818182  0.111111111111  
0.313131313131  0.363636363636  0.353535353535  0.40404040404  0.040404040404  0.616161616162  0.949494949495  0.737373737374  
0.292929292929  0.979797979798  0.323232323232  0.686868686869  0.59595959596  0.646464646465  0.484848484848  0.919191919192  
0.343434343434  0.131313131313  0.151515151515  0.939393939394  0.858585858586  0.737373737374  0.575757575758  0.929292929293  
0.484848484848  0.353535353535  0.59595959596  0.717171717172  0.878787878788  0.141414141414  0.59595959596  0.737373737374  
0.989898989899  0.414141414141  0.232323232323  0.727272727273  0.0808080808081  0.131313131313  0.59595959596  0.777777777778  
0.787878787879  0.777777777778  0.878787878788  0.474747474747  0.59595959596  0.808080808081  0.161616161616  0.383838383838  
0.414141414141  0.181818181818  0.262626262626  0.919191919192  0.737373737374  0.79797979798  0.949494949495  0.353535353535  
0.020202020202  0.767676767677  0.343434343434  0.212121212121  0.808080808081  0.555555555556  0.222222222222  0.333333333333  
0.333333333333  0.272727272727  0.767676767677  0.161616161616  0.393939393939  0.69696969697  0.707070707071  0.757575757576  
0.59595959596  0.949494949495  0.79797979798  0.747474747475  0.323232323232  0.949494949495  0.727272727273  0.565656565657  
0.59595959596  0.989898989899  0.323232323232  0.919191919192  0.636363636364  0.464646464646  0.191919191919  0.313131313131  
0.606060606061  0.020202020202  0.565656565657  0.838383838384  0.878787878788  0.414141414141  0.777777777778  0.69696969697  
0.181818181818  0.030303030303  0.363636363636  0.919191919192  0.292929292929  0.121212121212  0.757575757576  0.555555555556  
0.383838383838  0.30303030303  0.040404040404  0.989898989899  0.151515151515  0.515151515152  0.111111111111  0.979797979798  
0.929292929293  0.0707070707071  0.10101010101  0.929292929293  0.343434343434  0.121212121212  0.747474747475  0.767676767677  
0.808080808081  0.727272727273  0.474747474747  0.383838383838  0.323232323232  0.69696969697  0.909090909091  0.626262626263  
1  0.252525252525  0.848484848485  0.79797979798  0.979797979798  0.979797979798  0.111111111111  0.79797979798  
0.272727272727  0.727272727273  0.606060606061  0.272727272727  0.515151515152  0.030303030303  0.757575757576  0.333333333333  
0.676767676768  0.30303030303  0.606060606061  0.313131313131  0.606060606061  0.323232323232  0.606060606061  0.333333333333  
0.606060606061  0.343434343434  0.606060606061  0.171717171717  0.555555555556  0.414141414141  0.191919191919  0.828282828283  
0.959595959596  0.69696969697  0.515151515152  0.474747474747  0.858585858586  0.535353535354  0.10101010101  0.858585858586  
0.343434343434  0.989898989899  0.929292929293  0.242424242424  0.686868686869  0.858585858586  0.232323232323  0.959595959596  
0  0.656565656566  0.606060606061  0.474747474747  0.252525252525  0.222222222222  0.030303030303  0.555555555556  
0.828282828283  0.333333333333  0.646464646465  0.969696969697  0.363636363636  0.0909090909091  0.252525252525  0.030303030303  
0.757575757576  0.646464646465  0.929292929293  0.343434343434  0.111111111111  0.828282828283  0.363636363636  0.555555555556  
0.979797979798  0.707070707071  0.69696969697  0.505050505051  0.606060606061  0.606060606061  0.606060606061  0.616161616162  
0.666666666667  0.30303030303  0.808080808081  0.212121212121  0.676767676768  0.939393939394  0.151515151515  0.545454545455  
0.59595959596  0.464646464646  0.10101010101  0.141414141414  0.606060606061  0.686868686869  0.040404040404  0.808080808081  
0.69696969697  0.121212121212  0.606060606061  0.717171717172  0.414141414141  0.949494949495  1  0.828282828283  
0.707070707071  0.919191919192  0.747474747475  0.494949494949  0.20202020202  0.252525252525  0.606060606061  0.777777777778  
0.686868686869  0.979797979798  0.535353535354  0.333333333333  0.262626262626  0.0606060606061  0.949494949495  0.474747474747  
0.606060606061  0.828282828283  0.0505050505051  0.272727272727  0.575757575758  0.787878787879  0.949494949495  0.636363636364  
0.979797979798  0.373737373737  0.242424242424  0.515151515152  0.606060606061  0.888888888889  0.606060606061  0.0909090909091  
0.69696969697  0.636363636364  0.141414141414  0.212121212121  0.909090909091  0.323232323232  0.545454545455  0.111111111111  
0.545454545455  0.191919191919  0.878787878788  0.919191919192  0.606060606061  0.969696969697  0.606060606061  0.979797979798  
0.686868686869  0  0.343434343434  0  0.616161616162  0  0.838383838384  0.222222222222  
0.616161616162  0.939393939394  0.616161616162  0.030303030303  0.616161616162  0.040404040404  0.242424242424  0.313131313131  
0.969696969697  0.676767676768  0.232323232323  0.545454545455  0.616161616162  0.0808080808081  0.858585858586  0.151515151515  
0.616161616162  0.10101010101  0.323232323232  0.79797979798  0.737373737374  0.454545454545  0.616161616162  0.131313131313  
0.757575757576  0.0606060606061  0.949494949495  0.989898989899  0.616161616162  0.161616161616  0.161616161616  0.939393939394  
0.363636363636  0.151515151515  0.0505050505051  0.737373737374  0.525252525253  0.424242424242  0.565656565657  0.161616161616  
0.909090909091  0.0606060606061  0.151515151515  0.747474747475  0.858585858586  0.929292929293  0.0606060606061  0.525252525253  
0.545454545455  0.959595959596  0.646464646465  0.121212121212  0.616161616162  0.282828282828  0.939393939394  0.515151515152  
0.878787878788  0.545454545455  0.79797979798  0.959595959596  0.242424242424  0.242424242424  0.676767676768  0.333333333333  
0.262626262626  0.444444444444  0.20202020202  0.121212121212  0.666666666667  0.373737373737  0.616161616162  0.373737373737  
0.323232323232  1  0.363636363636  0.292929292929  0.121212121212  0.030303030303  0.616161616162  0.414141414141  
0.10101010101  0.040404040404  0.616161616162  0.434343434343  0.0606060606061  0.545454545455  0.020202020202  0.313131313131  
0.909090909091  0.828282828283  0.949494949495  0.555555555556  0.616161616162  0.484848484848  0.616161616162  0.494949494949  
0.333333333333  0.383838383838  0.181818181818  0.171717171717  0.0909090909091  0.565656565657  0.929292929293  0.646464646465  
0.040404040404  0.292929292929  0.505050505051  0.555555555556  0.616161616162  0.828282828283  0.616161616162  0.575757575758  
0.616161616162  0.585858585859  0.616161616162  0.59595959596  0.252525252525  0.272727272727  0.929292929293  0.30303030303  
0.747474747475  0.727272727273  0.787878787879  0.575757575758  0.909090909091  0.858585858586  0.545454545455  0.20202020202  
0.858585858586  0.828282828283  0.212121212121  0.212121212121  0.838383838384  0.777777777778  0.828282828283  0.777777777778  
0.616161616162  0.707070707071  0.222222222222  0.959595959596  0.616161616162  0.727272727273  0.616161616162  0.737373737374  
0.808080808081  0.111111111111  0.545454545455  0.949494949495  0.616161616162  0.767676767677  0.959595959596  0.545454545455  
0.626262626263  0.0808080808081  0.171717171717  0.494949494949  0.282828282828  0.555555555556  0.181818181818  0.808080808081  
0.121212121212  0.868686868687  0.0808080808081  1  0.616161616162  0.848484848485  0.757575757576  0.171717171717  
0.959595959596  0.969696969697  0.555555555556  0.282828282828  0.121212121212  0.929292929293  0.838383838384  0.353535353535  
0.616161616162  0.909090909091  0.40404040404  0.020202020202  0.878787878788  0.0909090909091  0.616161616162  0.020202020202  
0.616161616162  0.949494949495  0.767676767677  0.222222222222  0.707070707071  0.414141414141  0.838383838384  0.727272727273  
0.616161616162  0.989898989899  0.131313131313  0.79797979798  0.626262626263  0  0.141414141414  0.414141414141  
0.353535353535  0.323232323232  0.69696969697  0.454545454545  0.777777777778  0.626262626263  0.333333333333  0.0909090909091  
0.606060606061  0.545454545455  0.353535353535  0.030303030303  0.808080808081  0.909090909091  0.777777777778  0.444444444444  
0.040404040404  0.818181818182  0.626262626263  0.111111111111  0.626262626263  0.121212121212  0.828282828283  0.424242424242  
0.626262626263  0.141414141414  0.737373737374  0.282828282828  0.232323232323  0.0606060606061  0.666666666667  0.666666666667  
0.0707070707071  0.40404040404  0.737373737374  0.30303030303  0.333333333333  0.454545454545  0.626262626263  0.212121212121  
0.292929292929  0.434343434343  0.282828282828  0.222222222222  0.858585858586  0.838383838384  0.626262626263  0.252525252525  
0.20202020202  0.565656565657  0.232323232323  0.585858585859  0.969696969697  0.393939393939  0.040404040404  0.454545454545  
0.161616161616  0.606060606061  0.626262626263  0.313131313131  0.0707070707071  0.030303030303  0.626262626263  0.333333333333  
0.848484848485  0.393939393939  0.20202020202  0.969696969697  0  0.141414141414  0.181818181818  0.141414141414  
0.424242424242  1  0.969696969697  0.989898989899  0.989898989899  0.969696969697  0.707070707071  0.252525252525  
0.626262626263  0.424242424242  0.333333333333  0.20202020202  0.252525252525  0.676767676768  0.292929292929  0.323232323232  
0.767676767677  0.434343434343  0.020202020202  0.828282828283  0.262626262626  0.222222222222  0.626262626263  0.494949494949  
0.222222222222  0.242424242424  0.909090909091  0.252525252525  0.121212121212  0.484848484848  0.949494949495  0.818181818182  
0.626262626263  0.545454545455  0.464646464646  0.777777777778  0.323232323232  0.0808080808081  0.0505050505051  0.858585858586  
0.313131313131  0.272727272727  0.909090909091  0.606060606061  0.151515151515  0.949494949495  0.939393939394  0.313131313131  
0.646464646465  0.151515151515  0.888888888889  0.656565656566  0.0909090909091  0.171717171717  0.515151515152  0.494949494949  
0.626262626263  0.666666666667  0.171717171717  0.979797979798  0.626262626263  0.686868686869  0.242424242424  0.464646464646  
0.414141414141  0.191919191919  0.353535353535  0.494949494949  0.707070707071  0.808080808081  0.171717171717  0.646464646465  
0.777777777778  0.606060606061  0.717171717172  0.424242424242  0.59595959596  0.868686868687  0.505050505051  0.333333333333  
0.505050505051  0.737373737374  0.242424242424  0.69696969697  0.585858585859  0.737373737374  0.222222222222  0.939393939394  
0.929292929293  0.636363636364  0.020202020202  0.525252525253  0.626262626263  0.262626262626  0.323232323232  0.484848484848  
0.787878787879  0.0707070707071  0.181818181818  0.757575757576  0.0606060606061  0.393939393939  0.646464646465  0.89898989899  
0.838383838384  0.89898989899  0.181818181818  0.979797979798  0.111111111111  0.0606060606061  0.888888888889  0.434343434343  
0.383838383838  0.636363636364  0.343434343434  0.222222222222  0.131313131313  0.181818181818  0.676767676768  0.59595959596  
0.232323232323  0.777777777778  0.828282828283  0.30303030303  0.222222222222  0.787878787879  0.636363636364  0.010101010101  
0.636363636364  0.020202020202  0.505050505051  1  0.292929292929  0.505050505051  0.808080808081  0.282828282828  
0.636363636364  0.0606060606061  0.565656565657  0.787878787879  0.0606060606061  0.363636363636  0.666666666667  0.474747474747  
0.434343434343  0.737373737374  0.636363636364  0.111111111111  0.181818181818  0.40404040404  0.818181818182  0.777777777778  
0.373737373737  0.545454545455  0.393939393939  1  0.636363636364  0.161616161616  0.747474747475  0.565656565657  
0.555555555556  0.727272727273  0.636363636364  0.191919191919  0.808080808081  0.313131313131  0.515151515152  0.484848484848  
0.161616161616  0.444444444444  0.888888888889  0.878787878788  0.636363636364  0.242424242424  0.747474747475  0.464646464646  
0.939393939394  0.808080808081  0.636363636364  0.919191919192  0.292929292929  0.555555555556  0.767676767677  0.151515151515  
0.989898989899  0.939393939394  0.30303030303  0.111111111111  0.636363636364  0.323232323232  0.929292929293  0.232323232323  
0.363636363636  0.0505050505051  0.636363636364  0.353535353535  0.111111111111  0.222222222222  0.636363636364  0.373737373737  
0.212121212121  0.79797979798  0.141414141414  0.606060606061  0.636363636364  0.40404040404  0.121212121212  0.535353535354  
0.636363636364  0.424242424242  0.0808080808081  0.89898989899  0.838383838384  0.767676767677  0.383838383838  0.252525252525  
0.151515151515  0.848484848485  0.636363636364  0.717171717172  0.40404040404  0.10101010101  0.636363636364  0.494949494949  
0.333333333333  0.494949494949  0.313131313131  0.818181818182  0.151515151515  0.585858585859  0.151515151515  1  
0.545454545455  0.393939393939  0.505050505051  0.656565656566  0.777777777778  0.141414141414  0.989898989899  0.0505050505051  
0.747474747475  0.313131313131  0.464646464646  0.686868686869  0.686868686869  0.666666666667  0.636363636364  0.616161616162  
0.878787878788  0.323232323232  0.636363636364  0.636363636364  0.292929292929  0.767676767677  0.191919191919  0.555555555556  
0.383838383838  0.79797979798  0.686868686869  0.646464646465  0.171717171717  0.929292929293  0.666666666667  0.585858585859  
0.636363636364  0.707070707071  0.808080808081  0.828282828283  0.0808080808081  0.242424242424  0.878787878788  0.363636363636  
0.585858585859  0.0505050505051  0.0606060606061  0.454545454545  0.636363636364  0.767676767677  0.454545454545  0  
0.0808080808081  0.262626262626  0.181818181818  0.69696969697  0.252525252525  0.545454545455  0.464646464646  0.323232323232  
0.454545454545  0.949494949495  0.636363636364  0.838383838384  0.282828282828  0.979797979798  0.030303030303  0.606060606061  
0.636363636364  0.868686868687  0.979797979798  0.121212121212  0.858585858586  0.181818181818  0.636363636364  0.89898989899  
0.464646464646  0.888888888889  0.0505050505051  0.181818181818  0.212121212121  0.868686868687  0.767676767677  0.464646464646  
0.111111111111  0.565656565657  0.434343434343  0.525252525253  0.393939393939  0.0808080808081  0.818181818182  0.505050505051  
0.888888888889  0.515151515152  0.606060606061  0.0808080808081  0  0.010101010101  0.424242424242  0.494949494949  
0.0505050505051  0.939393939394  0.494949494949  0.69696969697  0.292929292929  0.717171717172  0.212121212121  0.333333333333  
0.222222222222  0.272727272727  0.949494949495  0.777777777778  0.464646464646  0.676767676768  0.484848484848  0.858585858586  
0.646464646465  0.10101010101  0.414141414141  0.69696969697  0.242424242424  0.89898989899  0.939393939394  0.79797979798  
0.69696969697  0.424242424242  0.10101010101  0.666666666667  0.242424242424  0.212121212121  0.707070707071  1  
0.0909090909091  0.59595959596  0.646464646465  0.191919191919  0.494949494949  0.30303030303  0.40404040404  0.333333333333  
0.868686868687  0.575757575758  0.262626262626  0.858585858586  0.282828282828  0.686868686869  0.545454545455  0.888888888889  
0.171717171717  0.79797979798  0.737373737374  0.232323232323  0.494949494949  0.818181818182  0.757575757576  0.373737373737  
0.737373737374  0.717171717172  0.313131313131  0.414141414141  0.434343434343  0.767676767677  0.292929292929  0.343434343434  
0.848484848485  0.989898989899  0.181818181818  0.535353535354  0.757575757576  0.949494949495  0.89898989899  0.616161616162  
0.191919191919  0.616161616162  0.878787878788  0.959595959596  0.434343434343  0.252525252525  0.646464646465  0.414141414141  
0.0808080808081  0.636363636364  0.727272727273  0.515151515152  0.989898989899  0.929292929293  0.79797979798  0.909090909091  
0  0.444444444444  0.161616161616  0.363636363636  0.333333333333  0.626262626263  0.121212121212  0.585858585859  
0.313131313131  0.565656565657  0.646464646465  0.515151515152  0.858585858586  0.626262626263  0.171717171717  0.464646464646  
0.222222222222  0.606060606061  0.606060606061  0.858585858586  1  0.939393939394  0.646464646465  0.575757575758  
0.040404040404  0.878787878788  0.181818181818  0.676767676768  0.646464646465  0.606060606061  0.848484848485  0.141414141414  
0.0606060606061  0.616161616162  0.79797979798  0.0808080808081  0.787878787879  0.69696969697  0.686868686869  0.585858585859  
0.161616161616  0.808080808081  0.818181818182  0.69696969697  0.20202020202  0.747474747475  0.414141414141  0.20202020202  
0.0606060606061  0.434343434343  0.808080808081  0.20202020202  0.010101010101  0.212121212121  0.363636363636  0.424242424242  
0.949494949495  0.343434343434  0.525252525253  0.606060606061  0.474747474747  0.969696969697  0.646464646465  0.777777777778  
0.191919191919  0.888888888889  0.20202020202  0.333333333333  0.909090909091  0.79797979798  0.888888888889  0.939393939394  
0.69696969697  0.272727272727  0.454545454545  0.323232323232  0.646464646465  0.848484848485  0.474747474747  0.181818181818  
0.646464646465  0.868686868687  0.747474747475  0.0909090909091  0  0.929292929293  0.525252525253  0.818181818182  
0.232323232323  0.10101010101  0.454545454545  0.676767676768  0.262626262626  0.535353535354  0.646464646465  0.939393939394  
0.979797979798  0.818181818182  0.828282828283  0.282828282828  0.424242424242  0.939393939394  0.111111111111  0.0808080808081  
0.646464646465  0.989898989899  0.646464646465  1  0.131313131313  0.535353535354  0.282828282828  0.262626262626  
0.242424242424  0.0808080808081  0.272727272727  0.151515151515  0.323232323232  0.636363636364  0.161616161616  0.949494949495  
0.646464646465  0.020202020202  0.787878787879  0.161616161616  0.161616161616  0.141414141414  0.959595959596  0.343434343434  
0.888888888889  0.181818181818  0.656565656566  0.111111111111  0.959595959596  0.292929292929  0.484848484848  0.949494949495  
0.656565656566  0.141414141414  0.969696969697  0.888888888889  0.939393939394  0.575757575758  0.949494949495  0.494949494949  
0.585858585859  0.878787878788  0.282828282828  0.565656565657  0.141414141414  0.373737373737  0.858585858586  0.525252525253  
0.656565656566  0.40404040404  0.656565656566  0.232323232323  0.010101010101  0.676767676768  0.676767676768  0.616161616162  
0.757575757576  0.79797979798  0.646464646465  0.0808080808081  0.959595959596  0.686868686869  0.939393939394  0.191919191919  
0.656565656566  0.30303030303  0.010101010101  0.030303030303  0.252525252525  0.010101010101  0.656565656566  0.333333333333  
0.222222222222  0.505050505051  0.424242424242  0.505050505051  0.414141414141  0.808080808081  0.40404040404  0.616161616162  
0.313131313131  0.888888888889  0.656565656566  0.393939393939  0.0808080808081  0.808080808081  0.525252525253  0.383838383838  
0.444444444444  0.424242424242  0.949494949495  0.0909090909091  0.323232323232  0.40404040404  0.10101010101  0.747474747475  
0.0505050505051  0.434343434343  0.646464646465  0.323232323232  0.939393939394  1  0.656565656566  0.494949494949  
0.383838383838  0.989898989899  0.656565656566  0.515151515152  0.151515151515  0.434343434343  0.656565656566  0.535353535354  
0.656565656566  0.545454545455  0.656565656566  0.555555555556  0.757575757576  0.313131313131  0.656565656566  0.575757575758  
0.656565656566  0.69696969697  0.484848484848  0.515151515152  0.656565656566  0.606060606061  0.10101010101  0.888888888889  
0.333333333333  0.151515151515  0.656565656566  0.636363636364  0.656565656566  0.646464646465  0.010101010101  0.0808080808081  
0.414141414141  0.757575757576  0.232323232323  0.565656565657  0.959595959596  0.0808080808081  0.0606060606061  0.919191919192  
0.959595959596  0.464646464646  0.717171717172  0.969696969697  0.656565656566  0.727272727273  0.606060606061  0.414141414141  
0.575757575758  0.222222222222  0.767676767677  0.242424242424  0.606060606061  0.818181818182  0.656565656566  0.777777777778  
0.666666666667  0.525252525253  0.656565656566  0.79797979798  0.747474747475  0.818181818182  0.686868686869  0.030303030303  
0.434343434343  0.979797979798  0.656565656566  0.838383838384  0.656565656566  0.848484848485  0.656565656566  0.858585858586  
0.505050505051  0.313131313131  0.606060606061  0.30303030303  0.505050505051  0.69696969697  0.10101010101  0.434343434343  
0.656565656566  0.909090909091  0.818181818182  0.424242424242  0.939393939394  0.262626262626  0.848484848485  0.626262626263  
0.59595959596  0.909090909091  0.131313131313  0.0707070707071  0.373737373737  0.0808080808081  1  0.313131313131  
0.626262626263  0.040404040404  0.020202020202  0.323232323232  0.454545454545  0.373737373737  0.666666666667  0.010101010101  
0.969696969697  0.616161616162  0.666666666667  0.030303030303  0.20202020202  0.818181818182  0.787878787879  0.79797979798  
0.323232323232  0.646464646465  0.808080808081  0.888888888889  0.787878787879  0.0606060606061  0.737373737374  0.323232323232  
0.666666666667  0.10101010101  0.242424242424  0.626262626263  0.333333333333  0.949494949495  0.909090909091  0.282828282828  
0.939393939394  0.959595959596  0.575757575758  0.858585858586  0.343434343434  0.292929292929  0.555555555556  0.515151515152  
0.353535353535  0.959595959596  0.828282828283  0.585858585859  0.666666666667  0.20202020202  0.272727272727  0.959595959596  
0.515151515152  0.010101010101  0.0808080808081  0.828282828283  0.575757575758  0.878787878788  0.585858585859  0.0909090909091  
0.282828282828  0.646464646465  0.414141414141  0.747474747475  0.191919191919  0.30303030303  0.666666666667  0.292929292929  
0.20202020202  0.858585858586  0.838383838384  0.838383838384  0.010101010101  0.434343434343  0.979797979798  0.474747474747  
0.454545454545  0.878787878788  0.030303030303  0.0707070707071  0.212121212121  0.808080808081  0.383838383838  0.20202020202  
0.313131313131  0.878787878788  0.838383838384  0.252525252525  0.525252525253  0.686868686869  0.535353535354  0.919191919192  
0.666666666667  0.424242424242  0.949494949495  0.828282828283  0.59595959596  0.787878787879  0.020202020202  0.909090909091  
0.666666666667  0.020202020202  0.474747474747  0.262626262626  0.69696969697  0.959595959596  0.585858585859  0.0808080808081  
0.666666666667  0.505050505051  0.464646464646  0.363636363636  0.626262626263  0.989898989899  0.040404040404  0.767676767677  
0.111111111111  1  0.262626262626  0.949494949495  0.686868686869  0.777777777778  0.727272727273  0.10101010101  
0.0707070707071  0.0909090909091  0.525252525253  0.565656565657  0.575757575758  0.939393939394  0.919191919192  0.313131313131  
0.535353535354  0.828282828283  0.858585858586  0.686868686869  0  0.808080808081  0.0808080808081  0.737373737374  
0.848484848485  0.545454545455  0.666666666667  0.676767676768  0.656565656566  0.717171717172  0.727272727273  0.545454545455  
0.171717171717  0.252525252525  0.30303030303  0.919191919192  0.484848484848  0.888888888889  0.979797979798  0.393939393939  
0.545454545455  0.222222222222  0.323232323232  0.808080808081  0.0808080808081  0.282828282828  0.666666666667  0.777777777778  
0.979797979798  0.848484848485  0.161616161616  0.40404040404  0.131313131313  0.10101010101  0.414141414141  0.909090909091  
0.969696969697  0.828282828283  0.363636363636  0.838383838384  0.858585858586  0.0808080808081  0.474747474747  0.0808080808081  
0.141414141414  0.363636363636  0.585858585859  1  0.686868686869  0.131313131313  0.515151515152  0.111111111111  
0.0707070707071  0.555555555556  0.858585858586  0.282828282828  0.010101010101  0.040404040404  0.10101010101  0.424242424242  
0.666666666667  0.949494949495  0.727272727273  0.30303030303  0.666666666667  0.969696969697  0.666666666667  0.979797979798  
0.707070707071  0.0505050505051  0.89898989899  0.717171717172  0.0505050505051  0.575757575758  0.828282828283  0.474747474747  
0.616161616162  0.121212121212  0.242424242424  0.0909090909091  0.232323232323  0.323232323232  0.69696969697  0.0606060606061  
0.939393939394  0.818181818182  0.555555555556  0.292929292929  0.444444444444  0.373737373737  0.676767676768  0.0909090909091  
0.79797979798  0.858585858586  0.242424242424  0.181818181818  0.676767676768  0.121212121212  0.464646464646  0.787878787879  
0.676767676768  0.141414141414  0.919191919192  0.030303030303  0.393939393939  0.0707070707071  0.676767676768  0.171717171717  
0.474747474747  0.161616161616  0.555555555556  0.272727272727  0.949494949495  0.333333333333  0.20202020202  0.0808080808081  
0.545454545455  0.323232323232  0.555555555556  0.212121212121  0.676767676768  0.242424242424  0.131313131313  0.626262626263  
0.676767676768  0.262626262626  0.151515151515  0.232323232323  0.666666666667  0.181818181818  0.747474747475  0.747474747475  
0.363636363636  0.464646464646  0.818181818182  0.20202020202  0.282828282828  0.464646464646  0.727272727273  0.131313131313  
0.030303030303  0.979797979798  0.333333333333  0.777777777778  0.949494949495  0.858585858586  0.565656565657  0.383838383838  
0.040404040404  0.121212121212  0.676767676768  0.393939393939  0.676767676768  0.40404040404  0.444444444444  0.252525252525  
0.10101010101  0.121212121212  0.030303030303  0.040404040404  0.707070707071  0.0606060606061  0.888888888889  0.747474747475  
0.676767676768  0.464646464646  0.808080808081  0.585858585859  0.10101010101  0.444444444444  0.30303030303  0.121212121212  
0.878787878788  0.454545454545  0.787878787879  0  0.565656565657  0.494949494949  0  0.636363636364  
0.676767676768  0.545454545455  0.040404040404  0.363636363636  0.909090909091  0.69696969697  0.919191919192  0.666666666667  
1  0.606060606061  0.888888888889  0.838383838384  0.494949494949  0.0808080808081  0.626262626263  0.515151515152  
0.373737373737  0.707070707071  0.676767676768  0.636363636364  0.919191919192  0.161616161616  0.919191919192  0.282828282828  
0  0.363636363636  0.969696969697  0.242424242424  0.505050505051  0.979797979798  0.676767676768  0.69696969697  
0.666666666667  0.464646464646  0.272727272727  0.0909090909091  0.040404040404  0.707070707071  0.787878787879  0.383838383838  
0.292929292929  0.919191919192  0.959595959596  0.262626262626  0.191919191919  0.767676767677  0.272727272727  0.888888888889  
0.646464646465  0.787878787879  0.676767676768  0.79797979798  0.353535353535  0.474747474747  0.10101010101  0.59595959596  
0.707070707071  0.181818181818  0.676767676768  0.838383838384  0.222222222222  0.919191919192  0.676767676768  0.858585858586  
0.484848484848  0.0909090909091  0.242424242424  0.79797979798  0.656565656566  0.474747474747  0.676767676768  0.89898989899  
0.040404040404  0.434343434343  0.292929292929  0.747474747475  0.707070707071  0.707070707071  0.040404040404  0.222222222222  
0.515151515152  0.171717171717  0.585858585859  0.040404040404  0.131313131313  0.969696969697  0.979797979798  0.656565656566  
0.131313131313  0.484848484848  0.666666666667  0.616161616162  0.606060606061  0.989898989899  0.79797979798  0.272727272727  
0.59595959596  0.414141414141  0.767676767677  0.828282828283  0.181818181818  0.454545454545  0.686868686869  0.0505050505051  
0.151515151515  0.707070707071  0.282828282828  0.575757575758  0.686868686869  0.0808080808081  0.212121212121  0.393939393939  
0.151515151515  0.666666666667  0.737373737374  0.0505050505051  0.262626262626  0.777777777778  0.151515151515  0.989898989899  
0.777777777778  0.575757575758  0.929292929293  0.151515151515  0.909090909091  0.0909090909091  0.616161616162  0.686868686869  
0.616161616162  0.0606060606061  0.686868686869  0.191919191919  0.0707070707071  0.494949494949  0.686868686869  0.212121212121  
0.0909090909091  0.444444444444  0.69696969697  0.535353535354  0.353535353535  0.777777777778  0.666666666667  0.888888888889  
0  0.505050505051  0.767676767677  0  0.686868686869  0.282828282828  0.30303030303  0.484848484848  
0.272727272727  0.676767676768  0.767676767677  0.909090909091  0.424242424242  0.636363636364  0.69696969697  0.414141414141  
0.626262626263  0.555555555556  0.212121212121  0.89898989899  0.323232323232  0.878787878788  0.707070707071  0.858585858586  
0.636363636364  0.757575757576  0.363636363636  0.242424242424  0.161616161616  0.414141414141  0.737373737374  0.0808080808081  
0.686868686869  0.424242424242  0.30303030303  0.585858585859  0.515151515152  0.949494949495  0.111111111111  0.272727272727  
0.383838383838  0.111111111111  0.30303030303  0.222222222222  0.141414141414  0.020202020202  0.393939393939  0.525252525253  
0.010101010101  0.808080808081  0.171717171717  0.20202020202  0.89898989899  0.858585858586  0.676767676768  0.707070707071  
0.686868686869  0.545454545455  0.686868686869  0.555555555556  0.686868686869  0.565656565657  0.454545454545  0.939393939394  
0.0909090909091  1  0.242424242424  0.343434343434  0.757575757576  0.909090909091  0.030303030303  0.777777777778  
0.686868686869  0.626262626263  0.686868686869  0.636363636364  0.636363636364  0.676767676768  0.686868686869  0.656565656566  
0.10101010101  0.555555555556  0.222222222222  0.555555555556  0.262626262626  0.747474747475  0.424242424242  0.131313131313  
0.343434343434  0.747474747475  0.686868686869  0.787878787879  0.909090909091  0.969696969697  0.626262626263  0.20202020202  
0.686868686869  0.747474747475  0.222222222222  0.393939393939  0.242424242424  0.30303030303  0.343434343434  0.666666666667  
0.464646464646  0.505050505051  0.888888888889  0.323232323232  0.737373737374  0.656565656566  0.818181818182  0.979797979798  
0.878787878788  0.717171717172  0.474747474747  0.0909090909091  0.626262626263  0.737373737374  0.989898989899  0.979797979798  
0.868686868687  0.0606060606061  0.767676767677  0.535353535354  0.787878787879  0.949494949495  0.141414141414  0.505050505051  
0.585858585859  0.292929292929  0.343434343434  0.313131313131  0.79797979798  0.979797979798  0.717171717172  0.828282828283  
0.686868686869  0.949494949495  0.686868686869  0.959595959596  0.0909090909091  0.434343434343  0.151515151515  0.626262626263  
0.272727272727  0.282828282828  0.313131313131  0.232323232323  0.020202020202  0.464646464646  0.0606060606061  0.141414141414  
0.616161616162  0.818181818182  0.69696969697  0.030303030303  0.69696969697  0.040404040404  0.656565656566  0.969696969697  
0.626262626263  0.383838383838  0.292929292929  0.818181818182  0.0707070707071  0.10101010101  0.313131313131  0.393939393939  
0.888888888889  0.69696969697  0.676767676768  0.0808080808081  0.272727272727  0.535353535354  0.0909090909091  0.454545454545  
0.69696969697  0.141414141414  0.606060606061  0.737373737374  0.010101010101  0.10101010101  0.69696969697  0.171717171717  
0.494949494949  0.909090909091  0.262626262626  0.808080808081  0.737373737374  0.252525252525  0.313131313131  0.424242424242  
0.69696969697  0.222222222222  0.363636363636  0.787878787879  0.69696969697  0.242424242424  0.69696969697  0.252525252525  
0.0606060606061  0.59595959596  0.929292929293  0.373737373737  0.989898989899  0.808080808081  0.222222222222  0.171717171717  
0.69696969697  0.30303030303  0.979797979798  0.343434343434  0.69696969697  0.323232323232  0.919191919192  0.181818181818  
0.505050505051  0.616161616162  0.393939393939  0.0909090909091  0.69696969697  0.363636363636  0.686868686869  0.181818181818  
0.424242424242  0.353535353535  0.10101010101  0.89898989899  0.555555555556  0.191919191919  0.727272727273  0.0808080808081  
0.191919191919  0.131313131313  0.69696969697  0.434343434343  0.787878787879  0.454545454545  0.828282828283  0.0808080808081  
0.69696969697  0.464646464646  0.494949494949  0.828282828283  0.959595959596  0.525252525253  0.69696969697  0.494949494949  
0.585858585859  0.616161616162  0.828282828283  0.373737373737  0.494949494949  0.40404040404  0.505050505051  0.292929292929  
0.69696969697  0.545454545455  0.292929292929  0.454545454545  0.0808080808081  0.272727272727  0.131313131313  0.717171717172  
0.232323232323  0.666666666667  0.0606060606061  0.888888888889  0.464646464646  0.535353535354  0.79797979798  0.464646464646  
0.69696969697  0.626262626263  0.979797979798  0.383838383838  0.0505050505051  0.474747474747  0  0.151515151515  
0.929292929293  0.888888888889  0.40404040404  0.434343434343  0.10101010101  0.646464646465  0.333333333333  0.0606060606061  
0.89898989899  0.929292929293  0.717171717172  0.282828282828  0.434343434343  0.292929292929  0.464646464646  0.454545454545  
0.69696969697  0.747474747475  0.79797979798  0.131313131313  0.69696969697  0.767676767677  0.242424242424  0.888888888889  
0.69696969697  0.787878787879  0.69696969697  0.79797979798  0.727272727273  0.171717171717  0.434343434343  0.959595959596  
0.888888888889  0.282828282828  0.818181818182  0.838383838384  0.333333333333  0.131313131313  0.69696969697  0.858585858586  
0.030303030303  0.252525252525  0.242424242424  0.141414141414  0.69696969697  0.888888888889  0.545454545455  0.444444444444  
0.545454545455  0.212121212121  0.69696969697  0.919191919192  0.333333333333  0.222222222222  0.30303030303  0.717171717172  
0.565656565657  0.373737373737  0.0909090909091  0.777777777778  0.69696969697  0.969696969697  0.979797979798  0.727272727273  
0.848484848485  0.030303030303  0.69696969697  1  0.525252525253  0.737373737374  0.919191919192  0.323232323232  
0.707070707071  0.020202020202  0.969696969697  1  0.555555555556  0.181818181818  0.525252525253  0.616161616162  
0.030303030303  0.616161616162  0.707070707071  0.0707070707071  0.787878787879  0.858585858586  0.707070707071  0.0909090909091  
0.707070707071  0.10101010101  0.151515151515  0.313131313131  0.464646464646  0.464646464646  0.707070707071  0.525252525253  
0.0909090909091  0.878787878788  0.646464646465  0.313131313131  0.707070707071  0.161616161616  0.707070707071  0.171717171717  
0.858585858586  0.010101010101  0.393939393939  0.444444444444  0.0606060606061  0.020202020202  0.272727272727  0.848484848485  
0.929292929293  0.464646464646  0.707070707071  0.232323232323  0.989898989899  0.222222222222  0.747474747475  0.535353535354  
0.787878787879  0.505050505051  0.232323232323  0.838383838384  0.707070707071  0.282828282828  0.707070707071  0.292929292929  
0.838383838384  0.606060606061  0.777777777778  0.434343434343  0.0505050505051  0.969696969697  0.828282828283  0.434343434343  
0.313131313131  0.242424242424  0.989898989899  0.989898989899  0.858585858586  0.878787878788  0.707070707071  0.373737373737  
0.717171717172  0.121212121212  0.505050505051  0.787878787879  0.30303030303  0.979797979798  0.565656565657  0.363636363636  
0.707070707071  0.424242424242  0.0606060606061  0.535353535354  0.606060606061  0.222222222222  0.010101010101  0.525252525253  
0.707070707071  0.464646464646  0.69696969697  0.020202020202  0.707070707071  0.484848484848  0.616161616162  0.252525252525  
0.161616161616  0.323232323232  0.575757575758  0.121212121212  0.464646464646  0.10101010101  0.868686868687  0  
0.707070707071  0.545454545455  0.575757575758  0.868686868687  0.919191919192  0.979797979798  0.969696969697  0.383838383838  
0.242424242424  0.777777777778  0.131313131313  0.353535353535  0.707070707071  0.606060606061  0.565656565657  0.989898989899  
0.434343434343  0.020202020202  0.434343434343  0.727272727273  0.707070707071  0.646464646465  0.646464646465  0.626262626263  
0.707070707071  0.666666666667  0.484848484848  0.525252525253  0.707070707071  0.686868686869  0.161616161616  0.434343434343  
0.585858585859  0.393939393939  0.757575757576  0.707070707071  0.121212121212  0.0606060606061  0.171717171717  0.848484848485  
0.676767676768  0.424242424242  0.414141414141  0.282828282828  0.707070707071  0.767676767677  0.272727272727  0.828282828283  
0.707070707071  0.787878787879  0.69696969697  0.181818181818  0.131313131313  0.525252525253  0.818181818182  0.676767676768  
0.606060606061  0.646464646465  0.707070707071  0.838383838384  0.717171717172  0.757575757576  0.474747474747  0.868686868687  
0.262626262626  0.646464646465  0.727272727273  0.787878787879  0.707070707071  0.888888888889  0.717171717172  0.676767676768  
0.767676767677  0.686868686869  0.20202020202  0.131313131313  0.686868686869  0.020202020202  0.0606060606061  0.787878787879  
0.343434343434  0.888888888889  0.141414141414  0.69696969697  0.444444444444  0.818181818182  0.838383838384  0.424242424242  
0.494949494949  0.323232323232  0.020202020202  0.484848484848  0.717171717172  0  0.676767676768  0.484848484848  
0.464646464646  0.292929292929  0.717171717172  0.030303030303  0.707070707071  0.59595959596  0.707070707071  0.444444444444  
0.717171717172  0.151515151515  0.717171717172  0.0707070707071  0.626262626263  0.232323232323  0.828282828283  0.393939393939  
0.171717171717  0.868686868687  0.040404040404  0.252525252525  0  0.252525252525  0.919191919192  0.808080808081  
0.131313131313  0.747474747475  0.252525252525  0.373737373737  0.888888888889  0.535353535354  0.282828282828  0.858585858586  
0.979797979798  0.555555555556  0.0707070707071  0.121212121212  0.929292929293  0.484848484848  0.151515151515  0.40404040404  
0.717171717172  0.222222222222  0.717171717172  0.232323232323  0.191919191919  0.343434343434  0.59595959596  0.212121212121  
0.030303030303  0.30303030303  0.161616161616  0.878787878788  0.010101010101  0.646464646465  0.363636363636  0.181818181818  
0.636363636364  0.575757575758  0.717171717172  0.313131313131  0.151515151515  0.878787878788  0  0.979797979798  
0.545454545455  0.656565656566  0.040404040404  0.0707070707071  0.929292929293  0.59595959596  0.717171717172  0.373737373737  
0.717171717172  0.383838383838  0.717171717172  0.0909090909091  0.444444444444  0.454545454545  0.242424242424  0.030303030303  
0.89898989899  0.434343434343  0.393939393939  0.262626262626  0.717171717172  0.444444444444  0.10101010101  0.030303030303  
0.252525252525  1  0.838383838384  0.686868686869  0.717171717172  0.484848484848  0.69696969697  0.737373737374  
0.484848484848  0.474747474747  0.757575757576  0.717171717172  0.717171717172  0.525252525253  0.909090909091  0.20202020202  
0.333333333333  0.353535353535  0.484848484848  0.0808080808081  0.717171717172  0.565656565657  0.717171717172  0.575757575758  
0.151515151515  0.979797979798  0.717171717172  0.59595959596  0.353535353535  0.353535353535  0.141414141414  0.676767676768  
0.717171717172  0.626262626263  0.171717171717  0.151515151515  0.030303030303  0.151515151515  0.717171717172  0.656565656566  
0.848484848485  0.969696969697  0.646464646465  0.565656565657  0.717171717172  0.686868686869  0.656565656566  0.616161616162  
0.393939393939  0.848484848485  0.232323232323  0.535353535354  0.181818181818  1  0.949494949495  0.10101010101  
0.565656565657  0.909090909091  0.212121212121  0.747474747475  0.484848484848  0.939393939394  0.282828282828  0.909090909091  
0.717171717172  0.787878787879  0.717171717172  0.79797979798  0.282828282828  0.323232323232  0.414141414141  0.636363636364  
0.161616161616  0.838383838384  0.717171717172  0.838383838384  0.878787878788  0.242424242424  0.656565656566  0.0606060606061  
0.121212121212  0.454545454545  0.363636363636  0.848484848485  0.444444444444  0.787878787879  0.989898989899  0.878787878788  
0.0606060606061  0.0909090909091  0.717171717172  0.919191919192  0  0.747474747475  0.444444444444  0.10101010101  
0.262626262626  0.545454545455  0.646464646465  0.474747474747  0.575757575758  0.353535353535  0.020202020202  0.282828282828  
0.717171717172  0.989898989899  0.767676767677  0.121212121212  0.141414141414  0.272727272727  0.010101010101  0.505050505051  
0.838383838384  0.737373737374  0.434343434343  0.0808080808081  0.757575757576  0.626262626263  0.717171717172  0.535353535354  
0.0505050505051  0.878787878788  0.727272727273  0.0707070707071  0.343434343434  0.868686868687  0.727272727273  0.0909090909091  
0.59595959596  0.10101010101  0.727272727273  0.111111111111  0.818181818182  0.555555555556  0.181818181818  0.222222222222  
0.0505050505051  0.40404040404  0.59595959596  0.040404040404  0.727272727273  0.161616161616  0.757575757576  0.939393939394  
0.676767676768  0.626262626263  0.0808080808081  0.929292929293  0.333333333333  0.424242424242  0.676767676768  0.919191919192  
0.727272727273  0.222222222222  0.494949494949  0.727272727273  0.030303030303  0.676767676768  0.030303030303  0.707070707071  
0.0909090909091  0.959595959596  0.30303030303  0.535353535354  0.484848484848  0.585858585859  0.666666666667  0.161616161616  
0.121212121212  0.353535353535  0.747474747475  0.414141414141  0.212121212121  0.525252525253  0.585858585859  0.676767676768  
0.545454545455  0.454545454545  0.727272727273  0.353535353535  0.454545454545  0.737373737374  0.979797979798  0.454545454545  
0.30303030303  0.666666666667  0.0606060606061  0.727272727273  0.373737373737  0.0606060606061  0.010101010101  0.414141414141  
0.959595959596  0.383838383838  0.727272727273  0.434343434343  0.0606060606061  0.10101010101  0.353535353535  0.131313131313  
0.535353535354  0.363636363636  0.969696969697  0.484848484848  0.828282828283  0.949494949495  0.20202020202  0.262626262626  
0.333333333333  0.919191919192  0.69696969697  0.727272727273  1  0.69696969697  0.212121212121  0.757575757576  
0.343434343434  0.828282828283  0.787878787879  0.141414141414  0  0.909090909091  0.282828282828  0.292929292929  
0.727272727273  1  0.909090909091  0.666666666667  0.727272727273  0.606060606061  0.656565656566  0.919191919192  
0.424242424242  0.434343434343  0.777777777778  0.343434343434  0.656565656566  0.292929292929  0.727272727273  0.656565656566  
0.10101010101  0  0.727272727273  0.676767676768  0.363636363636  0.020202020202  0.919191919192  0.585858585859  
0.666666666667  0.0606060606061  0.020202020202  0.838383838384  0.727272727273  0.727272727273  0.141414141414  0.989898989899  
0.727272727273  0.747474747475  0.707070707071  0.868686868687  0.727272727273  0.767676767677  0.030303030303  0.292929292929  
0.707070707071  0.878787878788  0.848484848485  0.212121212121  0.656565656566  0.89898989899  0.565656565657  0.606060606061  
0.767676767677  0.353535353535  0.777777777778  0.676767676768  0.414141414141  0.343434343434  0.727272727273  0.858585858586  
0.141414141414  0.575757575758  0.727272727273  0.848484848485  0.545454545455  0.707070707071  0.727272727273  0.89898989899  
0.828282828283  0.0505050505051  0.555555555556  0.606060606061  0.727272727273  0.929292929293  0.89898989899  0.262626262626  
0.545454545455  0.606060606061  0.929292929293  0.474747474747  0.848484848485  0.565656565657  0.141414141414  0.777777777778  
0.040404040404  0.141414141414  0.313131313131  0.757575757576  0.949494949495  1  0.737373737374  0.010101010101  
0.020202020202  0.989898989899  0.979797979798  0.878787878788  0.868686868687  0.494949494949  0.393939393939  0.191919191919  
0.737373737374  0.0606060606061  0.737373737374  0.0707070707071  0.111111111111  0.111111111111  0.838383838384  0.0808080808081  
0.393939393939  0.505050505051  0.515151515152  0.828282828283  0.353535353535  0.505050505051  0.828282828283  0.909090909091  
0.20202020202  0.171717171717  0.737373737374  0.151515151515  0.111111111111  0.626262626263  0.30303030303  0.646464646465  
0.0606060606061  0.666666666667  0.484848484848  1  0.939393939394  0.0808080808081  0.40404040404  0.757575757576  
0.969696969697  0.040404040404  0.707070707071  0.909090909091  0.585858585859  0.505050505051  0.727272727273  0.818181818182  
0.171717171717  0.424242424242  0.737373737374  0.272727272727  0.626262626263  0.151515151515  0.121212121212  0.646464646465  
0.626262626263  0.191919191919  0.161616161616  0.494949494949  0.222222222222  0.373737373737  0.737373737374  0.333333333333  
0  0.767676767677  0.888888888889  0.989898989899  0.737373737374  0.363636363636  0.737373737374  0.373737373737  
0.656565656566  0.676767676768  0  0.888888888889  0.464646464646  0.89898989899  0.727272727273  0.444444444444  
0.434343434343  0.606060606061  0.737373737374  0.434343434343  0.292929292929  0.040404040404  0.0606060606061  0.191919191919  
0.565656565657  0.0909090909091  0.525252525253  0.676767676768  0.737373737374  0.484848484848  0.0505050505051  0.212121212121  
0.737373737374  0.505050505051  0.737373737374  0.515151515152  0.848484848485  0.686868686869  0.383838383838  0.313131313131  
0.20202020202  0.242424242424  0.929292929293  0.727272727273  0.20202020202  0.737373737374  0.676767676768  0.252525252525  
0.686868686869  1  0.818181818182  0.030303030303  0.646464646465  0.676767676768  0.212121212121  0.686868686869  
0.272727272727  0.292929292929  0.010101010101  0.818181818182  0.737373737374  0.646464646465  0.878787878788  0.939393939394  
0.0808080808081  0.676767676768  0.424242424242  0.909090909091  0.737373737374  0.686868686869  0.424242424242  0.616161616162  
0.727272727273  0.232323232323  0.505050505051  0.383838383838  0.868686868687  0.707070707071  0.30303030303  0.969696969697  
0.111111111111  0.424242424242  0.0505050505051  0.383838383838  0.686868686869  0.010101010101  0.585858585859  0.161616161616  
0.171717171717  0.474747474747  0.222222222222  0.0808080808081  0.323232323232  0.888888888889  0.0808080808081  0.555555555556  
0.969696969697  0.555555555556  0.333333333333  0.525252525253  0.010101010101  0.636363636364  0.030303030303  0.181818181818  
0.585858585859  0.444444444444  0.989898989899  0.59595959596  0.737373737374  0.888888888889  0.353535353535  0.575757575758  
0.909090909091  0.656565656566  0.0909090909091  0.606060606061  0.10101010101  0.494949494949  0.737373737374  0.939393939394  
0.808080808081  0.878787878788  0.454545454545  0.767676767677  0.878787878788  0.494949494949  0.888888888889  0.818181818182  
0.636363636364  0.555555555556  0.676767676768  0.232323232323  0.636363636364  0.79797979798  0  0.838383838384  
0.111111111111  0.464646464646  0.747474747475  0.030303030303  0.747474747475  0.040404040404  0.787878787879  0.131313131313  
0.393939393939  0.454545454545  0.626262626263  0.646464646465  0.252525252525  0.636363636364  0.020202020202  0.30303030303  
0.353535353535  0.656565656566  0.171717171717  0.525252525253  0.555555555556  0.979797979798  0.747474747475  0.131313131313  
0.10101010101  0.353535353535  0.747474747475  0.151515151515  0.848484848485  0.787878787879  0.747474747475  0.171717171717  
0.747474747475  0.181818181818  0.939393939394  0.535353535354  0.888888888889  0.59595959596  0.373737373737  0.828282828283  
0.646464646465  0.030303030303  0.939393939394  0.505050505051  0.272727272727  0.747474747475  0.232323232323  0.272727272727  
0.020202020202  0.79797979798  0.747474747475  0.272727272727  0.494949494949  0.959595959596  0.525252525253  0.323232323232  
0.292929292929  0.0909090909091  0.636363636364  0.989898989899  0.747474747475  0.323232323232  0.747474747475  0.333333333333  
0.858585858586  0.575757575758  0.848484848485  0.747474747475  0.0505050505051  0.59595959596  0.949494949495  0.959595959596  
0.393939393939  0.393939393939  0.747474747475  0.393939393939  0.686868686869  0.323232323232  0.565656565657  0.646464646465  
0.020202020202  0.545454545455  0.747474747475  0.434343434343  0.0909090909091  0.666666666667  0.747474747475  0.454545454545  
0.262626262626  0.959595959596  0.414141414141  0  0.747474747475  0.484848484848  0.939393939394  0.121212121212  
0.646464646465  0.0606060606061  0.626262626263  0.848484848485  0.363636363636  0.343434343434  0.272727272727  0.272727272727  
0.010101010101  0.0707070707071  0.434343434343  0.111111111111  0.636363636364  0.171717171717  0.59595959596  0.888888888889  
0.676767676768  0.020202020202  1  0.141414141414  0.111111111111  0.707070707071  0.0808080808081  0.141414141414  
0.343434343434  0.585858585859  0.79797979798  0.777777777778  0.474747474747  0.979797979798  0.747474747475  0.656565656566  
0.777777777778  0.666666666667  0.020202020202  0.919191919192  0.505050505051  0.30303030303  0.808080808081  0.545454545455  
0.424242424242  0.676767676768  0.292929292929  0.59595959596  0.20202020202  0.10101010101  0.212121212121  0.828282828283  
0.676767676768  0.292929292929  0.191919191919  0.242424242424  0.040404040404  0.181818181818  0.0808080808081  0.777777777778  
0.272727272727  0.707070707071  0.232323232323  0.141414141414  0.949494949495  0.323232323232  0.656565656566  0.808080808081  
0.373737373737  0.343434343434  0.252525252525  0.484848484848  0.494949494949  0.424242424242  0.232323232323  0.292929292929  
0.616161616162  0.757575757576  0.484848484848  0.191919191919  0.747474747475  0.888888888889  0.353535353535  0.363636363636  
0.393939393939  0.909090909091  0.121212121212  0.787878787879  0.242424242424  0.111111111111  0.424242424242  0.858585858586  
0.939393939394  0.737373737374  0.575757575758  0.484848484848  0.212121212121  0.040404040404  0.393939393939  0.353535353535  
0.414141414141  0.878787878788  0.010101010101  0.474747474747  0.525252525253  0.0505050505051  0.757575757576  0.010101010101  
0.757575757576  0.020202020202  0.757575757576  0.030303030303  0.979797979798  0.646464646465  0.676767676768  0.959595959596  
0.151515151515  0.30303030303  0.89898989899  0.252525252525  0.484848484848  0.767676767677  0.424242424242  0.818181818182  
0.989898989899  0.575757575758  0.10101010101  0.757575757576  0.40404040404  0.686868686869  0.585858585859  0.171717171717  
0.868686868687  0.474747474747  0.979797979798  0.585858585859  0.666666666667  0.818181818182  0.121212121212  0.717171717172  
0.0909090909091  0.515151515152  0.030303030303  0.020202020202  0.656565656566  0.191919191919  0.606060606061  0.151515151515  
0.606060606061  0.434343434343  0.282828282828  0.828282828283  0.262626262626  0.868686868687  0.232323232323  0.313131313131  
0.939393939394  0.616161616162  0.929292929293  0.747474747475  0.757575757576  0.282828282828  0.40404040404  0.363636363636  
0.535353535354  0.848484848485  0.737373737374  0.777777777778  0.757575757576  0.757575757576  0.262626262626  0.161616161616  
0.909090909091  0.707070707071  0.454545454545  0.30303030303  0.333333333333  0.181818181818  0.59595959596  0.444444444444  
0.757575757576  0.383838383838  0.0909090909091  0  0.0505050505051  0.131313131313  0.272727272727  0.717171717172  
0.363636363636  0.59595959596  0.242424242424  0.484848484848  0.69696969697  0.848484848485  0.141414141414  0.141414141414  
0.757575757576  0.434343434343  0.363636363636  0.444444444444  0.757575757576  0.484848484848  0.111111111111  0.838383838384  
0.161616161616  0.020202020202  0.757575757576  0.515151515152  0.444444444444  0.707070707071  0.0808080808081  0.252525252525  
0.676767676768  0.181818181818  0.767676767677  0.787878787879  0.575757575758  0.89898989899  0.969696969697  0.949494949495  
0.969696969697  0.323232323232  0.464646464646  0.171717171717  0.444444444444  0.181818181818  0.0606060606061  0.151515151515  
0.40404040404  0.818181818182  0.0808080808081  0.414141414141  0.89898989899  0.777777777778  0.979797979798  0.626262626263  
0.0505050505051  0.727272727273  0.454545454545  0.383838383838  0.383838383838  0.454545454545  0.828282828283  0.565656565657  
0.707070707071  0.717171717172  0.59595959596  0.676767676768  0.474747474747  0.69696969697  0.272727272727  0.10101010101  
0.141414141414  0.353535353535  0.757575757576  0.323232323232  0.505050505051  0.676767676768  0.171717171717  0.363636363636  
0.79797979798  0.434343434343  0.040404040404  0.828282828283  0.525252525253  0.313131313131  0.707070707071  0.585858585859  
0.757575757576  0.828282828283  0.242424242424  0.616161616162  0.575757575758  0.535353535354  0.656565656566  0.131313131313  
0.545454545455  0.787878787879  0.0909090909091  0.040404040404  0.464646464646  0.616161616162  0.272727272727  0.505050505051  
0.69696969697  0  0.888888888889  0.919191919192  0.020202020202  0.030303030303  0.939393939394  0.282828282828  
0.89898989899  0.030303030303  0.242424242424  0.545454545455  0.535353535354  0.414141414141  0.757575757576  0.979797979798  
0.757575757576  0.989898989899  0.515151515152  0.414141414141  0.959595959596  0.848484848485  0.838383838384  0.646464646465  
0.414141414141  0.222222222222  0.59595959596  0.727272727273  0.0808080808081  0.606060606061  0.878787878788  1  
0.606060606061  1  0.262626262626  0.151515151515  0.767676767677  0.0808080808081  0.272727272727  0.858585858586  
0.262626262626  0.272727272727  0.171717171717  0.111111111111  0  0.707070707071  0.515151515152  0.151515151515  
0.767676767677  0.141414141414  0.707070707071  0.0808080808081  0.555555555556  0.30303030303  0.767676767677  0.171717171717  
0.444444444444  0.232323232323  0.383838383838  0.939393939394  0.767676767677  0.20202020202  0.989898989899  0.79797979798  
0.757575757576  0.848484848485  0.767676767677  0.232323232323  0.79797979798  0.373737373737  0.939393939394  0.909090909091  
0.707070707071  0.30303030303  0.10101010101  0.292929292929  0.777777777778  0.858585858586  0.848484848485  0.717171717172  
0.535353535354  0.040404040404  0.707070707071  0.929292929293  0.20202020202  0.272727272727  0.494949494949  0.757575757576  
0.767676767677  0.343434343434  0.484848484848  0.59595959596  0.0606060606061  0.232323232323  0.747474747475  0.10101010101  
0.989898989899  0.757575757576  0.545454545455  0.626262626263  0.363636363636  0.222222222222  0.212121212121  0.787878787879  
0.727272727273  0.292929292929  0.59595959596  0.59595959596  0.979797979798  0.59595959596  0.20202020202  0.373737373737  
0.040404040404  0.161616161616  0.767676767677  0.474747474747  0.030303030303  0.232323232323  0.767676767677  0.494949494949  
0.767676767677  0.505050505051  0.666666666667  0.868686868687  0.969696969697  0.131313131313  0.282828282828  0.848484848485  
0.858585858586  0.141414141414  0.20202020202  0.464646464646  0.565656565657  0.666666666667  0.464646464646  0.0606060606061  
0.838383838384  0.505050505051  0.727272727273  0.010101010101  0.282828282828  0.616161616162  0.0505050505051  0.040404040404  
0.0909090909091  0.0707070707071  0.141414141414  0.555555555556  0.131313131313  0.555555555556  0.525252525253  0.484848484848  
0.323232323232  0.787878787879  0.363636363636  0.909090909091  0.494949494949  0.919191919192  0.767676767677  0.69696969697  
0.424242424242  0  0.969696969697  0.30303030303  1  0.676767676768  0.737373737374  0.909090909091  
0.555555555556  0.111111111111  0.545454545455  0.69696969697  0.161616161616  0.858585858586  0.020202020202  0.939393939394  
0.383838383838  1  0.747474747475  0.424242424242  0.606060606061  0.666666666667  0.272727272727  0.010101010101  
0.89898989899  0.454545454545  0.757575757576  0.121212121212  0.585858585859  0.40404040404  0.767676767677  0.858585858586  
0.717171717172  0.242424242424  0.979797979798  0.444444444444  0.585858585859  0.545454545455  0.767676767677  0.89898989899  
0.949494949495  0.949494949495  0.777777777778  0.707070707071  0.181818181818  0.474747474747  0.787878787879  0.646464646465  
0.646464646465  0.444444444444  0.767676767677  0.959595959596  0.666666666667  0.414141414141  0.989898989899  0.606060606061  
0.565656565657  0.474747474747  0.767676767677  1  0.171717171717  0.717171717172  0.666666666667  0.363636363636  
0.777777777778  0.020202020202  0.111111111111  0.888888888889  0.777777777778  0.040404040404  0.212121212121  0.0606060606061  
0.777777777778  0.0606060606061  0.787878787879  0.979797979798  0.777777777778  0.0808080808081  0.464646464646  0.272727272727  
0.434343434343  0.212121212121  0.888888888889  0.79797979798  0.636363636364  0.69696969697  0.858585858586  0.333333333333  
0.969696969697  0.171717171717  0.787878787879  0.181818181818  0.646464646465  0.30303030303  0.424242424242  0.737373737374  
0.515151515152  0.545454545455  0.777777777778  0.191919191919  0.777777777778  0.20202020202  0.777777777778  0.212121212121  
0.545454545455  0.313131313131  0.111111111111  0.848484848485  0.313131313131  0.222222222222  0.383838383838  0.828282828283  
0.929292929293  0.414141414141  0.777777777778  0.272727272727  0.949494949495  0.727272727273  0.777777777778  0.292929292929  
0.808080808081  0.505050505051  0.161616161616  0.131313131313  0.777777777778  0.323232323232  0.777777777778  0.333333333333  
0.292929292929  0.969696969697  0.969696969697  0.333333333333  0.767676767677  0.656565656566  0.252525252525  0.040404040404  
0.707070707071  0.262626262626  0.676767676768  0.353535353535  0.929292929293  0.808080808081  0.383838383838  0.323232323232  
0.0808080808081  0.909090909091  0.030303030303  0.959595959596  0.40404040404  0.89898989899  0.777777777778  0.454545454545  
0.383838383838  0.59595959596  0.242424242424  0.020202020202  0.0707070707071  0.414141414141  0.919191919192  0.646464646465  
0.777777777778  0.505050505051  0.909090909091  0.686868686869  0.0909090909091  0.121212121212  0.69696969697  0.616161616162  
0.777777777778  0.545454545455  0.89898989899  0.161616161616  0.424242424242  0.535353535354  0.010101010101  0.545454545455  
0.777777777778  0.585858585859  0.383838383838  0.959595959596  0.606060606061  0.141414141414  0.313131313131  0.777777777778  
0.10101010101  0.878787878788  0.414141414141  0.020202020202  0.212121212121  0.010101010101  0.828282828283  0.161616161616  
0.808080808081  0.717171717172  0.515151515152  0.565656565657  0.252525252525  0.777777777778  0.565656565657  0.424242424242  
0.444444444444  0.979797979798  0.777777777778  0.717171717172  0.010101010101  0.191919191919  0.191919191919  0.292929292929  
0.777777777778  0.747474747475  0.777777777778  0.757575757576  0.646464646465  0.747474747475  0.525252525253  0.939393939394  
0.969696969697  0.69696969697  0.121212121212  0.262626262626  0.777777777778  0.808080808081  0.353535353535  0.212121212121  
0.454545454545  0.242424242424  0.0909090909091  0.131313131313  0.686868686869  0.767676767677  0.656565656566  0.454545454545  
0.878787878788  0.808080808081  0.585858585859  0.0606060606061  0.777777777778  0.888888888889  0.313131313131  0.343434343434  
0.222222222222  0.59595959596  0.777777777778  0.919191919192  0.0808080808081  0.979797979798  0.0808080808081  0.848484848485  
0.353535353535  0.878787878788  0.686868686869  0.878787878788  0.949494949495  0.292929292929  0.777777777778  0.979797979798  
0.868686868687  0.535353535354  0.707070707071  0.131313131313  0.212121212121  0.020202020202  0.787878787879  0.010101010101  
0.272727272727  0.40404040404  0.242424242424  0.767676767677  0.949494949495  0.161616161616  0.30303030303  0.0505050505051  
0.878787878788  0.212121212121  0.323232323232  0.89898989899  0.444444444444  0.828282828283  0.787878787879  0.0909090909091  
0.383838383838  0.89898989899  0.787878787879  0.111111111111  0.0808080808081  0.222222222222  0.89898989899  0.868686868687  
0.636363636364  0.040404040404  0.040404040404  0.909090909091  0.383838383838  0.181818181818  0.848484848485  0.343434343434  
0.747474747475  0.525252525253  0.020202020202  0.727272727273  0.787878787879  0.20202020202  0.222222222222  0.212121212121  
0.161616161616  0.525252525253  0.555555555556  0.919191919192  0.474747474747  0.0707070707071  0.777777777778  0.535353535354  
0.787878787879  0.727272727273  0.787878787879  0.272727272727  0.848484848485  0.111111111111  0.979797979798  0.252525252525  
0.909090909091  0.878787878788  0.585858585859  0.525252525253  0.343434343434  0.89898989899  0.969696969697  0.979797979798  
0.787878787879  0.343434343434  0.69696969697  0.474747474747  0.787878787879  0.363636363636  0.959595959596  0.232323232323  
0.343434343434  0.686868686869  0.0606060606061  0.161616161616  0.89898989899  0.414141414141  0.30303030303  0.323232323232  
0.787878787879  0.424242424242  0.707070707071  0.939393939394  0.0505050505051  0.20202020202  0.959595959596  0.414141414141  
0.787878787879  0.464646464646  0.525252525253  0.969696969697  0.323232323232  0.666666666667  0.787878787879  0.494949494949  
0.141414141414  0.969696969697  0.787878787879  0.515151515152  0.787878787879  0.525252525253  0.262626262626  0.454545454545  
0.505050505051  0.79797979798  0.787878787879  0.555555555556  0.848484848485  0.191919191919  0.484848484848  0.323232323232  
0.888888888889  0.454545454545  0.10101010101  0.686868686869  0.777777777778  0.515151515152  0.939393939394  0.848484848485  
0.828282828283  0.040404040404  0.757575757576  1  0.848484848485  0.474747474747  0.575757575758  0.181818181818  
0.767676767677  0.525252525253  0.787878787879  0.676767676768  0.505050505051  0.626262626263  0.0707070707071  0.686868686869  
0.40404040404  0.262626262626  0.585858585859  0.313131313131  0.818181818182  0.858585858586  0.020202020202  0.242424242424  
0.787878787879  0.747474747475  0.121212121212  0.777777777778  0.939393939394  0.484848484848  0.666666666667  0.919191919192  
0.787878787879  0.787878787879  0.444444444444  0.353535353535  0.343434343434  0.525252525253  0.747474747475  0.0505050505051  
0.464646464646  0.0505050505051  1  0.494949494949  0.787878787879  0.848484848485  0.0808080808081  0.666666666667  
0.787878787879  0.868686868687  0.787878787879  0.878787878788  0.787878787879  0.888888888889  0.939393939394  0.272727272727  
0.787878787879  0.909090909091  0.494949494949  0.282828282828  0.939393939394  0.69696969697  0.40404040404  0.585858585859  
0.666666666667  0.808080808081  0.989898989899  0.020202020202  0.323232323232  0.858585858586  0.767676767677  0.878787878788  
0.868686868687  0.656565656566  0.545454545455  0.262626262626  0.282828282828  0.484848484848  0.767676767677  0.040404040404  
0.393939393939  0.171717171717  0.121212121212  0.737373737374  0.606060606061  0.494949494949  0.626262626263  0.0606060606061  
0.79797979798  0.0606060606061  0.232323232323  0.20202020202  0.252525252525  0.0505050505051  0.79797979798  0.0909090909091  
0.808080808081  0.686868686869  0.777777777778  0.616161616162  0.212121212121  0.676767676768  0.737373737374  0.40404040404  
1  0.161616161616  0.79797979798  0.151515151515  0.40404040404  0.646464646465  0.505050505051  0.858585858586  
0.191919191919  0.0909090909091  0.79797979798  0.191919191919  0.626262626263  0.0505050505051  0.393939393939  0.565656565657  
0.969696969697  0.545454545455  0.79797979798  0.232323232323  0.79797979798  0.242424242424  0.838383838384  0.323232323232  
0.161616161616  0.828282828283  0.191919191919  0.353535353535  0.59595959596  0.191919191919  0.0808080808081  0.161616161616  
0.262626262626  0.707070707071  0.79797979798  0.313131313131  0.151515151515  0.565656565657  0.0909090909091  0.929292929293  
0.626262626263  0.292929292929  0.585858585859  0.484848484848  0.161616161616  0.040404040404  0.515151515152  0.979797979798  
0.989898989899  0.181818181818  0.343434343434  0.353535353535  0.79797979798  0.40404040404  0.787878787879  0.686868686869  
0.838383838384  0.191919191919  0.686868686869  0.272727272727  0.494949494949  0.848484848485  0.777777777778  0.737373737374  
0.868686868687  0.747474747475  0.353535353535  0.20202020202  0.222222222222  0.030303030303  1  0.808080808081  
0.79797979798  0.505050505051  0.69696969697  0.757575757576  0.181818181818  0.252525252525  0.646464646465  0.373737373737  
0.222222222222  0.626262626263  0.555555555556  0.636363636364  0.212121212121  0.383838383838  0.282828282828  0  
0.464646464646  0.939393939394  0.79797979798  0.454545454545  1  0.0909090909091  0.20202020202  0.939393939394  
0.969696969697  0.020202020202  0.79797979798  0.636363636364  0.30303030303  0.565656565657  0.79797979798  0.656565656566  
0.111111111111  0.181818181818  0.30303030303  0.575757575758  0.515151515152  0.717171717172  0.151515151515  0.212121212121  
0.59595959596  0.818181818182  0.636363636364  0.393939393939  0.79797979798  0.727272727273  0.626262626263  0.525252525253  
0  0.89898989899  0.919191919192  0.919191919192  0.727272727273  0.030303030303  0.323232323232  0.363636363636  
0.393939393939  0.636363636364  0.232323232323  0.0707070707071  0.707070707071  0.323232323232  0.666666666667  0.858585858586  
0.0606060606061  0.707070707071  0.040404040404  0.010101010101  0.929292929293  0.565656565657  0.20202020202  0.232323232323  
0.30303030303  0.505050505051  0.828282828283  0.808080808081  0.20202020202  0.151515151515  0.878787878788  0.333333333333  
0.131313131313  0.707070707071  0.0808080808081  0.646464646465  0.494949494949  0.363636363636  0.454545454545  0.606060606061  
0.868686868687  0.464646464646  0.272727272727  0.141414141414  0.818181818182  0.151515151515  0.69696969697  0.929292929293  
0.79797979798  0.989898989899  0.0505050505051  0  0.979797979798  0.40404040404  0.555555555556  0.222222222222  
0.030303030303  0.545454545455  0.515151515152  0.606060606061  0.737373737374  0.727272727273  0.626262626263  0.30303030303  
0.808080808081  0.161616161616  0.575757575758  0.0505050505051  0.808080808081  0.0808080808081  0.808080808081  0.0909090909091  
0.808080808081  0.10101010101  0.616161616162  0.262626262626  0.808080808081  0.121212121212  0.474747474747  0.030303030303  
1  0.767676767677  0.818181818182  0.343434343434  0.747474747475  0.909090909091  0.444444444444  0.606060606061  
0.0606060606061  0.111111111111  0.40404040404  0.313131313131  0.464646464646  0.353535353535  0.141414141414  0.484848484848  
0.808080808081  0.222222222222  0.808080808081  0.232323232323  0.323232323232  0.767676767677  0.808080808081  0.252525252525  
0.757575757576  0.686868686869  0.727272727273  0.909090909091  0.636363636364  0.0505050505051  0.989898989899  0.828282828283  
0.262626262626  0.434343434343  0.444444444444  0.0606060606061  0.808080808081  0.323232323232  0.424242424242  0.333333333333  
0.555555555556  0.686868686869  0.606060606061  0.40404040404  0.292929292929  0.363636363636  0.171717171717  0.606060606061  
0.252525252525  0.868686868687  0.808080808081  0.393939393939  0.757575757576  0.343434343434  0.0707070707071  0.181818181818  
0.838383838384  0.909090909091  0.727272727273  0.838383838384  0.808080808081  0.444444444444  0.555555555556  0.454545454545  
0.494949494949  0.242424242424  0.808080808081  0.474747474747  0.848484848485  0.0909090909091  0.656565656566  0.161616161616  
0.69696969697  0.292929292929  1  0.848484848485  0.808080808081  0.525252525253  0.808080808081  0.535353535354  
0.565656565657  0.343434343434  0.565656565657  0.121212121212  0.626262626263  0.79797979798  0.808080808081  0.575757575758  
0.585858585859  0.868686868687  0.808080808081  0.59595959596  0.909090909091  0.40404040404  0.464646464646  0.040404040404  
0.545454545455  0.242424242424  0.808080808081  0.636363636364  0.242424242424  0.929292929293  0.808080808081  0.656565656566  
0.40404040404  0.555555555556  0.585858585859  0.848484848485  0.454545454545  0.848484848485  0.040404040404  0.353535353535  
0.808080808081  0.707070707071  0.747474747475  0.666666666667  0.767676767677  0.838383838384  0.121212121212  0.111111111111  
0.191919191919  0.808080808081  0.353535353535  0.161616161616  0.393939393939  0.020202020202  0.343434343434  0.40404040404  
0.242424242424  0.969696969697  0.919191919192  0.686868686869  0.171717171717  0.757575757576  0.565656565657  0.313131313131  
0.969696969697  0.424242424242  0.010101010101  0.171717171717  0.636363636364  0.606060606061  0.979797979798  0.787878787879  
0.808080808081  0.868686868687  0.747474747475  0.161616161616  0.666666666667  0.0707070707071  0.484848484848  0.848484848485  
0.383838383838  0.646464646465  0.808080808081  0.919191919192  0.686868686869  0.252525252525  0.191919191919  0.747474747475  
0.343434343434  0.171717171717  0.0606060606061  0.171717171717  0.444444444444  0.79797979798  0.878787878788  0.171717171717  
0.848484848485  0.808080808081  0.808080808081  1  0.838383838384  0.20202020202  0.434343434343  0.333333333333  
0.242424242424  0.828282828283  0.363636363636  0.616161616162  0.141414141414  0.222222222222  0.717171717172  0.454545454545  
0.818181818182  0.0606060606061  0.262626262626  0.606060606061  0.393939393939  0  0.818181818182  0.0909090909091  
0.575757575758  0.0606060606061  0.464646464646  0.393939393939  0.626262626263  0.858585858586  0.949494949495  0.0606060606061  
0.79797979798  0.757575757576  0.989898989899  0.151515151515  0.313131313131  0.0606060606061  0.909090909091  0.030303030303  
0.131313131313  0.121212121212  0.757575757576  0.272727272727  0.838383838384  0.393939393939  0.424242424242  0.767676767677  
0.414141414141  0.868686868687  0.020202020202  0.969696969697  0.181818181818  0.353535353535  0.212121212121  0  
0.575757575758  0.969696969697  0.646464646465  0.181818181818  0.707070707071  0.555555555556  0.888888888889  0.666666666667  
0.777777777778  0.686868686869  0.181818181818  0.0505050505051  0.0505050505051  0.323232323232  0.818181818182  0.333333333333  
0.989898989899  0.242424242424  0.323232323232  0.626262626263  0.818181818182  0.363636363636  0.676767676768  0.212121212121  
0.0606060606061  0.242424242424  0.333333333333  0.40404040404  0.818181818182  0.40404040404  0.818181818182  0.414141414141  
0.737373737374  0.10101010101  0.818181818182  0.434343434343  0.848484848485  0.020202020202  0.818181818182  0.454545454545  
0.868686868687  0.333333333333  0.818181818182  0.474747474747  0.0505050505051  0.454545454545  0.10101010101  0.151515151515  
0.616161616162  0.323232323232  0.727272727273  0.151515151515  0.818181818182  0.525252525253  0.363636363636  0.939393939394  
0.979797979798  0.242424242424  0.858585858586  0.242424242424  0.969696969697  0.454545454545  0.979797979798  0.030303030303  
0.131313131313  0.59595959596  0.616161616162  0.808080808081  0.818181818182  0.606060606061  0.929292929293  0.353535353535  
0.818181818182  0.626262626263  0.939393939394  0.212121212121  0.818181818182  0.646464646465  0.393939393939  0.757575757576  
0.979797979798  0.858585858586  0.555555555556  0.737373737374  0.262626262626  0.0707070707071  0.40404040404  0.727272727273  
0.818181818182  0.707070707071  0.818181818182  0.717171717172  0  0.474747474747  0.666666666667  0.333333333333  
0.424242424242  0.484848484848  0.242424242424  0.010101010101  0.393939393939  0.868686868687  0.656565656566  0.262626262626  
0.939393939394  0.383838383838  0.191919191919  0.656565656566  0.545454545455  0.909090909091  0.989898989899  0.585858585859  
0.767676767677  0.111111111111  0.161616161616  0.929292929293  0.232323232323  0.161616161616  0.666666666667  0.828282828283  
0.141414141414  0.646464646465  0.20202020202  0.494949494949  0.010101010101  0.989898989899  0.636363636364  0.484848484848  
0.919191919192  0.0606060606061  0.373737373737  0.777777777778  0.949494949495  0.414141414141  0.818181818182  0.939393939394  
0.161616161616  0.656565656566  0.171717171717  0.0707070707071  0.0808080808081  0.030303030303  0.787878787879  0.0808080808081  
0.747474747475  0.343434343434  0.494949494949  0.252525252525  0.393939393939  0.30303030303  0.929292929293  0.131313131313  
0.353535353535  0.484848484848  0.878787878788  0.949494949495  0.161616161616  0.484848484848  0.606060606061  0.111111111111  
0.828282828283  0.0606060606061  0.444444444444  0.515151515152  0.727272727273  0.828282828283  0.565656565657  0.767676767677  
0.383838383838  0.242424242424  0.575757575758  0.454545454545  0.878787878788  0.313131313131  0.444444444444  0.222222222222  
0.959595959596  0.79797979798  0.646464646465  0.222222222222  0.777777777778  0.656565656566  0.151515151515  0.323232323232  
0.929292929293  0.010101010101  0.0808080808081  0.121212121212  0.828282828283  0.20202020202  0.181818181818  0.0707070707071  
0.10101010101  0.40404040404  0.10101010101  0.656565656566  0.333333333333  0.636363636364  0.545454545455  0.646464646465  
0.828282828283  0.262626262626  0.434343434343  0.59595959596  0.646464646465  0.959595959596  0.191919191919  0.545454545455  
0.444444444444  0.636363636364  0.909090909091  0.212121212121  0.909090909091  0.838383838384  0.141414141414  0.494949494949  
0.828282828283  0.343434343434  0.40404040404  0.989898989899  0.676767676768  0.343434343434  0.474747474747  0.858585858586  
0.171717171717  0.141414141414  0.282828282828  0.30303030303  0.232323232323  0.424242424242  0.616161616162  0.0707070707071  
0.343434343434  0.414141414141  0  0.59595959596  0.838383838384  0.757575757576  0.828282828283  0.454545454545  
0.707070707071  0.242424242424  0.383838383838  0.929292929293  0.292929292929  0.545454545455  0.464646464646  0.0909090909091  
0.747474747475  0.757575757576  0.828282828283  0.515151515152  0.0707070707071  0.484848484848  0.020202020202  0.616161616162  
0.79797979798  0.393939393939  0.414141414141  0.929292929293  0.010101010101  0.888888888889  0.252525252525  0.626262626263  
0.151515151515  0.767676767677  0.828282828283  0.59595959596  0.171717171717  0.020202020202  0.818181818182  0.686868686869  
0.636363636364  0.414141414141  0.444444444444  0.737373737374  0.393939393939  0.333333333333  0.808080808081  0.979797979798  
0.171717171717  0.666666666667  0.535353535354  0.727272727273  0.0505050505051  0.0505050505051  0.828282828283  0.69696969697  
0.30303030303  0.636363636364  0.828282828283  0.717171717172  0.030303030303  0.343434343434  0.585858585859  0.262626262626  
0  0.191919191919  0.161616161616  0.464646464646  0.252525252525  0.424242424242  0.59595959596  0.878787878788  
0.242424242424  0.232323232323  0.828282828283  0.79797979798  0.282828282828  0.59595959596  0.828282828283  0.818181818182  
0.464646464646  0.575757575758  0.828282828283  0.838383838384  0.555555555556  0.656565656566  0.313131313131  0.979797979798  
0.848484848485  0.676767676768  0.767676767677  0.545454545455  0.828282828283  0.888888888889  0.383838383838  0.838383838384  
0.757575757576  0.727272727273  0.747474747475  0.777777777778  0.444444444444  0.565656565657  0.222222222222  0.424242424242  
0.0505050505051  0.020202020202  0.989898989899  0.717171717172  0.616161616162  0.929292929293  0.434343434343  0.757575757576  
0.656565656566  0.505050505051  0.20202020202  0.949494949495  0.838383838384  0  0.646464646465  0.69696969697  
0.414141414141  0.212121212121  0.222222222222  0.878787878788  0.838383838384  0.040404040404  0.414141414141  0.252525252525  
0.838383838384  0.0606060606061  0.838383838384  0.0707070707071  0.878787878788  0.0808080808081  0.838383838384  0.0909090909091  
0.0808080808081  0.30303030303  0.252525252525  0.10101010101  0.505050505051  0.777777777778  0.040404040404  0.89898989899  
0.131313131313  0.979797979798  0.282828282828  0.525252525253  0.838383838384  0.161616161616  0.212121212121  0.505050505051  
0.444444444444  0.20202020202  0.212121212121  0.171717171717  0.181818181818  0.686868686869  0.959595959596  0.0505050505051  
0.151515151515  0.151515151515  0.171717171717  0.575757575758  0.282828282828  0.393939393939  0.191919191919  0.787878787879  
0.838383838384  0.262626262626  0.838383838384  0.272727272727  0.676767676768  0.383838383838  0.0909090909091  0.818181818182  
1  0.121212121212  0.69696969697  0.555555555556  0.121212121212  0.979797979798  0.474747474747  0.646464646465  
0.030303030303  0.484848484848  0  0.212121212121  0.848484848485  0.232323232323  0.262626262626  0.010101010101  
0.565656565657  0.707070707071  0.555555555556  0.323232323232  0.838383838384  0.40404040404  0.020202020202  0.232323232323  
0.414141414141  0.646464646465  0.838383838384  0.434343434343  0.505050505051  0.727272727273  0.838383838384  0.454545454545  
0.242424242424  0.191919191919  0.848484848485  0.575757575758  0.929292929293  0.252525252525  0.606060606061  0.89898989899  
0.464646464646  0.717171717172  0.848484848485  0.0707070707071  0.838383838384  0.525252525253  0.424242424242  0.646464646465  
0.212121212121  0.737373737374  0.474747474747  0.525252525253  0.545454545455  0.828282828283  0.838383838384  0.575757575758  
0.989898989899  0.40404040404  0.858585858586  0.676767676768  0.313131313131  0.292929292929  0.20202020202  0.959595959596  
0.515151515152  0.40404040404  0.909090909091  0.888888888889  0.151515151515  0.575757575758  0.838383838384  0.656565656566  
0.222222222222  0.646464646465  1  0.373737373737  0.171717171717  0.555555555556  0.454545454545  0.929292929293  
0.585858585859  0.727272727273  0.838383838384  0.717171717172  0.737373737374  0.030303030303  0.0505050505051  0.343434343434  
0.0909090909091  0.828282828283  0.737373737374  0.121212121212  0.79797979798  0.535353535354  0.888888888889  0.929292929293  
0.424242424242  0.464646464646  0.0707070707071  0.373737373737  0.161616161616  0.272727272727  0.838383838384  0.818181818182  
0.747474747475  0.222222222222  0.979797979798  0.969696969697  0.838383838384  0.848484848485  0.535353535354  0.10101010101  
0.818181818182  0.666666666667  0.505050505051  0.828282828283  0.59595959596  0.141414141414  0  0.606060606061  
0.585858585859  0.363636363636  0.838383838384  0.919191919192  0.333333333333  0.474747474747  0.949494949495  0.89898989899  
0.262626262626  0.666666666667  0.818181818182  0.89898989899  0.919191919192  0.828282828283  0.868686868687  0.484848484848  
0.979797979798  0.333333333333  0.838383838384  1  0.808080808081  0.838383838384  0.868686868687  0.353535353535  
0.818181818182  0.181818181818  0.69696969697  0.989898989899  0.979797979798  0.828282828283  0.767676767677  0.262626262626  
0.919191919192  0.929292929293  0.292929292929  0.808080808081  0.848484848485  0.0808080808081  0.828282828283  0.626262626263  
0.878787878788  0.89898989899  0.787878787879  0.242424242424  0.787878787879  0.757575757576  0.848484848485  0.131313131313  
0.353535353535  0.818181818182  0.252525252525  0.363636363636  0.212121212121  0.323232323232  0.848484848485  0.171717171717  
0.292929292929  0.989898989899  0.272727272727  0.636363636364  0.323232323232  0.434343434343  0.545454545455  0.89898989899  
0.171717171717  0.0909090909091  0.242424242424  0.282828282828  0.424242424242  0.747474747475  0.737373737374  0.69696969697  
0.848484848485  0.262626262626  0.484848484848  0.656565656566  0.848484848485  0.282828282828  0.848484848485  0.292929292929  
0.171717171717  0.616161616162  0.949494949495  0.545454545455  0.131313131313  0.20202020202  0.868686868687  0.111111111111  
0.252525252525  0.919191919192  0.141414141414  0.747474747475  0.383838383838  0.575757575758  0.121212121212  0.676767676768  
0.989898989899  0.767676767677  0.0909090909091  0.0606060606061  0.808080808081  0.666666666667  0.757575757576  0.141414141414  
0.848484848485  0.424242424242  0.494949494949  0.616161616162  0.252525252525  0.242424242424  0.232323232323  0.414141414141  
0.40404040404  0.181818181818  0.676767676768  0.444444444444  0.40404040404  0.535353535354  0.757575757576  0.444444444444  
0.666666666667  0.929292929293  0.0808080808081  0.343434343434  0.848484848485  0.525252525253  0.848484848485  0.535353535354  
0.191919191919  0.707070707071  0.848484848485  0.555555555556  0.444444444444  0.525252525253  0.838383838384  0.787878787879  
0.434343434343  0.535353535354  0.717171717172  0.131313131313  0.969696969697  0.636363636364  0.0808080808081  0.444444444444  
0.141414141414  0.949494949495  0.686868686869  0.292929292929  0.848484848485  0.646464646465  0.535353535354  0.787878787879  
0.181818181818  0.111111111111  0.555555555556  0.969696969697  0.838383838384  0.565656565657  0.575757575758  0.59595959596  
0.848484848485  0.707070707071  0.585858585859  0.777777777778  0.535353535354  0.161616161616  0.676767676768  0.525252525253  
0.222222222222  0.636363636364  0.262626262626  0.585858585859  0.323232323232  0.0909090909091  0.848484848485  0.777777777778  
0.0909090909091  0.383838383838  0.646464646465  0.282828282828  0.141414141414  0.424242424242  0.888888888889  0.89898989899  
0.040404040404  0.131313131313  0.848484848485  0.838383838384  0.30303030303  1  0.969696969697  0.868686868687  
0.464646464646  0.474747474747  0.020202020202  0.20202020202  0.111111111111  0.949494949495  0.363636363636  0.272727272727  
0.393939393939  0.686868686869  0.848484848485  0.919191919192  0.848484848485  0.929292929293  0.848484848485  0.939393939394  
0.20202020202  0.222222222222  0.010101010101  0.454545454545  0.343434343434  0.555555555556  0.848484848485  0.979797979798  
0.575757575758  0.131313131313  0.838383838384  0.010101010101  0.929292929293  0.878787878788  0.494949494949  0.575757575758  
0.858585858586  0.020202020202  0.525252525253  0.262626262626  0.858585858586  0.040404040404  0.777777777778  0.767676767677  
0.858585858586  0.0606060606061  0.343434343434  0.949494949495  0.878787878788  0.656565656566  0.747474747475  0.848484848485  
0.686868686869  0.888888888889  0.151515151515  0.111111111111  0.666666666667  0.151515151515  0.858585858586  0.131313131313  
0.010101010101  0.373737373737  0.242424242424  0.707070707071  0.777777777778  0.151515151515  0.858585858586  0.171717171717  
0.808080808081  0.858585858586  0.111111111111  0.0909090909091  0.79797979798  0.616161616162  0.0707070707071  0.040404040404  
0.858585858586  0.222222222222  0.828282828283  0.878787878788  0.787878787879  1  0.20202020202  0.777777777778  
0.858585858586  0.262626262626  0.848484848485  0.040404040404  0.868686868687  0.939393939394  0.959595959596  0.515151515152  
0.89898989899  0.89898989899  0.30303030303  0.363636363636  0.171717171717  0.535353535354  0.434343434343  0.151515151515  
0.717171717172  0.949494949495  0.30303030303  0.414141414141  0.585858585859  0.808080808081  0.0606060606061  0.79797979798  
0.858585858586  0.383838383838  0.878787878788  0.20202020202  0.373737373737  0.040404040404  0.59595959596  0.757575757576  
0.141414141414  0.89898989899  1  0.929292929293  0.727272727273  0.363636363636  0.030303030303  0.727272727273  
0.878787878788  0.979797979798  0.858585858586  0.474747474747  0.171717171717  0.414141414141  0.737373737374  0.444444444444  
0.171717171717  0.181818181818  0.575757575758  0.888888888889  0.353535353535  0.424242424242  0.939393939394  0.888888888889  
0.858585858586  0.545454545455  0.171717171717  0.838383838384  0.868686868687  0.0707070707071  0.30303030303  0.252525252525  
0.626262626263  0.89898989899  0.888888888889  0.707070707071  0.181818181818  0.363636363636  0.363636363636  0  
0.89898989899  0.686868686869  0.0505050505051  0.717171717172  0.939393939394  0.0909090909091  0.40404040404  0.454545454545  
0.282828282828  0.0909090909091  0.757575757576  0.474747474747  0.656565656566  0.343434343434  0.383838383838  0.393939393939  
0.10101010101  0.474747474747  0.020202020202  0.515151515152  0.858585858586  0.727272727273  0.434343434343  0.919191919192  
0.313131313131  0.10101010101  0.646464646465  0.131313131313  0.272727272727  0.20202020202  0.858585858586  0.777777777778  
0.858585858586  0.787878787879  0.272727272727  0.909090909091  0.474747474747  0.616161616162  0.212121212121  0.818181818182  
0.191919191919  0.949494949495  0.959595959596  0.858585858586  0.858585858586  0.848484848485  0.0707070707071  0.30303030303  
0.232323232323  0.464646464646  0.888888888889  0.383838383838  0.858585858586  0.888888888889  0.424242424242  0.545454545455  
0.565656565657  0.515151515152  0.959595959596  0.949494949495  0.727272727273  0.262626262626  0.030303030303  0.757575757576  
0.858585858586  0.949494949495  0.474747474747  0.020202020202  0.838383838384  0.515151515152  0.858585858586  0.979797979798  
0.111111111111  0.646464646465  0.828282828283  0.858585858586  0.161616161616  0.555555555556  0.777777777778  0.868686868687  
0.868686868687  0.020202020202  0.10101010101  0.575757575758  0.868686868687  0.040404040404  0.868686868687  0.0505050505051  
0.262626262626  0.111111111111  0.343434343434  0.010101010101  0.868686868687  0.0808080808081  0.414141414141  0.484848484848  
0.252525252525  0.505050505051  0.848484848485  0.333333333333  0.131313131313  0.89898989899  0.686868686869  0.111111111111  
0.161616161616  0.979797979798  0.363636363636  0.454545454545  0.878787878788  0.69696969697  0.868686868687  0.171717171717  
0.757575757576  0.676767676768  0.030303030303  0.323232323232  0.191919191919  0.030303030303  0.40404040404  0.444444444444  
0.0606060606061  0.989898989899  0.808080808081  0.676767676768  0.848484848485  0.434343434343  0.727272727273  0.686868686869  
0.444444444444  0.323232323232  0.919191919192  0.242424242424  0.484848484848  0.747474747475  0.868686868687  0.292929292929  
0.525252525253  0.151515151515  0.222222222222  0.191919191919  0.0808080808081  0.373737373737  0.757575757576  0.565656565657  
0.252525252525  0.707070707071  0.888888888889  1  0.545454545455  0.79797979798  0.414141414141  0.545454545455  
0.383838383838  0.232323232323  0  0.484848484848  0.282828282828  0.414141414141  0.252525252525  0.69696969697  
0.656565656566  0.414141414141  0.565656565657  0.0707070707071  0.565656565657  0.929292929293  0.868686868687  0.454545454545  
0.686868686869  0.0909090909091  0.212121212121  0.575757575758  0.555555555556  0.959595959596  0.414141414141  0.787878787879  
0.505050505051  0.444444444444  0.606060606061  0.525252525253  0.636363636364  0.969696969697  0.515151515152  0.646464646465  
0.656565656566  0.383838383838  0.333333333333  0.505050505051  0.868686868687  0.565656565657  0.171717171717  0.818181818182  
0.585858585859  0.121212121212  0.181818181818  0.939393939394  0.989898989899  0.676767676768  0.252525252525  0.131313131313  
0.767676767677  0.626262626263  0.686868686869  0.383838383838  0.151515151515  0.808080808081  0.191919191919  0.464646464646  
0.181818181818  0.555555555556  0.565656565657  0.808080808081  0.858585858586  0.959595959596  0.373737373737  0.808080808081  
0.494949494949  0.181818181818  0.979797979798  0.757575757576  0.666666666667  0.111111111111  0.464646464646  0.313131313131  
0.222222222222  0.757575757576  0.868686868687  0.757575757576  0.131313131313  0.616161616162  0.373737373737  0.505050505051  
0.0909090909091  0.030303030303  0.636363636364  0.808080808081  0.868686868687  0.808080808081  0.979797979798  0.0505050505051  
0.959595959596  0  0.30303030303  0.939393939394  0.535353535354  0.464646464646  0.888888888889  0.959595959596  
0.757575757576  0.525252525253  0.414141414141  0.292929292929  0.40404040404  0.59595959596  0.434343434343  0.818181818182  
0.555555555556  0.717171717172  0.505050505051  0.242424242424  0.89898989899  0.272727272727  0.40404040404  0.353535353535  
0.343434343434  0.59595959596  0.262626262626  0.565656565657  0.868686868687  0.969696969697  0.646464646465  0.727272727273  
0.919191919192  0.747474747475  0.757575757576  0.040404040404  0  0.79797979798  0.878787878788  0.010101010101  
0.878787878788  0.020202020202  0.242424242424  0.040404040404  0.717171717172  0.69696969697  0.747474747475  0.242424242424  
0.878787878788  0.0606060606061  0.686868686869  0.232323232323  0.141414141414  0.959595959596  0.545454545455  0.141414141414  
0.545454545455  0.414141414141  0.313131313131  0.373737373737  0.292929292929  0.484848484848  0.868686868687  0.69696969697  
0.171717171717  0.121212121212  0.838383838384  0.858585858586  0.878787878788  0.161616161616  0.0606060606061  0.949494949495  
0.636363636364  0.737373737374  0.505050505051  0.585858585859  0.272727272727  0.353535353535  0.666666666667  0.515151515152  
0.777777777778  0.242424242424  0.878787878788  0.232323232323  0.252525252525  0.818181818182  0.79797979798  0.161616161616  
0.878787878788  0.262626262626  0.59595959596  0.616161616162  1  0.737373737374  0.343434343434  0.444444444444  
0.878787878788  0.30303030303  0.727272727273  0.69696969697  0.010101010101  0.494949494949  0.444444444444  0.292929292929  
0.909090909091  0.868686868687  0.434343434343  0.0606060606061  0.717171717172  0.878787878788  0.878787878788  0.373737373737  
0.494949494949  0.212121212121  0.484848484848  0.686868686869  0.262626262626  0.292929292929  0.848484848485  0.464646464646  
0.494949494949  0.373737373737  0.0808080808081  0.020202020202  0.878787878788  0.444444444444  0.282828282828  0.787878787879  
0.656565656566  0.222222222222  0.232323232323  0.646464646465  0.030303030303  0.494949494949  0.222222222222  0.535353535354  
0.464646464646  0.333333333333  0  0.343434343434  0.40404040404  0.121212121212  0.666666666667  0.313131313131  
0.585858585859  0.131313131313  0.10101010101  0.313131313131  0.878787878788  0.565656565657  0.878787878788  0.575757575758  
0.212121212121  0.282828282828  0.757575757576  0.40404040404  0.636363636364  0.313131313131  0.323232323232  0.838383838384  
0.878787878788  0.626262626263  0.878787878788  0.636363636364  0.878787878788  0.646464646465  0.545454545455  0.989898989899  
0.0909090909091  0.111111111111  0.515151515152  0.555555555556  0.959595959596  0.363636363636  0.10101010101  0.272727272727  
0.878787878788  0.707070707071  0.79797979798  0.848484848485  0.464646464646  0.656565656566  0.969696969697  0.656565656566  
0.878787878788  0.747474747475  0.484848484848  0.484848484848  0.323232323232  0.606060606061  0.434343434343  0.676767676768  
0.222222222222  0.0606060606061  0.585858585859  0.0707070707071  0.717171717172  0.747474747475  0.272727272727  0.757575757576  
0.383838383838  0.333333333333  0.909090909091  0.454545454545  0.848484848485  0.252525252525  0.89898989899  0.919191919192  
0.676767676768  0.010101010101  0.878787878788  0.878787878788  0.666666666667  0.0808080808081  0.343434343434  0.0707070707071  
0.141414141414  0.232323232323  0.919191919192  0.353535353535  0.535353535354  0.353535353535  0.919191919192  0.969696969697  
0.030303030303  0.878787878788  0.0909090909091  0.343434343434  0.525252525253  0.121212121212  0.191919191919  0.484848484848  
0.878787878788  0.989898989899  0.626262626263  0.373737373737  0.888888888889  0  0.676767676768  0.979797979798  
0.585858585859  0.414141414141  0.0707070707071  0.646464646465  0.888888888889  0.040404040404  0.434343434343  0.444444444444  
0.888888888889  0.0606060606061  0.494949494949  0.979797979798  0.646464646465  0.171717171717  0.20202020202  0.686868686869  
0.191919191919  0.393939393939  0.888888888889  0.111111111111  0.888888888889  0.121212121212  0.252525252525  0.191919191919  
0.373737373737  0  0.010101010101  0.343434343434  0.616161616162  0.242424242424  0.474747474747  0.828282828283  
0.333333333333  0.121212121212  0.373737373737  0.373737373737  0.131313131313  0.565656565657  0.494949494949  0.989898989899  
0.262626262626  0.242424242424  0.888888888889  0.232323232323  0.656565656566  0.171717171717  0.444444444444  0.262626262626  
0.848484848485  0.888888888889  0.636363636364  0.30303030303  0.262626262626  0.59595959596  0.767676767677  0.30303030303  
0.79797979798  0.707070707071  0.545454545455  0.919191919192  0.323232323232  0.333333333333  0.787878787879  0.606060606061  
0.20202020202  0.515151515152  0.888888888889  0.353535353535  0.010101010101  0.282828282828  0.888888888889  0.565656565657  
0.131313131313  0.040404040404  0.888888888889  0.393939393939  0.020202020202  0.949494949495  0.969696969697  0.686868686869  
0.393939393939  0.545454545455  0.383838383838  0.767676767677  0.131313131313  0.646464646465  0.808080808081  0.787878787879  
0.666666666667  0.272727272727  0.0707070707071  0  0.888888888889  0.484848484848  0.888888888889  0.494949494949  
0.212121212121  0.0505050505051  0.757575757576  0.868686868687  0.79797979798  0.252525252525  0.181818181818  0.494949494949  
0.373737373737  0.171717171717  0.959595959596  0.020202020202  0.767676767677  0.272727272727  0.646464646465  0.0505050505051  
0.919191919192  0.494949494949  0.464646464646  0.555555555556  0.020202020202  0.212121212121  0.313131313131  0.282828282828  
0.888888888889  0.626262626263  0.888888888889  0.636363636364  0.888888888889  0.646464646465  0.434343434343  0.494949494949  
0.969696969697  0.414141414141  0.454545454545  0.515151515152  0.727272727273  0.242424242424  0.222222222222  0.484848484848  
0.969696969697  0.181818181818  0.989898989899  0.454545454545  0.888888888889  0.727272727273  0.363636363636  0.191919191919  
0.444444444444  0.0707070707071  0.494949494949  0.171717171717  0.434343434343  0.222222222222  0.888888888889  0.777777777778  
0.515151515152  0.939393939394  0.939393939394  0.767676767677  0.848484848485  0.818181818182  0.878787878788  0.666666666667  
0.343434343434  0.030303030303  0.343434343434  0.858585858586  0.353535353535  0.0606060606061  1  0.323232323232  
0.747474747475  0.919191919192  0.767676767677  0.555555555556  0.212121212121  0.444444444444  0.191919191919  0.868686868687  
0.040404040404  0.787878787879  0.0909090909091  0.282828282828  0.0909090909091  0.151515151515  0.676767676768  0.373737373737  
0.20202020202  0.989898989899  0.868686868687  0.858585858586  0.424242424242  0.515151515152  0.484848484848  0.707070707071  
0.939393939394  0.777777777778  0.020202020202  0.878787878788  0.89898989899  0  0.242424242424  0.121212121212  
0.89898989899  0.020202020202  0.565656565657  0.151515151515  0.191919191919  0.939393939394  0.040404040404  0.232323232323  
0.919191919192  0.020202020202  0.777777777778  0.474747474747  0.949494949495  0.919191919192  0.626262626263  0.474747474747  
0.565656565657  0.010101010101  0.333333333333  0.555555555556  0.89898989899  0.121212121212  0.40404040404  0.373737373737  
0.292929292929  0.606060606061  1  0.585858585859  0.121212121212  0.040404040404  0.717171717172  0.666666666667  
0.626262626263  0.808080808081  0.777777777778  0.40404040404  0.282828282828  0.373737373737  0.272727272727  0.424242424242  
0.313131313131  0.212121212121  0.494949494949  0.161616161616  0.89898989899  0.242424242424  0.757575757576  0.0707070707071  
0.808080808081  0.424242424242  0.0606060606061  0.69696969697  0.212121212121  0.242424242424  0.575757575758  0.373737373737  
0.030303030303  0.131313131313  0.444444444444  0.444444444444  0.858585858586  0.434343434343  0.323232323232  0.737373737374  
0.848484848485  0.010101010101  0.747474747475  0.989898989899  0.20202020202  1  0.444444444444  0.141414141414  
0.89898989899  0.383838383838  0.151515151515  0.727272727273  0.89898989899  0.40404040404  0.010101010101  0.858585858586  
0.868686868687  0.424242424242  0.383838383838  0.515151515152  0.262626262626  0.121212121212  0.383838383838  0.0505050505051  
0.767676767677  0.484848484848  0.121212121212  0.878787878788  0.585858585859  0.666666666667  0.151515151515  0.454545454545  
0.89898989899  0.505050505051  0.89898989899  0.515151515152  0.282828282828  0.343434343434  0.89898989899  0.535353535354  
0.89898989899  0.545454545455  0.89898989899  0.555555555556  0.89898989899  0.565656565657  0.0606060606061  0.343434343434  
0.858585858586  0.757575757576  0.89898989899  0.59595959596  0.40404040404  0.717171717172  0.636363636364  0.444444444444  
0.878787878788  0.848484848485  0.0505050505051  0.414141414141  0.89898989899  0.646464646465  0.555555555556  0.343434343434  
0.30303030303  0.313131313131  0.272727272727  1  0.949494949495  0.909090909091  0.535353535354  0.0808080808081  
0.121212121212  0.171717171717  0.252525252525  0.969696969697  0.0707070707071  0.919191919192  0.434343434343  0.040404040404  
0.888888888889  0.030303030303  0.656565656566  0.212121212121  0.858585858586  0.59595959596  0.939393939394  0.626262626263  
0.89898989899  0.787878787879  0.161616161616  0  0.525252525253  0.252525252525  0.737373737374  0.111111111111  
0.69696969697  0.666666666667  0.89898989899  0.838383838384  0.888888888889  0.828282828283  0.020202020202  0.010101010101  
0.888888888889  0.262626262626  0.383838383838  0.282828282828  0.89898989899  0.888888888889  0.919191919192  0.252525252525  
0.424242424242  0.262626262626  0.353535353535  0.191919191919  0.929292929293  0.89898989899  0.383838383838  0.0909090909091  
0.989898989899  0.30303030303  0.171717171717  0.767676767677  0.191919191919  0.010101010101  0.20202020202  0.79797979798  
0.373737373737  0.59595959596  0.010101010101  0.626262626263  0.969696969697  0.89898989899  0.909090909091  0.010101010101  
0.020202020202  0  0.292929292929  0.272727272727  0.909090909091  0.040404040404  0.212121212121  0.555555555556  
0.555555555556  0.353535353535  0.909090909091  0.0707070707071  0.0707070707071  0.606060606061  0.686868686869  0.161616161616  
0.585858585859  0.606060606061  0.30303030303  0.949494949495  0.909090909091  0.121212121212  0.909090909091  0.131313131313  
0.89898989899  0.212121212121  0.757575757576  0.959595959596  0.909090909091  0.161616161616  0.909090909091  0.171717171717  
0.181818181818  0.646464646465  0.424242424242  0.313131313131  0.828282828283  0.535353535354  0.868686868687  0.272727272727  
0.909090909091  0.222222222222  0.131313131313  0.282828282828  0.373737373737  0.69696969697  0.40404040404  0.919191919192  
0.585858585859  0.252525252525  0.424242424242  0.454545454545  0.151515151515  0.282828282828  0.373737373737  0.212121212121  
0.484848484848  0.252525252525  0.10101010101  0.252525252525  0.363636363636  0.434343434343  0.020202020202  0.505050505051  
0.727272727273  0.454545454545  0.909090909091  0.353535353535  0.909090909091  0.363636363636  0.848484848485  0.636363636364  
0.313131313131  0.838383838384  0.909090909091  0.393939393939  0.989898989899  0.858585858586  0.909090909091  0.414141414141  
0.373737373737  0.454545454545  0.929292929293  0.535353535354  0.616161616162  0.919191919192  0.161616161616  0.0505050505051  
0.464646464646  0.020202020202  0.969696969697  0.565656565657  0.30303030303  0.929292929293  0.373737373737  0.858585858586  
0.262626262626  0.878787878788  0.363636363636  0.040404040404  0.909090909091  0.525252525253  0.69696969697  0.333333333333  
0.141414141414  1  1  0.565656565657  0.272727272727  0.30303030303  0.717171717172  0.333333333333  
0.0505050505051  0.373737373737  0.545454545455  0.434343434343  0.686868686869  0.474747474747  0.040404040404  0.40404040404  
0  0.393939393939  0.909090909091  0.636363636364  0.686868686869  0.151515151515  0.545454545455  0.232323232323  
0.212121212121  0.343434343434  0.494949494949  0.292929292929  0.949494949495  0.222222222222  0.878787878788  0.151515151515  
0.626262626263  0.727272727273  0.040404040404  0.838383838384  0.030303030303  0.737373737374  0.848484848485  0.949494949495  
0.919191919192  0.939393939394  0.454545454545  0.363636363636  0.0707070707071  0.252525252525  0.909090909091  0.777777777778  
0.868686868687  0.282828282828  0.646464646465  0.484848484848  0.818181818182  0.222222222222  0.494949494949  0.191919191919  
0.727272727273  0.464646464646  0.828282828283  0.323232323232  0.59595959596  0.0707070707071  0.030303030303  0.353535353535  
0.444444444444  0.616161616162  0.484848484848  0.959595959596  0.141414141414  0.20202020202  0.767676767677  0.848484848485  
0.191919191919  0.424242424242  0.545454545455  0.272727272727  0.909090909091  0.929292929293  0.616161616162  0.313131313131  
1  0.818181818182  0.474747474747  0.272727272727  0.0505050505051  0.767676767677  0.646464646465  0.454545454545  
0.353535353535  0.121212121212  0.242424242424  0.979797979798  0.373737373737  0.646464646465  0.717171717172  0.808080808081  
0.191919191919  0.141414141414  0.353535353535  0.888888888889  0.989898989899  0.0808080808081  0.383838383838  0.373737373737  
0.666666666667  0.717171717172  0.0909090909091  0.252525252525  0.919191919192  0.0808080808081  0.313131313131  0.121212121212  
0.313131313131  0.737373737374  0.989898989899  0.353535353535  0  0.464646464646  0.747474747475  0.737373737374  
0.808080808081  0.616161616162  0.919191919192  0.505050505051  0.131313131313  0  0.565656565657  0.111111111111  
0.0707070707071  0.707070707071  0.565656565657  0.0606060606061  0.444444444444  0.747474747475  0.10101010101  1  
0.787878787879  0.616161616162  0.222222222222  0.818181818182  0.232323232323  0.717171717172  0.79797979798  0.040404040404  
0.919191919192  0.262626262626  0.373737373737  0.636363636364  0.868686868687  0.606060606061  0.454545454545  0.0808080808081  
0.919191919192  0.30303030303  0.676767676768  0.787878787879  0.272727272727  0.323232323232  0.555555555556  0.707070707071  
0.323232323232  0.545454545455  0.151515151515  0.646464646465  0.0505050505051  0.929292929293  0.888888888889  0.0909090909091  
0.0707070707071  0.69696969697  0.414141414141  0.858585858586  0.0606060606061  0.626262626263  0.111111111111  0.727272727273  
0.59595959596  0.929292929293  0.555555555556  0.89898989899  0.919191919192  0.444444444444  0.474747474747  0.747474747475  
0.919191919192  0.464646464646  0.919191919192  0.474747474747  0.565656565657  0.575757575758  0.232323232323  0.484848484848  
0.919191919192  0.151515151515  0.919191919192  0.515151515152  0.666666666667  0.434343434343  0.444444444444  0.868686868687  
0.161616161616  0.737373737374  0.292929292929  0.616161616162  0.919191919192  0.565656565657  0.949494949495  0.707070707071  
0.0606060606061  0.030303030303  0.919191919192  0.59595959596  0.919191919192  0.606060606061  0.888888888889  0.585858585859  
0.959595959596  0.444444444444  0.0909090909091  0.656565656566  0.777777777778  0.494949494949  0.0808080808081  0.939393939394  
0.656565656566  0.313131313131  0.79797979798  0.606060606061  0.515151515152  0.69696969697  0.929292929293  0.787878787879  
0.656565656566  1  0.727272727273  0.525252525253  0.959595959596  0.353535353535  0.919191919192  0.737373737374  
0.505050505051  0.535353535354  0.919191919192  0.757575757576  0.656565656566  0.0505050505051  0.323232323232  0.111111111111  
0.030303030303  0.282828282828  0.212121212121  0.20202020202  0.606060606061  0.787878787879  0.0707070707071  0.59595959596  
0.747474747475  0.89898989899  0.424242424242  0.565656565657  0.111111111111  0.757575757576  0.262626262626  0.0909090909091  
0.474747474747  0.636363636364  0.353535353535  0.828282828283  0.20202020202  0.0707070707071  0.242424242424  0.868686868687  
0.30303030303  0.878787878788  0.131313131313  0.767676767677  0.363636363636  0.494949494949  0.838383838384  0.585858585859  
0.0707070707071  0.363636363636  0.272727272727  0.393939393939  0.10101010101  0.181818181818  0.282828282828  0.0505050505051  
0.858585858586  0  0.757575757576  0.252525252525  0.40404040404  0.969696969697  1  0.0505050505051  
0.363636363636  0.747474747475  0.858585858586  0.414141414141  0.717171717172  0.777777777778  0.131313131313  0.030303030303  
0.171717171717  0.565656565657  0.171717171717  0.919191919192  0.929292929293  0.444444444444  0.666666666667  0.444444444444  
0.212121212121  0.59595959596  0.646464646465  0.363636363636  0.929292929293  0.121212121212  0.20202020202  0.383838383838  
0.929292929293  0.141414141414  0.474747474747  0.949494949495  0.393939393939  0.131313131313  0.929292929293  0.171717171717  
0.868686868687  0.525252525253  0.151515151515  0.444444444444  0.929292929293  0.20202020202  0.929292929293  0.212121212121  
0.171717171717  0.909090909091  0.222222222222  0.0909090909091  0.717171717172  0.0606060606061  0.838383838384  0.484848484848  
0.929292929293  0.262626262626  0.606060606061  0.727272727273  0.010101010101  0.929292929293  0.89898989899  0.818181818182  
0.676767676768  0.646464646465  0.929292929293  0.313131313131  0.929292929293  0.323232323232  0.525252525253  0.909090909091  
0.575757575758  0.656565656566  0.626262626263  0.939393939394  0.868686868687  0.828282828283  0.888888888889  0.30303030303  
0.848484848485  0.959595959596  0.929292929293  0.393939393939  0.59595959596  0.383838383838  0.222222222222  0.828282828283  
0.878787878788  0.282828282828  0.515151515152  0.434343434343  0.373737373737  0.737373737374  0.565656565657  0.626262626263  
0.707070707071  0.141414141414  0.444444444444  0.010101010101  0.787878787879  0.282828282828  0.636363636364  0.59595959596  
0.272727272727  0.444444444444  0.0707070707071  0.020202020202  0.454545454545  0.656565656566  0.79797979798  0.555555555556  
0.484848484848  0.646464646465  0.989898989899  0.474747474747  0  0.989898989899  0.909090909091  0.535353535354  
0.838383838384  0.474747474747  0.565656565657  0.949494949495  0.323232323232  0.505050505051  0.40404040404  0.383838383838  
0.767676767677  0.515151515152  0.565656565657  0.181818181818  0.313131313131  0.131313131313  0.565656565657  0.242424242424  
0.313131313131  0.646464646465  0.363636363636  0.646464646465  0.929292929293  0.686868686869  0.454545454545  0.69696969697  
0.373737373737  0.656565656566  0.141414141414  0.636363636364  0.868686868687  0.121212121212  0.929292929293  0.737373737374  
0.717171717172  0.141414141414  0.030303030303  0.767676767677  0.030303030303  0.69696969697  0.262626262626  0.727272727273  
0.0808080808081  0.959595959596  0.464646464646  0.606060606061  0.69696969697  0.10101010101  0.929292929293  0.818181818182  
0.929292929293  0.828282828283  0.767676767677  0.868686868687  0.868686868687  0.818181818182  0.646464646465  0.656565656566  
0.525252525253  0.919191919192  0.444444444444  0.757575757576  0.79797979798  0.787878787879  0.626262626263  0.505050505051  
0.747474747475  0.717171717172  0.929292929293  0.919191919192  0.20202020202  0.282828282828  0.242424242424  0.838383838384  
0.727272727273  0.191919191919  0.707070707071  0.191919191919  0.929292929293  0.969696969697  0.131313131313  0.888888888889  
0.040404040404  0.040404040404  0.717171717172  0.272727272727  0.464646464646  0.383838383838  0.393939393939  0.111111111111  
0.939393939394  0.020202020202  0.939393939394  0.030303030303  0.939393939394  0.040404040404  0.636363636364  0.979797979798  
0.858585858586  0.555555555556  0.939393939394  0.0707070707071  0.444444444444  0.0505050505051  0.323232323232  0.565656565657  
0.171717171717  0.171717171717  0.020202020202  0.0707070707071  0.505050505051  0  0.20202020202  0.89898989899  
1  0.0606060606061  0.939393939394  0.151515151515  0.030303030303  0.848484848485  0.464646464646  0.838383838384  
0.484848484848  0.929292929293  0.89898989899  0.323232323232  0  0.373737373737  0.656565656566  0.525252525253  
0.636363636364  0.777777777778  0.59595959596  0.343434343434  0.939393939394  0.242424242424  0.454545454545  0.0606060606061  
0.272727272727  0.474747474747  0.535353535354  0.59595959596  0.69696969697  0.808080808081  0.525252525253  0.434343434343  
0.777777777778  0.121212121212  0.262626262626  0.767676767677  0.949494949495  0.252525252525  0.0505050505051  0.676767676768  
0.161616161616  0.393939393939  0.0505050505051  0.888888888889  0.535353535354  0.656565656566  0.545454545455  0.969696969697  
0.59595959596  0.313131313131  0.939393939394  0.393939393939  0.040404040404  0.747474747475  0.252525252525  0.343434343434  
0.929292929293  0.0606060606061  0.828282828283  0.747474747475  0.818181818182  0.141414141414  0.232323232323  0.242424242424  
0.939393939394  0.464646464646  0.393939393939  0.212121212121  0.555555555556  0.828282828283  0.939393939394  0.494949494949  
0.848484848485  0.313131313131  0.434343434343  0.626262626263  0.252525252525  0.616161616162  0.131313131313  0.212121212121  
0.686868686869  0.838383838384  0.383838383838  0.424242424242  0.161616161616  0.727272727273  0.030303030303  0.40404040404  
0.676767676768  0.888888888889  0.0808080808081  0.212121212121  0.121212121212  0.434343434343  0.757575757576  0.262626262626  
0.272727272727  0.242424242424  0.373737373737  0.313131313131  0.363636363636  0.131313131313  0.959595959596  0.535353535354  
0.0505050505051  0.515151515152  0.939393939394  0.676767676768  0.707070707071  0.79797979798  0.666666666667  0.707070707071  
0.010101010101  0.686868686869  0.393939393939  0.484848484848  0.666666666667  0.323232323232  0.727272727273  0.79797979798  
0.888888888889  0.020202020202  0.434343434343  0.646464646465  0.777777777778  0.111111111111  0.676767676768  0.848484848485  
0.434343434343  0  0.909090909091  0.242424242424  0.777777777778  0.0909090909091  0.393939393939  0.363636363636  
0.545454545455  0.59595959596  0.0808080808081  0.434343434343  0.515151515152  0.505050505051  0.141414141414  0.585858585859  
0.0909090909091  0.353535353535  0.020202020202  0.737373737374  0.20202020202  0.717171717172  0.939393939394  0.89898989899  
0.565656565657  0.636363636364  0.939393939394  0.919191919192  0.59595959596  0.707070707071  0.939393939394  0.939393939394  
0.505050505051  0.636363636364  0.747474747475  0.878787878788  0.191919191919  0.969696969697  0.979797979798  0.434343434343  
0.787878787879  0.030303030303  0.656565656566  0.484848484848  0.333333333333  0.717171717172  0.79797979798  0.141414141414  
0.232323232323  0.151515151515  0.747474747475  0.515151515152  0.949494949495  0.040404040404  0.949494949495  0.0505050505051  
0.212121212121  0.636363636364  0  0.0505050505051  0.575757575758  0.616161616162  0.69696969697  0.191919191919  
0.181818181818  0.232323232323  0.232323232323  0.505050505051  0.737373737374  0.262626262626  0.949494949495  0.131313131313  
0.59595959596  0.373737373737  0.666666666667  0.343434343434  0.656565656566  0.868686868687  0.40404040404  0.676767676768  
0.949494949495  0.181818181818  0.525252525253  0.131313131313  0.30303030303  0.171717171717  0.212121212121  0.0909090909091  
0.414141414141  0.89898989899  0.565656565657  0.212121212121  0.848484848485  0.89898989899  0.363636363636  0.949494949495  
0.636363636364  0.939393939394  0.0808080808081  0.40404040404  0.767676767677  0.929292929293  0.212121212121  0.666666666667  
0.161616161616  0.666666666667  0.949494949495  0.313131313131  0.424242424242  0.393939393939  0.939393939394  0.444444444444  
0.646464646465  0.949494949495  0.0707070707071  0.757575757576  0.646464646465  0.141414141414  0.969696969697  0.535353535354  
0.474747474747  0.121212121212  0.282828282828  0.727272727273  0.444444444444  0.505050505051  0.383838383838  0.434343434343  
0.414141414141  0.373737373737  0.191919191919  0.818181818182  0.444444444444  0.434343434343  0.949494949495  0.454545454545  
0.121212121212  0.707070707071  0.474747474747  0.606060606061  0.949494949495  0.484848484848  0.171717171717  0.454545454545  
0.565656565657  0.616161616162  0.919191919192  0.767676767677  0.161616161616  0.343434343434  0.949494949495  0.535353535354  
0.171717171717  0.737373737374  0.787878787879  0.717171717172  0.949494949495  0.565656565657  0.949494949495  0.575757575758  
0.494949494949  0.272727272727  0.929292929293  0.626262626263  0.949494949495  0.606060606061  0.272727272727  0.878787878788  
0.0808080808081  0.474747474747  0.393939393939  0.424242424242  0.444444444444  0.474747474747  0.949494949495  0.656565656566  
0.525252525253  0.979797979798  0.949494949495  0.434343434343  0.949494949495  0.686868686869  0.949494949495  0.69696969697  
0.0808080808081  0.888888888889  0.919191919192  0.121212121212  0.858585858586  0.20202020202  0.0707070707071  0.565656565657  
0.69696969697  0.393939393939  0.30303030303  0.0808080808081  0.949494949495  0.767676767677  0.979797979798  0.79797979798  
0.333333333333  0.838383838384  0.838383838384  0.878787878788  0.949494949495  0.808080808081  0.565656565657  0.686868686869  
0.191919191919  0.565656565657  0.888888888889  0.575757575758  0.454545454545  0.0505050505051  0.333333333333  0.808080808081  
0.838383838384  0.959595959596  0.868686868687  0.545454545455  0.858585858586  0.707070707071  0.858585858586  0.030303030303  
0.939393939394  0.0606060606061  0.656565656566  0.323232323232  0.949494949495  0.929292929293  0.313131313131  0.747474747475  
0.343434343434  0.484848484848  0.212121212121  0.969696969697  0.949494949495  0.969696969697  0.474747474747  0.434343434343  
0.242424242424  0.494949494949  0.888888888889  0.10101010101  0.232323232323  0.373737373737  0.191919191919  0.111111111111  
0.909090909091  0.474747474747  0.959595959596  0.030303030303  0.777777777778  0.171717171717  0.59595959596  0.767676767677  
0.868686868687  0.555555555556  0.272727272727  0.121212121212  0.0505050505051  0.636363636364  0.434343434343  0.969696969697  
0.959595959596  0.10101010101  0.989898989899  0.191919191919  0.707070707071  0.030303030303  0.959595959596  0.131313131313  
0.020202020202  0.252525252525  0.454545454545  0.565656565657  0.464646464646  0.232323232323  0.959595959596  0.171717171717  
0.959595959596  0.181818181818  0.959595959596  0.191919191919  0.353535353535  0.636363636364  0.535353535354  0.323232323232  
0.777777777778  0.010101010101  0.505050505051  0.686868686869  0.333333333333  0.161616161616  0.959595959596  0.252525252525  
0.323232323232  0.717171717172  0.585858585859  0.919191919192  0.10101010101  0.69696969697  0.0707070707071  0.333333333333  
0.959595959596  0.30303030303  0.515151515152  0.838383838384  0.808080808081  0.40404040404  0.626262626263  0.959595959596  
0.656565656566  0.0909090909091  0.292929292929  0.565656565657  0  0.030303030303  0.838383838384  0.10101010101  
0.171717171717  0.161616161616  0.575757575758  0.717171717172  0.909090909091  0.333333333333  0.242424242424  0.262626262626  
0.424242424242  0.0707070707071  1  0.333333333333  0.323232323232  0  0.171717171717  0.808080808081  
0.494949494949  0.858585858586  0.555555555556  0.141414141414  0.10101010101  0.969696969697  0.585858585859  0.535353535354  
0.40404040404  0.868686868687  0.79797979798  0.878787878788  0.454545454545  0.686868686869  0.121212121212  0.989898989899  
0.939393939394  0.434343434343  0.353535353535  0.171717171717  0.959595959596  0.565656565657  0.30303030303  0.343434343434  
0.646464646465  0.161616161616  0.252525252525  0.747474747475  0.959595959596  0.606060606061  0.434343434343  0.373737373737  
0.363636363636  0.727272727273  0.969696969697  0.919191919192  0.828282828283  0.919191919192  0.828282828283  0.292929292929  
0.959595959596  0.666666666667  0.313131313131  0.727272727273  0.282828282828  0.929292929293  0.606060606061  0.383838383838  
0.959595959596  0.707070707071  0.959595959596  0.717171717172  0.959595959596  0.727272727273  0.989898989899  0.777777777778  
0.434343434343  0.808080808081  0.333333333333  0.59595959596  0.959595959596  0.434343434343  0.010101010101  0.323232323232  
0.242424242424  0.525252525253  0.343434343434  0.020202020202  0.828282828283  0.252525252525  0.59595959596  0.222222222222  
0.959595959596  0.828282828283  0.959595959596  0.838383838384  0.030303030303  0.565656565657  0.909090909091  0.30303030303  
0.89898989899  0.979797979798  0.272727272727  0.666666666667  0.787878787879  0.484848484848  0.616161616162  0.676767676768  
0.0808080808081  0.010101010101  0.757575757576  0.151515151515  0.959595959596  0.929292929293  0.878787878788  0.59595959596  
0.89898989899  0.0909090909091  0.272727272727  0.868686868687  0.262626262626  0.686868686869  0.919191919192  0.20202020202  
0.535353535354  0.383838383838  0.474747474747  0.757575757576  0.454545454545  0.575757575758  0.414141414141  0.848484848485  
0.808080808081  0.171717171717  0.242424242424  0.252525252525  0.020202020202  0.383838383838  0.969696969697  0.0505050505051  
0.969696969697  0.0606060606061  0.212121212121  0.292929292929  0.434343434343  0.474747474747  0.242424242424  0.272727272727  
0.616161616162  0.555555555556  0.69696969697  0.646464646465  0.111111111111  0.747474747475  0.626262626263  0.363636363636  
0.292929292929  0.262626262626  0.555555555556  0.747474747475  0.59595959596  0.131313131313  0.818181818182  0.393939393939  
0.909090909091  0.757575757576  0.747474747475  0.40404040404  0.252525252525  0.393939393939  0.59595959596  0.979797979798  
0.686868686869  0.171717171717  0.242424242424  0.949494949495  0.676767676768  0.676767676768  0.828282828283  0.010101010101  
0.969696969697  0.262626262626  0.888888888889  0.151515151515  0.909090909091  0.383838383838  0.969696969697  0.292929292929  
0.151515151515  0.929292929293  0.969696969697  0.313131313131  0.222222222222  0.323232323232  0.656565656566  0.464646464646  
0.393939393939  0.878787878788  0.0505050505051  0.686868686869  0.59595959596  0.232323232323  0.555555555556  0.424242424242  
0.393939393939  0.59595959596  0.555555555556  0.262626262626  0.010101010101  0.868686868687  0.0909090909091  0.787878787879  
0.929292929293  0.929292929293  0.969696969697  0.434343434343  0.252525252525  0.454545454545  0.919191919192  0.616161616162  
0.222222222222  0.444444444444  0.676767676768  1  0.727272727273  0.474747474747  0.858585858586  0.484848484848  
0.515151515152  0.818181818182  0.030303030303  0.636363636364  0.323232323232  0.575757575758  0  0.20202020202  
0.949494949495  0.464646464646  0.121212121212  0.10101010101  0.020202020202  0.333333333333  0.808080808081  0.959595959596  
0.20202020202  0.0606060606061  0.0707070707071  0.393939393939  0.656565656566  0.747474747475  0.888888888889  0.292929292929  
0.818181818182  0.515151515152  0.30303030303  0.989898989899  0.969696969697  0.646464646465  0.777777777778  0.555555555556  
0.515151515152  0.353535353535  0.747474747475  0.0606060606061  0.292929292929  0.292929292929  0.373737373737  0.686868686869  
0.282828282828  0.767676767677  0.969696969697  0.717171717172  0.323232323232  0.020202020202  0.323232323232  0.141414141414  
0.969696969697  0.747474747475  0.343434343434  0.545454545455  0.969696969697  0.767676767677  0.131313131313  0.232323232323  
0.686868686869  0.606060606061  0.575757575758  1  0.171717171717  0.232323232323  0.666666666667  0.59595959596  
0.909090909091  0.808080808081  0.868686868687  0.313131313131  0.535353535354  0.393939393939  0.010101010101  0.262626262626  
0.171717171717  0.323232323232  0.767676767677  0.292929292929  0.323232323232  0.282828282828  0.434343434343  0.313131313131  
0.0606060606061  0.262626262626  0.171717171717  0.858585858586  0.757575757576  0.454545454545  0.969696969697  0.939393939394  
0.444444444444  0.535353535354  0.969696969697  0.959595959596  0.626262626263  1  0.565656565657  0.737373737374  
0.626262626263  0.393939393939  0.161616161616  0.69696969697  0.282828282828  0.818181818182  0.262626262626  0.353535353535  
0.545454545455  0.464646464646  0.353535353535  0.181818181818  0.979797979798  0.040404040404  0.79797979798  0.383838383838  
0.787878787879  0.565656565657  0.30303030303  0.959595959596  0.010101010101  0.141414141414  0.393939393939  0.141414141414  
0.0505050505051  0.232323232323  0.171717171717  0.949494949495  0.373737373737  0.949494949495  0.40404040404  0.69696969697  
0.40404040404  0.282828282828  0.979797979798  0.151515151515  0.121212121212  0.212121212121  0.181818181818  0.929292929293  
0.262626262626  0.575757575758  0.0808080808081  0.707070707071  0.888888888889  0.616161616162  0.979797979798  0.212121212121  
0.505050505051  0.484848484848  0.565656565657  0.131313131313  0.0707070707071  0.939393939394  0.848484848485  0.151515151515  
0.818181818182  0.59595959596  0.737373737374  0.616161616162  0.141414141414  0.737373737374  0.606060606061  0.363636363636  
0.363636363636  0.989898989899  0.979797979798  0.313131313131  0.979797979798  0.323232323232  0.363636363636  0.686868686869  
0.343434343434  0.242424242424  0.444444444444  0.808080808081  0.979797979798  0.363636363636  0.606060606061  0.868686868687  
0.737373737374  0.535353535354  0.909090909091  0.939393939394  0.838383838384  0.121212121212  0.979797979798  0.414141414141  
0.565656565657  0.040404040404  0.909090909091  0.979797979798  0.121212121212  0.79797979798  0.474747474747  0.777777777778  
0.0505050505051  0.0707070707071  0.818181818182  0.232323232323  0.282828282828  0.181818181818  0.979797979798  0.494949494949  
0.929292929293  0.868686868687  0.979797979798  0.515151515152  0.777777777778  0.787878787879  0.777777777778  0.464646464646  
0.626262626263  0.464646464646  0.949494949495  0.383838383838  0.484848484848  0.555555555556  0.535353535354  0.20202020202  
0.111111111111  0.414141414141  0.939393939394  0.555555555556  0.323232323232  0.909090909091  0.979797979798  0.616161616162  
0.565656565657  0.676767676768  0.676767676768  0.555555555556  0.515151515152  0.444444444444  0.888888888889  0.0505050505051  
0.868686868687  0.222222222222  0.686868686869  0.525252525253  0.40404040404  0.0606060606061  0.979797979798  0.69696969697  
0.919191919192  0.858585858586  0.959595959596  0.454545454545  0.949494949495  0.212121212121  0.949494949495  0  
0.282828282828  0.878787878788  0.444444444444  0.919191919192  0.343434343434  0.272727272727  0.0909090909091  0.808080808081  
0.222222222222  0.262626262626  0.878787878788  0.191919191919  0.979797979798  0.808080808081  0.020202020202  0.979797979798  
0.191919191919  0.181818181818  0.121212121212  0.383838383838  0.818181818182  0.989898989899  0.808080808081  0.434343434343  
0.979797979798  0.868686868687  0.686868686869  0.121212121212  0.0707070707071  0.474747474747  0.676767676768  0.161616161616  
0.939393939394  0.10101010101  0.737373737374  0.707070707071  0.646464646465  0.666666666667  0.030303030303  0.20202020202  
0.191919191919  0.525252525253  0.979797979798  0.959595959596  0.878787878788  0.535353535354  0.69696969697  0.828282828283  
0.464646464646  0.818181818182  0.656565656566  0.121212121212  0.40404040404  0.525252525253  0.888888888889  0.717171717172  
0.292929292929  0.686868686869  0.191919191919  0.474747474747  0.888888888889  0.252525252525  0.40404040404  0.707070707071  
0.575757575758  0.0808080808081  0.858585858586  0.69696969697  0.868686868687  0.626262626263  0.646464646465  0.808080808081  
0.0909090909091  0.747474747475  0.929292929293  0.0808080808081  1  0.616161616162  0.262626262626  0.40404040404  
0.989898989899  0.141414141414  0.111111111111  0.030303030303  0.20202020202  0.444444444444  0.989898989899  0.171717171717  
0.232323232323  0.626262626263  0.505050505051  0.939393939394  0.010101010101  0.717171717172  0.989898989899  0.212121212121  
0.585858585859  0.979797979798  0.989898989899  0.232323232323  0.191919191919  0.414141414141  0.656565656566  0.818181818182  
0.454545454545  0.616161616162  0.272727272727  0.212121212121  0.0707070707071  0.828282828283  0.151515151515  0.909090909091  
0.353535353535  0.545454545455  0.777777777778  0.878787878788  0.232323232323  0.353535353535  0.212121212121  0.181818181818  
0.424242424242  0.79797979798  0.292929292929  0.646464646465  0.171717171717  0.242424242424  0.181818181818  0.313131313131  
0.858585858586  0.818181818182  0.111111111111  0.151515151515  0.656565656566  0.707070707071  0.141414141414  0.616161616162  
0.434343434343  0.828282828283  0.989898989899  0.434343434343  0.989898989899  0.444444444444  0.989898989899  0.0707070707071  
0.40404040404  0.929292929293  0.161616161616  0.787878787879  0.373737373737  0.484848484848  0.929292929293  1  
1  0.191919191919  0.131313131313  0.515151515152  0.989898989899  0.525252525253  0.989898989899  0.535353535354  
0.989898989899  0.545454545455  0.010101010101  0.707070707071  0.989898989899  0.565656565657  0.292929292929  0.20202020202  
1  0.858585858586  0.737373737374  0.878787878788  0.838383838384  0.171717171717  0.30303030303  0.373737373737  
0.0606060606061  0.272727272727  0.989898989899  0.636363636364  0.40404040404  0.888888888889  0.191919191919  0.373737373737  
0.89898989899  0.181818181818  0.707070707071  0.979797979798  0.59595959596  0.0606060606061  0.353535353535  0.535353535354  
0.989898989899  0.707070707071  0.20202020202  0.0909090909091  0.464646464646  0.0808080808081  0.525252525253  0.868686868687  
0.989898989899  0.747474747475  0.262626262626  0.737373737374  0.020202020202  0.69696969697  0.919191919192  0.484848484848  
0.989898989899  0.787878787879  0.818181818182  0.818181818182  0.242424242424  0.414141414141  0.151515151515  0.757575757576  
0.808080808081  0.292929292929  0.989898989899  0.838383838384  0.818181818182  0.282828282828  0.565656565657  0.757575757576  
0.131313131313  0.818181818182  0.585858585859  0.575757575758  0.010101010101  0.555555555556  0.989898989899  0.89898989899  
0.464646464646  0.545454545455  0.333333333333  0.757575757576  0.0909090909091  0.79797979798  0.888888888889  0.272727272727  
0.747474747475  0.353535353535  0.949494949495  0.171717171717  0.535353535354  0.949494949495  0.717171717172  0.171717171717  
0.252525252525  0.858585858586  0.454545454545  0.505050505051  1  0.010101010101  1  0.020202020202  
1  0.030303030303  0.0909090909091  0.626262626263  0.161616161616  0.636363636364  0.474747474747  0.888888888889  
0.222222222222  0.282828282828  0.676767676768  0.0606060606061  0.393939393939  0.232323232323  0.272727272727  0.969696969697  
0.888888888889  0.808080808081  0.838383838384  0.30303030303  0.656565656566  0.20202020202  0.535353535354  0.030303030303  
0.313131313131  0.505050505051  0.40404040404  0.040404040404  0.79797979798  0.868686868687  1  0.181818181818  
0.515151515152  0.212121212121  0.626262626263  0.707070707071  0.949494949495  0.363636363636  0.59595959596  0.262626262626  
1  0.232323232323  0.808080808081  0.272727272727  0.717171717172  0.0505050505051  0.616161616162  0.525252525253  
0.484848484848  0.0606060606061  0.333333333333  0.141414141414  0.212121212121  0.767676767677  0.333333333333  0.585858585859  
0.343434343434  0.909090909091  0.121212121212  0.838383838384  0.262626262626  0.69696969697  1  0.343434343434  
1  0.353535353535  0.010101010101  0.0909090909091  0.838383838384  0.676767676768  0.323232323232  0.393939393939  
0.666666666667  0.191919191919  0.787878787879  0.818181818182  0.131313131313  0.808080808081  0.646464646465  0.353535353535  
0.828282828283  0.737373737374  0.292929292929  0.89898989899  0.525252525253  0.40404040404  1  0.464646464646  
1  0.474747474747  1  0.484848484848  0.979797979798  0.0808080808081  0.343434343434  0.656565656566  
0.525252525253  0.787878787879  0.858585858586  0.0707070707071  1  0.535353535354  0.959595959596  0.494949494949  
0.333333333333  0.464646464646  0.121212121212  0.444444444444  0.040404040404  0.545454545455  0.010101010101  0.959595959596  
0.434343434343  0.272727272727  0.535353535354  0.888888888889  0.0707070707071  0.79797979798  1  0.626262626263  
1  0.636363636364  1  0.646464646465  0.0606060606061  0.979797979798  0.747474747475  0.929292929293  
0.89898989899  0.828282828283  0.252525252525  0.737373737374  0.323232323232  0.414141414141  0.505050505051  0.353535353535  
0.0909090909091  0.969696969697  0.606060606061  0.939393939394  0.929292929293  0.424242424242  0.888888888889  0.737373737374  
1  0.757575757576  0.151515151515  0.89898989899  0.777777777778  0.0505050505051  0.464646464646  0.181818181818  
0.212121212121  0.929292929293  0.343434343434  0.252525252525  0.040404040404  0.585858585859  0.0707070707071  0.232323232323  
0.818181818182  0.383838383838  0  0.40404040404  0.030303030303  0.333333333333  1  0.868686868687  
0.494949494949  0.545454545455  1  0.888888888889  0.525252525253  0.393939393939  1  0.909090909091  
1  0.919191919192  0.282828282828  0.747474747475  0.232323232323  0.767676767677  0.787878787879  0.959595959596  
0.232323232323  0.909090909091  1  0.969696969697  0.818181818182  0.808080808081  1  0.989898989899  
19602
1 2001 1766 6178
13059 3322 12107 
1 780 1383 3403
3040 54 1086 
1 8166 4503 9224
577 640 5790 
1 5416 2022 9159
17572 17962 12774 
1 4500 1025 9967
3377 7040 19544 
1 2252 6537 8320
3673 918 4084 
1 7183 1153 9135
2236 5152 10527 
1 7130 2196 7135
1478 3098 3936 
1 3421 4577 8895
6167 1938 1776 
1 2571 6092 6402
2369 5615 921 
1 3892 4957 9260
17744 18161 17568 
1 8766 3648 9811
4633 19249 17191 
1 6632 6065 7267
11822 4034 5419 
1 7389 3604 8214
5720 5252 11074 
1 6598 1210 7075
5382 9847 9846 
1 3066 6523 6689
1812 1118 13111 
1 2054 4960 9422
9718 8987 5102 
1 4942 2463 4979
9683 4717 5319 
1 5861 95 6918
9045 13560 12102 
1 3886 5863 8086
2839 219 5504 
1 5062 1531 7337
4930 -3 2983 
1 3643 2691 3715
5852 18331 7276 
1 6645 7077 9155
194 13874 7046 
1 3820 192 6881
9704 19427 479 
1 1399 555 5931
7666 7665 7269 
1 120 2650 5812
9875 1175 8856 
1 5830 5995 9808
355 8176 12569 
1 3732 165 6191
2905 2447 2277 
1 7672 6008 7694
15946 12673 15083 
1 4024 3884 8855
12734 17369 16499 
1 7968 3059 8068
15624 1772 16558 
1 3548 7222 9727
1926 17103 19083 
1 1938 3389 7211
13403 7214 6638 
1 94 1195 6191
11793 12131 7309 
1 4045 683 8236
14467 16151 13509 
1 3946 9444 9466
10088 10870 18568 
1 5847 4759 7288
17366 11459 14287 
1 543 769 9615
13953 12832 18863 
1 821 1083 6960
19090 509 2133 
1 296 35 9252
5671 3196 18146 
1 4148 326 8596
5676 7370 2058 
1 2459 5939 7796
348 2136 6557 
1 1115 552 9603
10775 17382 18838 
1 8477 8369 9409
11544 3839 4434 
1 4665 4892 5611
19112 536 3115 
1 4033 3321 7285
983 7913 1763 
1 5379 4492 7165
3672 1051 8560 
1 7972 6094 9091
6499 17830 17831 
1 2330 6647 9183
13029 3931 5389 
1 5667 2001 5705
11702 11109 1936 
1 5631 6190 6722
1105 8555 1100 
1 4998 6436 9560
3433 18753 6689 
1 5828 2842 9958
4449 1448 19528 
1 3403 1383 9213
2 18067 12208 
1 7561 9634 9735
18901 17646 13593 
1 1374 5346 9663
10474 1200 15252 
1 1873 1013 4046
9991 4981 -6 
1 311 1345 8023
3203 4907 9084 
1 3747 2208 9724
8792 1286 19077 
1 1082 6377 7218
19365 10247 14151 
1 7086 4590 9800
13892 13893 1648 
1 2865 8421 9666
16513 5674 2210 
1 152 2514 5386
10262 2434 10554 
1 3752 3474 4982
6802 5265 9760 
1 1939 8450 9212
16572 18066 15269 
1 3506 3459 8853
5471 12187 18952 
1 1505 7248 9367
14211 14210 2249 
1 4838 2590 7378
5065 9005 9478 
1 1778 8764 9041
4045 8284 7366 
1 6507 6609 9269
6001 18179 6007 
1 2158 1611 3049
5944 4732 5969 
1 3739 3640 7492
17303 7323 6736 
1 2229 6613 6712
7168 643 16964 
1 5448 4545 6545
9096 18530 4539 
1 4535 2106 7138
1372 2668 87 
1 6 8678 8777
17022 11699 13227 
1 6519 1167 7987
9315 9698 15661 
1 564 101 3403
9754 6665 12208 
1 1438 4959 7118
18642 4032 139 
1 2533 4197 9835
11518 2061 13448 
1 575 3514 4791
2550 2572 3692 
1 3970 1154 9420
177 14732 7781 
1 2846 3082 5468
4069 13873 4540 
1 4090 2525 8745
10519 17152 9483 
1 3764 8097 9527
15878 2933 6502 
1 791 314 4880
362 943 7500 
1 6638 4535 7138
1252 75 580 
1 7644 1266 8528
10467 3665 12352 
1 5474 3504 6284
4479 10728 4299 
1 2093 1359 8922
14863 17499 5269 
1 5870 5945 6805
9415 6390 1005 
1 6825 6751 6916
12919 8617 13123 
1 5200 4931 7815
12494 11173 2441 
1 4143 2456 9435
9737 18505 8104 
1 6823 1144 8255
13373 7997 5190 
1 386 156 5112
-3 4810 14105 
1 3081 459 5602
8633 8320 1581 
1 1830 5284 5571
-3 5991 4786 
1 1094 2353 3067
4598 5283 10905 
1 1349 1348 3596
5560 9572 5000 
1 255 5895 9145
8412 9725 1493 
1 7710 5745 7800
15689 6067 6068 
1 5776 4771 6072
5849 8700 2066 
1 2472 289 9643
10380 18918 353 
1 4006 620 5113
9171 1793 13116 
1 3861 5944 8439
6976 15538 7557 
1 1391 1945 2644
2377 3800 2884 
1 680 3414 3803
11796 5373 6686 
1 3546 2211 7565
14727 557 14832 
1 4708 7066 7720
10632 8811 15134 
1 1779 1306 6132
14548 5025 12016 
1 2959 4571 9224
8054 2786 18090 
1 6661 812 6911
13055 2610 804 
1 6309 5825 7908
14610 15508 15747 
1 4435 7891 9554
15474 5649 18740 
1 1851 5767 7521
10430 4678 14745 
1 2399 168 3802
8213 1967 5049 
1 6518 407 9003
14321 8487 11468 
1 3628 5193 8572
5954 7126 16811 
1 8822 2444 9108
17304 17864 4916 
1 1287 2817 2916
5510 5115 5705 
1 1048 1148 7405
13233 14514 14093 
1 4709 2731 6009
15568 8968 1143 
1 3624 113 8839
-3 4235 17338 
1 6066 5739 6474
10648 11249 1654 
1 3660 3786 8541
207 16752 6968 
1 269 1584 9813
10813 3002 5122 
1 1578 1921 2740
14173 2276 3531 
1 2514 4392 4631
6920 9072 8398 
1 4131 2291 5656
13402 344 5562 
1 7758 5068 9630
8209 7251 9930 
1 465 1746 8789
-5 17239 13822 
1 8596 2522 9343
7370 572 11995 
1 6353 3254 8658
13197 12451 4216 
1 4825 4256 4875
1082 2954 9552 
1 7142 2825 7212
13746 14002 13745 
1 4573 3780 8436
17288 16702 3017 
1 2287 1250 3669
400 376 6660 
1 3783 1438 7118
5302 79 13955 
1 531 102 8813
8693 18074 3403 
1 1292 266 6366
12870 2309 12471 
1 2324 1212 2790
11264 14753 956 
1 33 1895 3742
10384 8999 3579 
1 3158 2385 9137
7464 17484 8085 
1 7322 2218 8824
4334 12358 13270 
1 4557 1269 7396
8845 14498 8926 
1 3508 3537 5008
2424 6926 9811 
1 1103 5398 5529
-5 10577 2349 
1 640 974 4909
324 7958 9616 
1 1572 6809 7098
4486 8253 9662 
1 373 2612 7136
15934 18159 13990 
1 349 2908 3781
5689 2696 2880 
1 4523 9551 9973
18735 18202 15283 
1 4484 5243 8060
10272 7387 691 
1 866 6345 8265
12434 16209 12430 
1 2878 5206 6031
19452 10202 5221 
1 6736 74 9277
4174 18194 6542 
1 1693 9832 9978
19291 1923 16760 
1 3774 914 7024
13881 8833 7393 
1 1694 2589 9832
11697 5062 19291 
1 7680 4881 8843
753 3545 305 
1 8055 8056 8379
5907 15403 7894 
1 5194 9177 9989
15135 19146 303 
1 5208 5145 6636
14195 5594 13007 
1 92 748 9914
11862 10030 1035 
1 1427 2739 7648
3587 3313 7116 
1 4141 1096 6703
12044 483 6393 
1 153 6263 6508
2910 11698 12753 
1 5970 6120 6508
16052 2179 11698 
1 3347 2247 9073
5533 17794 17105 
1 242 662 5932
10506 11623 4746 
1 2115 7878 9194
9015 10273 2290 
1 4050 2033 4406
5215 13358 565 
1 136 4189 9247
7594 7199 18051 
1 3182 6114 6678
3827 11980 7695 
1 4271 1949 7473
12570 8365 2803 
1 1154 3970 5363
82 11747 1412 
1 5908 4792 6990
14918 5514 11580 
1 6056 1728 7740
11868 4706 7374 
1 4278 2639 8720
711 12551 8880 
1 3645 484 3681
12341 7208 4380 
1 2385 3812 7230
2560 16181 3775 
1 340 5433 9607
10646 5064 667 
1 6408 6482 8419
3974 1077 10168 
1 8958 3284 8959
7332 17567 3950 
1 8441 8017 9576
19377 1789 306 
1 5881 3873 7191
8590 14097 11527 
1 2567 4746 7696
4986 9695 15087 
1 586 1382 5440
12174 1254 6479 
1 4461 5554 6922
7817 3656 8737 
1 4103 8143 9620
10902 15768 18873 
1 6975 5185 8736
1242 14778 5743 
1 4414 2899 7133
6463 12658 8647 
1 7077 6645 7699
23 12786 6508 
1 2760 3499 3726
2125 7510 3703 
1 3312 563 8156
670 7242 2750 
1 2156 2742 4989
10997 9586 12969 
1 843 5219 7034
10226 15384 11425 
1 7576 3273 8609
14854 6409 1791 
1 1978 1345 5973
9797 3203 15677 
1 1331 4529 6418
15417 11333 12578 
1 150 4873 5963
1203 2896 11684 
1 1877 6290 8083
15876 10737 7941 
1 7030 2976 9296
18129 9650 18233 
1 2952 3456 3584
1813 5776 11522 
1 3227 5624 7840
1418 16013 2765 
1 3660 1707 3786
10830 7167 126 
1 1193 2004 7803
11221 2316 15227 
1 4703 9133 9588
17911 12078 7248 
1 8550 7517 9652
2488 2373 7082 
1 5618 5921 7931
8761 6313 3466 
1 7620 5994 9507
9021 10369 12756 
1 3360 2912 6598
3959 12932 6579 
1 2381 101 6457
15604 9754 3504 
1 6989 1258 7114
15000 1206 6933 
1 7651 4928 8908
8270 2813 14976 
1 306 6746 7595
4259 526 14891 
1 2106 754 9749
6047 1461 2668 
1 5863 121 8086
15244 6490 20 
1 1439 5123 9921
289 10041 9848 
1 7621 704 7785
8467 3218 13219 
1 4054 7549 7682
14800 14182 15058 
1 8571 6536 9418
2856 6983 12808 
1 2438 1414 3513
9253 2248 14825 
1 1687 3148 8990
7311 6822 17633 
1 2677 1994 8950
665 18241 7217 
1 2917 5894 6790
10100 11645 10575 
1 3530 3562 7545
17059 6387 14792 
1 1326 7372 9354
9923 16146 869 
1 3453 6937 8446
15698 10122 10133 
1 6352 8192 9082
12251 16064 17813 
1 2134 508 4620
9227 3838 4987 
1 1405 3214 9773
6292 6098 19134 
1 5925 930 6585
12229 11611 1801 
1 2066 291 7396
10471 9618 17435 
1 7775 1961 8490
10800 11653 2443 
1 2523 2388 2624
13159 16825 5132 
1 4439 1724 9297
1000 1901 7848 
1 3558 5410 6237
2955 7992 11535 
1 4734 2280 7962
14864 4088 4685 
1 4890 5917 8218
1954 951 16116 
1 382 4308 8285
2577 18839 8736 
1 1370 6764 9292
4240 3295 4748 
1 5851 5509 9892
4587 10797 776 
1 4273 4124 5170
8191 5854 8367 
1 6386 5553 6487
10883 12910 5331 
1 4695 76 6495
9766 9198 406 
1 6569 6630 8427
2005 16277 8589 
1 1264 2171 6378
7793 4242 12499 
1 5824 5315 6138
7349 9776 12028 
1 4953 4567 5053
7480 5435 7760 
1 1360 3028 3941
1262 7718 6730 
1 3102 6281 8347
12309 3724 7022 
1 62 380 1546
16364 2430 3013 
1 8420 5566 9863
15884 16315 6739 
1 8525 3775 9769
2140 17115 15311 
1 3968 1154 4219
7770 1412 8261 
1 3968 4717 7919
15870 2576 1378 
1 3167 1553 8887
2932 2808 2634 
1 702 3026 7037
5924 6571 13528 
1 4884 4681 5110
13255 3584 2032 
1 4793 7206 9545
14126 5427 11621 
1 9759 1356 9989
6786 12066 10179 
1 5065 3990 5758
2200 9924 3247 
1 575 145 9675
3692 10794 5885 
1 1003 5839 7450
3733 -5 11284 
1 8687 539 9705
13707 7611 11073 
1 8042 8257 9708
15967 3570 9430 
1 2982 2673 8498
867 16667 1507 
1 5893 6015 6892
3226 11787 16152 
1 6254 7510 9382
14723 12416 18401 
1 4021 442 7362
862 2516 7872 
1 4874 6331 8251
13418 12117 12116 
1 3755 7760 9891
15214 6121 1261 
1 413 4236 9906
6682 2675 12630 
1 9075 1043 9343
908 18323 572 
1 9043 5789 9861
5277 11348 19346 
1 7889 7890 9834
4319 14960 9818 
1 3591 3583 6310
6918 12366 1392 
1 6950 6431 8390
9567 11093 4288 
1 8465 6263 8711
6341 2910 10396 
1 5799 2095 8907
10006 2495 18061 
1 1682 7895 9472
11502 1788 12799 
1 6243 8386 9798
3952 7531 16856 
1 5935 6035 6036
18320 286 5582 
1 6036 6035 8153
285 816 7575 
1 9823 75 9858
19272 6526 984 
1 7711 8200 9383
15116 12671 10891 
1 5123 1439 5574
220 17817 10040 
1 1313 3104 5447
6077 18981 4565 
1 3485 1313 4025
6077 6823 -5 
1 301 1101 6775
1294 2618 6525 
1 1691 6998 7480
13720 2291 3768 
1 9095 8409 9742
9773 4111 4591 
1 291 6439 9018
12619 10470 4055 
1 251 7108 8108
13936 14394 15899 
1 8047 3061 8148
19203 5993 2420 
1 2955 7591 8583
19285 15679 4892 
1 3244 3146 4137
13573 16518 2452 
1 5653 5993 9779
6133 6022 6910 
1 3592 2052 5619
19573 3876 6319 
1 3707 3069 7141
14386 13999 9956 
1 3663 5194 9989
13861 163 12066 
1 4375 2402 5508
4872 -6 10795 
1 2568 7680 8843
18104 161 17346 
1 2956 8441 9576
714 186 18785 
1 4055 5436 5851
16761 7938 776 
1 7551 7451 8570
2288 12400 7163 
1 2256 7694 7774
15083 18552 2736 
1 267 7131 7387
13980 11854 14480 
1 6421 7394 7607
11232 9261 14915 
1 6546 5764 6571
14068 4278 5982 
1 7809 2294 9769
9916 19166 16352 
1 2437 6192 7820
12134 7449 15333 
1 3210 7956 9214
16980 12425 18070 
1 3289 924 4827
6582 7825 9457 
1 308 1372 6746
8885 2667 18243 
1 5735 5635 8084
10424 16359 556 
1 4489 456 9732
4040 12031 9081 
1 4916 1061 8606
13295 2092 9451 
1 5655 987 8806
17931 8254 15675 
1 2324 2511 6069
4909 7057 5251 
1 619 3144 9062
18302 17773 4312 
1 974 640 5518
149 924 508 
1 1492 2194 4216
925 9547 4287 
1 2996 195 4001
2648 7835 5865 
1 177 5112 9390
9382 18416 7160 
1 5062 5242 5989
2983 4931 11736 
1 3426 3121 4432
2701 2845 6109 
1 2231 163 5845
12866 2041 11696 
1 2233 1182 7190
16262 4590 3735 
1 2765 129 9710
1385 2952 15167 
1 487 6320 8636
12385 455 3619 
1 505 1179 7151
6561 13628 18933 
1 6864 2988 8893
18197 17444 3767 
1 7582 1382 9074
347 12174 3676 
1 184 1934 7366
6377 14437 10218 
1 182 6853 8703
14563 13067 13432 
1 5372 1745 6272
719 3407 7806 
1 8891 207 9819
5580 2274 4166 
1 2431 2364 7259
15055 -3 359 
1 6667 6853 7366
13067 10218 12246 
1 8936 9113 9570
5624 6609 17873 
1 2291 3038 5656
16288 9888 130 
1 3329 2702 6936
12801 2785 9892 
1 2102 5926 7504
-5 863 14711 
1 1929 1382 7582
10023 336 8699 
1 2459 2918 5939
16427 1569 42 
1 1009 4191 5928
19193 7443 7597 
1 5534 992 9473
2915 6442 1870 
1 8528 112 9931
10382 7218 17020 
1 387 830 9139
19082 10172 17923 
1 8944 2472 9643
4832 104 548 
1 9403 3375 9529
6025 5167 1233 
1 5830 1823 5995
6881 11427 27 
1 3663 1395 8358
9321 16390 1306 
1 1004 5455 5555
10689 12975 2157 
1 6461 7209 9338
12660 5337 2655 
1 193 2431 7259
14643 341 7430 
1 4817 5121 6797
2802 10032 8988 
1 4724 860 5446
4366 7592 7593 
1 314 791 1362
86 595 9056 
1 3839 5599 5947
16363 7518 16351 
1 4628 2569 7934
4897 15559 5022 
1 5276 2499 6166
3881 807 10335 
1 4143 4144 5547
5497 10312 4800 
1 4250 4150 8381
7933 2477 11136 
1 4974 31 8900
1726 12553 14852 
1 9248 5765 9393
14298 4797 5794 
1 1933 3642 8318
12406 5590 5652 
1 2783 5978 9127
11714 6904 11713 
1 4382 8099 9738
15882 17049 6943 
1 784 9247 9565
4656 3722 2376 
1 5422 1034 8750
19268 6092 2002 
1 2463 3612 9355
9683 18347 4814 
1 1250 1492 3669
5665 3679 138 
1 2553 3302 3945
16349 843 7726 
1 880 2469 5623
5406 7580 3784 
1 641 4261 9662
5919 18955 18495 
1 8127 7930 8563
10200 14861 11473 
1 3162 3161 3262
4096 5600 6188 
1 2693 9833 9872
19292 16669 5266 
1 3304 2162 6795
11324 17078 13318 
1 5765 4298 5866
14981 11300 456 
1 1743 1742 6315
2423 1023 13097 
1 1673 8800 9806
1090 13341 15013 
1 7496 4289 9142
5693 6204 8000 
1 5375 3930 7257
18611 7024 14228 
1 6009 1390 8623
2902 2703 11605 
1 709 3089 4991
11568 4138 1245 
1 1752 4649 6073
13113 15298 5986 
1 3303 1029 5975
17290 3319 11708 
1 3945 3782 6232
5227 8089 12213 
1 2417 7102 7502
4990 4724 14707 
1 3669 7321 9336
3679 9462 6660 
1 2559 4215 7164
5002 3406 5003 
1 6695 4639 9410
12805 2489 18456 
1 6919 5158 9938
942 2647 2490 
1 512 9279 9879
18198 18383 19340 
1 1884 1250 2287
2907 138 4471 
1 4666 1561 8482
13189 16635 9323 
1 1177 495 3378
8509 6616 13610 
1 2161 1021 6968
4222 12226 1979 
1 3886 219 5877
5504 2840 6974 
1 9138 5153 9907
13187 12298 5997 
1 4519 4695 6495
18794 247 10603 
1 7263 323 9730
904 19088 10347 
1 4013 2113 9795
12285 12869 13458 
1 113 30 9688
-3 19005 18669 
1 865 2831 9711
11519 3919 19050 
1 634 734 1299
16843 1424 15950 
1 933 5647 8758
14958 2310 11069 
1 7526 7080 9703
3814 16491 4046 
1 4202 3921 6658
4359 13049 5862 
1 6771 5099 7940
1943 9993 10374 
1 4476 9236 9289
1935 10372 13022 
1 5289 2384 6680
12900 4659 17912 
1 4590 7547 9357
13892 674 13893 
1 6109 3175 9569
17347 6692 10195 
1 2837 2968 8954
13957 17362 17762 
1 2894 3362 6294
11398 6874 3524 
1 3744 675 6674
19154 2117 7333 
1 4761 5131 5941
1849 10346 10345 
1 599 3444 6608
8290 6289 4249 
1 1198 5191 7818
4750 10173 15330 
1 4411 1581 7470
5052 7238 8641 
1 5438 3238 5544
14507 10656 12850 
1 5108 2109 9395
12096 4935 1778 
1 4359 1078 5030
1698 2658 2228 
1 1437 8308 8993
16292 8279 12626 
1 7280 2854 9181
12046 6460 14115 
1 1869 3528 7847
19220 3651 1545 
1 4357 7119 8957
3949 7621 17339 
1 3098 7674 9632
15045 12766 2595 
1 3447 2159 5675
16320 6749 5508 
1 2231 9676 9930
11696 12865 13698 
1 487 5035 5726
10156 4149 9865 
1 7468 5420 8074
14639 15832 10276 
1 2227 4320 7563
8461 8662 8855 
1 1328 2432 2874
2780 5339 1410 
1 7876 1258 9517
4153 15000 15445 
1 3537 1242 9786
2216 6925 6926 
1 3197 3143 4026
4265 7501 4377 
1 4906 6528 6802
8420 14157 12664 
1 2404 5370 8812
6675 3491 17285 
1 3359 769 7117
18032 13953 7008 
1 7604 4351 9040
6959 10543 14908 
1 7466 5803 9291
14635 9505 18222 
1 8754 2656 8818
-3 10968 4447 
1 248 2168 4657
6630 1017 9123 
1 8413 2006 8484
10913 2007 6097 
1 8045 8394 9567
6559 15775 3439 
1 7125 3580 7225
3789 13968 1955 
1 3113 1621 9885
9065 922 12362 
1 6320 2632 8636
7249 16940 333 
1 3388 5765 5866
4797 384 8417 
1 718 4917 4918
9633 9827 4764 
1 1170 5804 5904
11376 3228 11572 
1 6090 4961 8613
18463 18638 11935 
1 6735 2421 6958
5943 13641 3159 
1 7202 7686 8185
3004 15066 15321 
1 6391 8520 8620
16711 16511 1383 
1 1297 204 5686
14528 18793 4234 
1 5100 3920 8758
7020 7675 9377 
1 5604 8091 8791
13156 4357 13553 
1 1125 4408 7531
8635 4172 14765 
1 4823 3020 8772
6758 3518 1422 
1 1970 3711 9031
3186 7268 7715 
1 8105 3992 9296
13568 13782 9650 
1 6407 3172 6996
12556 6913 6717 
1 1411 2348 7864
13027 2746 13209 
1 9491 8473 9810
9516 17096 14416 
1 107 6653 8301
13040 3444 12844 
1 5493 554 6042
10286 2922 2923 
1 3709 4540 6840
8479 8894 13406 
1 5674 8693 9136
17051 5117 15052 
1 6818 2370 9153
13263 9970 18075 
1 715 6104 8339
1107 7257 7258 
1 4233 3820 6881
12859 24 1047 
1 7294 7297 9385
14299 8801 12694 
1 6781 3552 7403
13290 17030 6956 
1 896 4790 9908
13897 8994 6716 
1 1096 661 6703
677 2123 167 
1 4553 2449 9002
6301 17656 14479 
1 2766 8952 9222
17558 2623 7044 
1 731 360 3629
18363 12920 1825 
1 2378 2186 4466
3964 4983 10466 
1 6624 5041 9912
12983 7677 12516 
1 3653 3509 5992
3819 12703 11742 
1 1891 3135 5864
15277 6527 9958 
1 1617 4134 9022
15729 17696 8192 
1 2813 2193 6842
2600 1891 3581 
1 1333 2462 6060
651 4811 1727 
1 381 1637 3681
14791 7561 7136 
1 5404 6701 6747
9628 10000 9966 
1 4905 3942 5850
6776 7720 1401 
1 3343 2810 4342
14841 8505 7201 
1 4511 3542 4826
8585 3312 9455 
1 5099 5716 7431
3658 2351 12768 
1 5218 5235 8111
2073 -5 15904 
1 1142 651 3671
5371 7188 5222 
1 6366 2429 7068
2509 12867 12471 
1 91 3055 8074
14059 10620 2805 
1 7447 970 7888
1291 14598 17976 
1 1613 9336 9638
18310 1786 17515 
1 4507 2896 9002
2906 1860 17657 
1 5144 3802 7227
3680 11214 4470 
1 482 974 5518
19072 324 3087 
1 6960 1083 7520
39 2496 13644 
1 2910 4683 9801
8382 8979 17300 
1 3268 5597 7511
16307 5012 9948 
1 975 271 4924
7700 4284 3127 
1 1642 446 2465
11704 4818 10595 
1 6532 3948 9421
8286 19420 9893 
1 3106 6800 7507
6082 14838 14717 
1 5949 6549 6793
12835 7428 8090 
1 6148 840 8622
14270 16911 1221 
1 3964 750 4207
8524 3702 8237 
1 3060 1590 5579
9724 5462 3816 
1 1029 8815 8915
17290 17289 17487 
1 5352 4470 5452
15033 7612 7761 
1 1664 7834 9552
15361 937 9027 
1 7914 6207 8665
12300 16996 7025 
1 2321 646 8294
4537 12297 16265 
1 2427 4765 7986
-5 4519 4077 
1 6746 278 7595
2667 8787 217 
1 3592 3228 4039
6319 13796 7908 
1 5985 6273 8449
3024 15501 8262 
1 3128 174 5953
6123 9406 11665 
1 733 5452 5880
5679 6257 1722 
1 2255 5146 5540
14213 2913 10856 
1 4749 4849 7153
9305 1133 14023 
1 1652 1041 8481
3223 16633 1811 
1 7204 6829 8735
5642 13924 17723 
1 3101 657 4772
5143 -6 5391 
1 4892 2742 5611
9586 17254 45 
1 7974 6343 9701
10785 13543 5439 
1 679 4806 8964
9416 3830 17583 
1 2799 1547 3906
-4 3427 7649 
1 9307 9306 9407
4251 8160 18451 
1 5840 5937 6715
16823 17016 4157 
1 8103 5430 8223
15889 10908 10641 
1 2038 4567 8778
12392 9500 9310 
1 2197 57 5463
6239 6449 2747 
1 5084 6631 9840
11765 19007 19307 
1 8454 4099 9532
1239 16579 2523 
1 959 6213 7582
12175 8699 14866 
1 1988 8944 9643
17543 353 17255 
1 6203 1214 6304
-5 2357 12355 
1 2138 2993 5056
5858 7809 5436 
1 154 3394 7039
2698 3833 13800 
1 6479 607 9090
4335 6573 12696 
1 316 2418 2666
15974 4725 1950 
1 6304 738 6509
12155 12754 6415 
1 6384 4735 8753
1907 12711 9121 
1 5734 5735 8084
15441 318 662 
1 2211 4085 7565
8818 5586 109 
1 6187 7454 8115
12124 752 12520 
1 4491 5074 6557
3888 1497 9148 
1 5950 3184 6069
3846 6233 1067 
1 6063 6064 8730
2825 17124 5384 
1 35 6460 6560
11541 12659 935 
1 3426 260 4685
6109 17506 9179 
1 6879 696 7488
14758 14678 8616 
1 1872 4050 4406
2498 173 8536 
1 1285 5139 6395
4358 2036 12533 
1 1600 4319 7319
16131 14348 8294 
1 8371 1757 8669
6791 16143 4410 
1 5482 4230 5590
10744 730 10957 
1 715 1859 4245
7258 18798 1882 
1 3100 2832 3699
5539 10228 4053 
1 2522 9075 9343
620 276 133 
1 2186 7476 9244
3964 13781 14655 
1 5297 125 6395
10377 6230 10072 
1 2293 7815 9984
8865 11173 12493 
1 8529 8429 8787
16337 694 8710 
1 4503 8166 9775
3 19179 8791 
1 7566 137 7751
14834 12191 18496 
1 580 3428 3710
8568 19200 5273 
1 2996 6638 7138
18269 87 13994 
1 2180 7664 9301
1460 585 4260 
1 4523 1578 8491
7900 3531 8098 
1 2920 3239 5307
8861 8097 10397 
1 6534 6695 9539
4078 6058 12804 
1 7664 8271 9301
2959 13224 581 
1 6971 309 8601
8459 13666 16870 
1 2858 2595 4861
4013 5017 9524 
1 2428 4162 4951
8150 4056 9954 
1 1254 2028 9996
15091 12019 19595 
1 1268 5030 9461
9855 7934 10062 
1 333 633 4821
5058 12195 8102 
1 4934 6423 7471
5377 17789 12587 
1 4472 1132 8713
19003 6544 3742 
1 2722 4325 4515
8471 1026 4346 
1 791 213 1362
13562 7836 362 
1 1627 723 2123
19304 1016 13192 
1 8863 8490 9796
3841 11653 16650 
1 2053 491 4880
4009 7500 4010 
1 4488 4232 9522
17790 18678 18680 
1 5813 3079 7050
14463 698 14464 
1 437 8072 9088
16426 17825 10969 
1 1683 1240 7115
10975 3836 -3 
1 4900 8810 8824
17280 14353 12358 
1 1786 1387 5184
16241 2504 10159 
1 5181 7042 8315
3179 4597 10970 
1 4211 5532 6071
9670 14850 11898 
1 3281 1734 5088
18892 6468 6424 
1 3626 3354 7898
7100 9748 4098 
1 2361 8800 8856
13341 3266 5881 
1 7959 6812 9216
2770 13480 14378 
1 8144 6594 8929
15969 9274 13793 
1 2393 1179 4994
13628 9784 10266 
1 4620 218 5035
9051 4149 4664 
1 9228 4397 9261
10130 16768 13139 
1 8841 8919 9208
1766 8967 5711 
1 4112 4638 6259
4133 12265 9284 
1 1679 4372 7311
8564 13221 1966 
1 3488 5794 6932
3034 3947 13589 
1 2487 824 6122
3300 18324 11996 
1 9075 2522 9390
572 736 10019 
1 2275 8275 9088
6328 10969 6971 
1 2165 5354 6157
10490 8330 12065 
1 1271 3390 3761
4921 17734 2461 
1 7544 3430 9442
11814 18519 1693 
1 3778 3638 9205
766 7399 5066 
1 4335 249 9894
5828 15738 1933 
1 1445 9079 9693
4672 1795 19015 
1 634 4254 5354
15951 4231 3457 
1 3490 3079 7103
13732 6833 4105 
1 8509 3295 8608
16689 16684 16688 
1 320 8204 9215
2303 17682 17681 
1 9521 9421 9898
2325 19420 5577 
1 1534 6223 8732
19527 6945 17126 
1 8033 1697 8279
3605 16235 15750 
1 8992 8351 9229
6361 18100 10278 
1 8164 2260 8794
16009 10395 4761 
1 1184 58 9660
4296 4744 18950 
1 8513 4560 9361
16696 8005 3274 
1 2926 945 8164
1642 16008 6405 
1 4503 1793 9224
5791 18090 3 
1 629 6227 9239
16643 4394 18120 
1 599 2310 3491
4249 15454 6835 
1 6613 3661 6712
18709 17243 73 
1 7588 6517 9439
10714 18514 12276 
1 3572 2394 4594
4310 1070 1664 
1 5595 6843 8551
4864 16771 12375 
1 2048 946 9607
4001 18846 9477 
1 327 818 6473
7043 686 12685 
1 10 4596 9261
11577 18162 9004 
1 3507 8290 8890
16257 15350 15207 
1 2462 1333 7392
493 11675 3927 
1 1326 6835 7184
869 13396 7165 
1 5027 2185 5883
19461 19149 1877 
1 5075 1477 8694
9254 8200 3212 
1 5831 946 9065
16705 4001 -3 
1 2982 147 6635
1507 5733 856 
1 6286 7048 8574
4367 13817 14122 
1 2686 871 4940
14203 9679 17777 
1 3964 8574 9036
16816 17164 17132 
1 6128 3097 9369
13814 4023 8236 
1 2227 110 2320
8855 1110 4535 
1 5733 5734 8084
11824 556 11240 
1 3346 5134 7583
10061 14868 10655 
1 540 4220 4320
11728 6618 8461 
1 1377 1994 2677
8779 226 3895 
1 2740 616 7936
2276 2446 5360 
1 4043 340 9607
7916 183 18847 
1 1946 614 5104
8912 12807 3801 
1 3326 2004 8999
15228 11221 8857 
1 563 3312 6010
196 11778 6931 
1 5287 4509 9901
10357 2928 14756 
1 455 4166 9503
13351 9717 18641 
1 2043 79 3367
13352 6251 19280 
1 7547 318 9357
14796 5111 418 
1 223 5143 5987
8267 11077 11732 
1 6693 2344 7384
4581 6392 13117 
1 761 661 1096
18011 483 1081 
1 2657 4436 8404
15978 5564 12495 
1 9568 476 9887
4309 19397 18769 
1 4551 1257 6339
9837 19067 9122 
1 4877 3940 7203
9556 4236 7267 
1 2472 4068 9319
4832 3848 14865 
1 2487 4785 9438
1236 10950 5247 
1 1756 4088 5460
8004 2340 8003 
1 1421 1957 3747
16012 3311 7340 
1 818 2238 6473
12500 4005 648 
1 8635 8382 9197
7851 6694 2110 
1 4080 9284 9285
18209 16470 2318 
1 3926 9576 9881
18785 18595 14946 
1 1614 7305 9784
5108 19195 1502 
1 103 4484 8060
14846 154 4884 
1 5203 3399 5267
6214 8035 1680 
1 7596 5495 7892
12926 9502 10770 
1 8429 8329 8787
2268 5275 576 
1 4604 7347 7808
9583 3771 4445 
1 542 7633 9916
14964 10591 10366 
1 9087 8782 9871
7293 15907 9736 
1 3079 7005 7050
13732 6832 600 
1 6892 1353 8236
19332 5055 16152 
1 3666 25 4913
9493 3120 17353 
1 6117 428 8928
11986 9980 8083 
1 515 7309 7310
14328 18971 5526 
1 6642 8329 9583
5275 9043 18799 
1 7724 7723 7823
10106 8314 1732 
1 2927 234 3026
6485 13425 5924 
1 5990 6298 6995
9189 8840 8148 
1 308 408 4535
18242 1372 8885 
1 1362 3280 4623
3934 8601 9056 
1 635 7093 8621
11774 15831 16909 
1 4393 973 4651
16263 15446 7474 
1 2288 2639 4278
12552 180 8377 
1 2690 1529 7795
13791 5261 2244 
1 6109 460 8844
11640 12798 17347 
1 8441 2956 8674
306 3758 8624 
1 9857 9856 9955
2026 6680 19523 
1 2563 6190 6710
10444 1105 13152 
1 3113 6323 7934
12391 6094 9065 
1 1290 3063 6441
3637 4838 4837 
1 1745 5372 7546
339 3408 2692 
1 477 5213 6233
2505 721 12215 
1 5213 2458 6233
789 4804 720 
1 1675 9459 9460
3269 2040 7170 
1 3656 7647 7700
14991 7158 6081 
1 4811 4063 6540
1305 7137 9922 
1 380 2730 4469
18394 1541 8754 
1 787 6453 9655
3755 9550 18942 
1 1764 7919 7981
4938 2576 15648 
1 4907 3852 8680
11211 7155 18033 
1 2304 3143 7721
7501 1583 9909 
1 4230 1828 5590
12222 8282 569 
1 5066 3804 9353
17128 9926 955 
1 395 3696 7470
15056 12720 7238 
1 989 809 6044
8744 9673 10138 
1 2134 478 6277
2345 17332 9227 
1 7529 5197 9463
9034 771 18562 
1 2522 326 9390
7370 7160 620 
1 1676 499 4464
18582 3272 13756 
1 3349 2728 4121
6558 1924 8069 
1 6742 8331 8666
6938 1057 16998 
1 2093 5366 7943
5269 2641 1902 
1 2607 96 6282
1083 16954 3864 
1 8273 7320 9838
11308 12993 5805 
1 2878 4431 6625
5221 12985 9410 
1 5933 5073 9401
15302 15107 17900 
1 1574 329 6873
18052 10479 6612 
1 2314 7957 9409
15603 4434 10625 
1 2329 2897 9482
16871 18599 17317 
1 7688 7631 9286
15833 13743 17367 
1 4191 6685 9585
11907 14907 7443 
1 5409 4269 8880
14505 9614 12704 
1 1090 354 2725
19252 14741 2164 
1 7454 2715 8115
14612 7280 558 
1 395 4881 7680
9563 161 15056 
1 5319 4966 6014
2979 9730 3147 
1 1446 679 9757
9416 19142 17480 
1 431 4029 5081
825 7888 9957 
1 3704 3705 7271
7645 6862 12168 
1 1911 6194 7766
4841 8234 8230 
1 9118 698 9154
3512 17761 3317 
1 1610 304 3249
19076 2873 6317 
1 8005 4660 9959
6771 14595 1474 
1 4727 4336 6421
1512 2242 12583 
1 1040 611 9308
2013 16141 2383 
1 7999 4669 9347
10280 10193 10192 
1 5557 1469 7611
990 5940 5448 
1 3638 3778 5903
625 1519 11570 
1 2991 3872 9672
10507 7583 18975 
1 900 5760 7439
12519 10934 1326 
1 1992 4336 4824
2851 1512 1297 
1 5482 3558 5885
6967 11535 10744 
1 5197 5117 9463
2410 4577 735 
1 4442 3217 7000
17013 1657 1611 
1 7123 7879 9352
3473 14307 14556 
1 2928 8560 9617
7151 5786 18866 
1 5092 2209 8022
9621 6417 16085 
1 4055 5851 9892
307 244 19589 
1 8169 6681 9043
12772 5277 8442 
1 2106 408 8271
1372 13224 6047 
1 8199 912 8524
9248 16718 16077 
1 1410 4435 6610
15474 18740 9575 
1 5216 4989 9396
3065 15080 9774 
1 7282 1967 9475
15888 6044 8842 
1 4616 725 9750
15740 15735 19129 
1 4391 2014 4623
7174 1532 8601 
1 2724 5380 8442
10541 9777 16556 
1 4422 3513 8321
7628 15119 8862 
1 1854 172 5631
7111 11037 972 
1 761 367 4824
1081 18588 3890 
1 2458 5213 6355
721 18413 3909 
1 5834 5013 7265
10871 14242 11434 
1 3665 2197 5018
3060 2747 7176 
1 4955 5717 9177
4340 9707 15135 
1 415 1968 7834
3845 3978 15362 
1 2853 1012 6030
7780 5581 2858 
1 5719 5718 7380
11210 1837 11012 
1 3623 7950 8994
15591 17641 7994 
1 1187 365 3728
9085 2305 7302 
1 982 2200 8897
12098 4694 17452 
1 2947 1986 3235
16051 2904 12700 
1 4818 378 9409
9439 10625 18455 
1 541 2812 3174
8550 11543 5811 
1 6394 621 7348
15879 7434 2444 
1 7755 6745 7786
5203 3452 7085 
1 6661 6911 7247
113 2945 6422 
1 314 4623 6741
9056 1532 13214 
1 6740 6997 8932
7691 13718 16458 
1 6166 2499 7761
365 15216 4169 
1 6443 1274 8993
8874 19535 17639 
1 2658 178 5845
2499 11456 5197 
1 1530 1349 2198
2982 4295 2226 
1 2766 6325 9452
7044 2691 18540 
1 3335 6991 7091
16697 14273 6530 
1 2224 7846 8537
1740 8470 16744 
1 7112 9620 9985
18873 6838 7647 
1 8136 6053 8237
10808 16154 11861 
1 8153 6035 9096
286 15701 12915 
1 6131 3078 7937
12013 15564 10287 
1 7406 7506 8702
14715 15460 8483 
1 6490 2137 6844
3420 14138 5888 
1 1752 338 9283
5986 18206 13552 
1 7012 7013 9283
13413 13552 16899 
1 3154 4574 8353
10569 1650 9351 
1 3769 4219 5363
18180 1412 7771 
1 6249 5829 8452
7157 12244 14399 
1 4029 431 6199
756 1600 9097 
1 4910 7194 7295
6018 6019 987 
1 6085 2761 7973
3233 15633 11925 
1 5456 6600 8888
2341 -4 10691 
1 63 6164 9133
12079 17910 17911 
1 5535 1256 6615
10847 5408 4501 
1 2573 185 8970
8562 17594 5031 
1 1582 5660 9850
5294 12598 6836 
1 1482 1582 8667
5294 4073 8457 
1 5187 2620 7920
10165 15531 10164 
1 6379 436 9325
4127 11111 18288 
1 3600 3233 8135
12938 5920 1826 
1 935 936 3248
3729 5638 3224 
1 7975 7829 9458
11773 15829 15082 
1 5496 337 8575
6941 14961 16818 
1 4537 8553 9313
16775 7910 18267 
1 1473 1509 3263
14343 2941 6389 
1 942 2201 8225
16634 3549 851 
1 3945 3302 6903
377 2197 5227 
1 5972 5895 6663
17934 8412 15345 
1 7376 7043 7737
14457 9876 19048 
1 2666 1342 7362
4725 15424 2516 
1 519 7979 8375
15645 5889 6966 
1 97 222 1747
15826 2252 1736 
1 5120 3533 5480
16104 2119 10034 
1 344 444 583
2827 11656 1125 
1 5011 942 8225
12190 842 9817 
1 4162 647 4851
6439 4743 7341 
1 7491 1607 9185
7590 13451 18014 
1 8114 5291 9303
9266 1816 899 
1 4656 8104 8629
15891 12510 2661 
1 1133 2982 6635
2196 656 13005 
1 3793 345 6793
5228 12834 13314 
1 3122 61 9918
6112 2021 8038 
1 3313 4837 9180
9476 9475 17871 
1 2658 1174 9423
5197 5714 18482 
1 1461 3121 5274
2845 4345 6303 
1 1525 442 4021
18888 272 7873 
1 5926 6830 7504
-5 11612 346 
1 3093 9076 9489
17800 5716 18614 
1 7281 7278 8739
8745 8895 13706 
1 750 5958 9369
8524 12007 3702 
1 2673 2982 4132
269 2196 7409 
1 5530 4519 7598
18795 9933 14897 
1 6835 1326 9354
652 229 17826 
1 5285 3066 6450
3602 10353 9733 
1 6456 4780 7695
2919 19239 3265 
1 9198 7805 9816
8178 18878 6356 
1 1427 5205 5876
15551 7152 3587 
1 7267 6533 7719
4034 17983 15132 
1 4379 777 9060
4957 1724 4103 
1 2848 2215 3029
9907 5960 3585 
1 5317 5217 9422
16933 18480 8987 
1 5 3882 7269
2145 4143 14249 
1 8281 6135 9348
11462 18723 4020 
1 2893 9280 9970
18200 1934 19549 
1 4731 997 9442
9269 14789 18520 
1 3032 4768 9975
16069 19559 5306 
1 2447 7781 9772
18779 11970 1855 
1 8733 8215 9686
16931 10768 13489 
1 1424 200 2131
4016 4163 11328 
1 1532 1493 9183
15801 11529 18009 
1 2324 1446 5005
956 17480 4909 
1 29 4956 5510
15524 10799 7694 
1 6415 5656 6980
13301 9888 10243 
1 3043 2302 9946
13282 8070 10459 
1 390 604 6103
8015 -5 1140 
1 287 4550 8489
8322 9306 13751 
1 5364 828 7642
14304 6534 7031 
1 1580 4331 9979
17901 15499 12957 
1 331 655 5271
2167 5788 3898 
1 680 3729 3773
6686 6875 2665 
1 4604 1020 9200
4445 5490 9583 
1 4924 6348 7146
1116 12440 3127 
1 3889 8114 9303
15909 854 6545 
1 5580 1481 6894
1103 1515 6528 
1 2234 4724 4725
9255 7593 9257 
1 6 1030 4908
13227 6783 6782 
1 1207 3449 8412
13787 16011 8522 
1 2387 323 7263
2768 407 7223 
1 6820 6071 9592
13368 7858 15060 
1 3843 2296 3905
10514 3235 2642 
1 6323 5118 8035
8541 8542 6094 
1 1750 1043 9075
14839 276 15338 
1 4830 7369 7872
15468 5075 1889 
1 1767 6364 8087
2510 15858 12665 
1 3607 7277 8783
11750 1886 1226 
1 6218 7330 7430
6498 18466 2416 
1 8832 5583 9690
1486 954 8765 
1 1560 2002 2362
3546 3547 3632 
1 3713 1327 8440
9624 9523 1295 
1 740 6207 9125
12163 12300 17895 
1 8360 962 8471
3030 16587 5909 
1 6537 2254 8320
5347 16317 6 
1 3065 5614 8273
11004 14350 11003 
1 3058 5467 6215
9545 2370 12179 
1 6111 2571 6402
8543 10 16167 
1 1621 819 9885
3162 6093 454 
1 3667 3841 9477
4324 9418 18590 
1 640 510 5518
17932 10812 324 
1 2194 1492 3292
325 5665 18657 
1 736 483 3255
14174 6705 6373 
1 8658 4302 9263
16982 6372 4216 
1 2972 2577 6023
3887 6435 11804 
1 3530 3297 8106
14792 15895 5856 
1 8381 2741 9611
10087 16033 11136 
1 3861 7749 9001
18915 4849 6976 
1 9584 7047 9639
6242 11614 11224 
1 2438 412 4723
19568 14683 9253 
1 1910 1980 4123
19089 8072 7026 
1 1638 35 6560
9294 562 1240 
1 8654 20 9928
11035 16973 9782 
1 7834 4608 9552
3978 11286 522 
1 5788 1778 6354
7696 11345 13088 
1 4201 8081 9102
15845 11620 10303 
1 2703 3180 6606
18002 5731 12946 
1 6106 5230 6196
1429 6414 1043 
1 4833 5158 6919
-3 398 1253 
1 314 315 4880
13214 17522 86 
1 79 6812 6878
13352 2770 8157 
1 3345 559 8923
3529 8222 15762 
1 1081 7894 9461
12586 9854 7934 
1 2360 5239 9669
10103 10073 18968 
1 5052 5704 6672
13639 2289 1050 
1 6463 2008 6563
8646 8195 12793 
1 6065 6033 8756
14657 1097 12837 
1 5917 4417 8218
12197 1030 241 
1 4659 3614 9010
17278 9866 16065 
1 2733 5891 8333
19064 5346 -4 
1 5583 4100 9690
10942 19009 913 
1 5867 5066 9353
19001 731 15546 
1 1446 2324 2790
887 142 1004 
1 6039 4795 9640
11835 13708 18913 
1 3794 2688 9643
-3 17255 7964 
1 2619 1691 2683
2783 3768 5248 
1 4537 6154 9785
18267 3948 3259 
1 4721 1217 8442
14881 16555 7175 
1 1995 2340 7049
14019 13820 11052 
1 1179 521 7353
14409 14412 12633 
1 2422 3637 6038
6312 11602 11154 
1 7730 7830 9251
15153 15154 4085 
1 5219 1359 7845
9275 14863 15384 
1 7472 4032 8379
14646 16432 15403 
1 934 2816 7998
16994 2841 15682 
1 1459 2401 9781
15662 19190 14561 
1 1130 6206 6949
7753 4574 13623 
1 1476 7757 7828
18966 3199 4819 
1 4324 1854 5631
8469 787 1100 
1 968 5727 9268
2527 11225 1819 
1 3370 3371 5966
8067 8520 6604 
1 2869 3035 5232
2401 14197 8389 
1 3633 3374 6567
7819 7112 6607 
1 8163 4710 9729
16010 10271 4885 
1 7 6910 8410
13544 19035 10703 
1 6341 5154 6639
8132 5824 3727 
1 2647 4065 9722
18697 19073 17887 
1 358 744 9438
19253 18511 10950 
1 7436 6032 8201
12854 14575 16082 
1 3321 4033 6432
46 7895 6669 
1 1875 9823 9858
6719 287 19341 
1 214 3431 9373
14928 10081 5048 
1 4286 3368 9845
6595 8386 17048 
1 1632 4910 7295
9897 826 6949 
1 7148 2919 9818
16078 1750 12037 
1 5592 2147 6945
5735 1244 7909 
1 2923 1469 5557
13054 765 3005 
1 7210 7110 9227
5287 6965 18096 
1 3865 4168 9609
12878 9974 18851 
1 1079 3626 4087
6567 7099 -5 
1 1692 3842 5282
14440 14047 10348 
1 6366 1019 7410
2309 4745 2826 
1 9022 1231 9692
17695 16925 8686 
1 2516 7712 9098
15118 2421 13035 
1 467 7106 9515
13932 13821 13537 
1 7611 4264 8928
5940 17512 14920 
1 1724 4439 5063
238 5057 9921 
1 2806 2950 3580
18236 5772 7012 
1 4265 2555 7661
8351 5908 16865 
1 6115 4547 9085
10225 3897 13819 
1 1446 2790 4806
956 4618 9416 
1 6576 5870 6805
12039 91 6147 
1 2154 1770 2295
4442 2831 4487 
1 25 4235 8440
14044 7272 9523 
1 71 2509 4477
13603 13758 6150 
1 5007 6030 8014
4238 1324 15713 
1 6897 5682 6898
13037 11362 13129 
1 1289 3875 8854
14947 8407 9168 
1 7588 8578 9802
12276 12770 11633 
1 5621 7213 8208
14141 13141 6426 
1 1601 1824 4460
3562 3121 2161 
1 8295 4458 9518
16268 5523 8422 
1 723 1528 2123
3181 5621 596 
1 2168 1027 4657
17719 1986 450 
1 2842 7377 9363
14460 14459 1448 
1 6438 2987 8535
16144 2521 6598 
1 1543 5646 8413
7777 3917 16498 
1 8484 884 8991
2007 17634 2432 
1 3428 1340 9786
8567 5272 19200 
1 1742 2948 6315
2412 17287 385 
1 2193 4522 5919
1890 8859 1891 
1 423 4401 6842
1602 13409 5502 
1 4325 3448 4515
8438 3273 594 
1 2892 1973 9649
16269 4384 3604 
1 529 1846 1941
10537 17835 3792 
1 980 520 2100
1485 3367 14164 
1 4417 4036 8218
3190 6588 951 
1 4244 9305 9306
18251 8310 18253 
1 3602 3601 9733
7461 6305 7442 
1 1515 2225 8582
13287 11729 8608 
1 3435 6935 7443
6227 4104 4741 
1 9353 92 9914
18344 165 18768 
1 2778 1672 4015
18410 4504 11206 
1 1165 1780 5249
11056 10283 8755 
1 5374 5043 7643
12343 15262 9880 
1 4028 4609 8308
7885 1361 16293 
1 3382 695 4818
9297 4522 18455 
1 378 201 2314
12622 4523 10625 
1 3379 8536 8940
7203 6106 17534 
1 2973 6106 6196
12936 941 11963 
1 6126 3799 9884
17958 4386 19392 
1 2086 2908 9889
2696 5688 4207 
1 1116 1879 4150
7734 4201 8125 
1 4752 4233 6881
7470 479 13487 
1 7536 3139 7610
14775 6040 6143 
1 1812 2880 7921
4339 13180 15532 
1 2351 5052 6672
14035 948 11180 
1 4492 3788 7165
8800 8655 47 
1 7879 3377 9451
12776 15450 14307 
1 957 5964 9575
4057 1499 18780 
1 1648 8066 8165
6381 3215 6753 
1 8759 4037 8840
18653 17179 17578 
1 284 3848 6542
6255 12029 7536 
1 8666 8331 8896
739 13215 16338 
1 1773 9242 9342
18126 2176 4416 
1 1087 1803 7483
18111 10277 13177 
1 6485 4855 7741
15583 9080 12708 
1 5934 3155 8139
15720 2361 7468 
1 8862 1900 9893
18671 13651 3712 
1 4508 6478 8006
6636 1064 13598 
1 6478 7008 8006
3149 3150 1063 
1 4366 8233 9378
14449 16386 4796 
1 38 3581 5973
19553 6017 3866 
1 6050 5950 6069
9804 560 7057 
1 3495 1595 4208
18725 3110 4985 
1 5266 6625 9315
4176 10317 -5 
1 2394 664 4594
1895 14474 645 
1 2676 3742 4096
3579 7330 8019 
1 3458 7445 8005
3100 9128 15696 
1 4722 557 6147
15695 6996 12045 
1 22 938 5925
1599 3871 4183 
1 4995 4996 9321
19271 9786 18281 
1 1955 2757 5373
5763 2842 18325 
1 6482 2035 8419
12557 16509 184 
1 9112 560 9267
18003 2042 12413 
1 1794 1355 6972
17432 5467 3498 
1 6052 1606 9587
7762 11860 9129 
1 367 761 1096
788 677 12060 
1 4256 4825 9127
135 7640 16706 
1 96 2607 3595
741 5097 7042 
1 1065 3890 4049
8519 10827 7828 
1 2506 3170 5044
4589 4899 4898 
1 81 780 3403
3636 2 2132 
1 479 4853 6570
9151 5979 3902 
1 5547 2805 9466
9820 18567 7728 
1 633 836 9957
5059 6793 12195 
1 1673 8190 8800
16060 9364 386 
1 534 183 3956
17402 4167 3175 
1 3007 3015 7283
3526 14276 4663 
1 4760 1639 6574
16743 8844 1617 
1 3566 1526 7946
17357 4033 9511 
1 2059 8712 9550
17088 17087 4011 
1 6612 7435 7436
11821 4191 7914 
1 6033 4923 8756
6984 8770 950 
1 4329 1456 8512
6290 10044 5209 
1 915 2602 7279
14264 5088 14269 
1 4324 5631 6722
972 51 5494 
1 6650 5083 9033
1186 17718 3211 
1 3148 3733 6142
2662 7108 7114 
1 3634 1481 5580
6162 900 6916 
1 3092 1127 4817
2726 1666 5423 
1 6190 5631 6710
51 5775 716 
1 2332 1479 8405
2514 6738 4558 
1 715 799 6104
1882 1548 478 
1 2166 4891 9200
9584 14400 5490 
1 1442 6337 8887
17760 17245 17433 
1 2320 110 4323
661 8659 4534 
1 1069 1583 7713
16286 7969 2009 
1 2139 7203 9026
14121 3511 4178 
1 1970 1433 3462
4107 6988 6779 
1 3119 1533 9441
11437 9740 8752 
1 5253 909 6872
10292 13468 8454 
1 4924 4522 6348
4284 1890 898 
1 5025 5279 8741
10342 10341 9007 
1 6523 1340 6689
12783 3717 16 
1 3920 5466 5878
7020 1355 3070 
1 7014 4878 7509
16120 4439 3850 
1 5261 7955 9839
8596 14659 3174 
1 2543 1734 3703
9971 18893 5498 
1 1857 2390 9007
8703 17665 10782 
1 1133 3793 4132
5732 13314 2196 
1 345 344 583
10708 850 12834 
1 80 553 9759
16678 4327 9320 
1 3934 4060 4354
7555 9751 7949 
1 2052 54 9779
19572 19185 6022 
1 975 3484 8990
14010 6161 7700 
1 1114 4543 9319
3847 4831 18277 
1 815 4251 4575
11813 8324 8962 
1 2685 1470 8214
3138 16107 5252 
1 4849 174 7153
9406 1671 532 
1 8063 8943 9042
10580 15380 7351 
1 9470 1218 9557
5953 18576 7326 
1 6581 4491 9324
1387 1492 12847 
1 7016 7155 7208
9783 14026 13077 
1 4070 4338 9350
5503 11294 13014 
1 4432 449 6246
8682 7094 11737 
1 1849 390 6103
4756 891 11958 
1 2689 947 6914
19440 8544 15866 
1 2912 1312 5915
8451 7139 12932 
1 4521 4709 6009
4338 123 11605 
1 9780 6543 9895
10720 18920 7550 
1 387 6572 8975
17923 14158 15183 
1 1616 7400 8987
15271 13253 1214 
1 7419 8480 8581
9036 8360 4277 
1 2950 4008 9297
18237 18235 6898 
1 1621 2136 2505
15558 15158 3162 
1 2615 5858 7903
11053 3141 13389 
1 3152 3424 9917
12322 15664 19454 
1 1665 5373 9135
10528 12242 5152 
1 5872 2443 9623
4774 8179 15304 
1 4722 1606 9959
8108 7762 15695 
1 3457 2483 8101
17031 4853 4739 
1 7829 1166 7948
11773 9746 15247 
1 4675 4834 5065
1498 2200 15077 
1 5661 5168 6257
3606 12261 6338 
1 1170 4871 5706
2270 9543 2169 
1 4872 3014 6119
3385 7121 11049 
1 557 556 7046
19530 13813 6996 
1 1071 1447 4885
16233 9571 1759 
1 7368 5708 8380
4110 13669 14441 
1 6243 3846 9998
16856 13501 12233 
1 4094 604 5904
-5 8015 6742 
1 2036 1989 4120
1781 10508 6755 
1 6871 7427 8784
19380 13315 17230 
1 3064 3164 5614
6116 15957 11004 
1 7345 4766 8230
14450 8346 8345 
1 4000 1981 5525
12841 2064 5137 
1 5748 1544 7467
9600 9598 14637 
1 7293 7865 8307
4726 14297 16291 
1 674 7965 8858
6125 1798 9696 
1 883 2862 4578
-5 7807 2704 
1 5812 2650 7939
26 4648 5183 
1 5471 5917 7111
4821 1954 11595 
1 1741 1206 5491
6027 4880 16039 
1 2761 2331 4192
3233 3413 15633 
1 432 7654 7984
15005 13303 15655 
1 3446 3202 8555
10462 16778 15965 
1 2005 1759 7157
15278 14031 15646 
1 2053 3830 3880
4010 13660 7598 
1 64 3796 9199
9532 15626 12280 
1 2731 4835 8263
15569 5599 8968 
1 351 5104 7750
15593 3375 14006 
1 2163 5083 6650
9960 1101 2034 
1 1649 3521 4221
14939 2878 17717 
1 693 5325 8975
10433 17603 14158 
1 4313 7276 9057
16311 14039 17765 
1 1594 7482 9405
14666 18447 3108 
1 7610 4356 7998
14919 15683 12748 
1 882 3114 8208
5437 6426 3370 
1 2779 5212 5412
5298 10407 10213 
1 5162 6544 9991
12825 19587 14898 
1 197 3358 4946
8905 14677 9691 
1 2550 7660 7885
3143 15017 15463 
1 5550 1775 8878
6878 2725 9769 
1 1961 1966 9796
14482 15243 11653 
1 3796 1945 5128
3800 2234 10051 
1 5346 7779 9663
10139 7730 56 
1 2480 6492 6665
11185 10611 13063 
1 3881 6929 9184
1479 18012 9260 
1 4873 150 6465
202 11086 1743 
1 4267 728 7969
8355 7071 4379 
1 8435 1398 9091
16542 11943 7072 
1 1258 3541 7114
17473 2407 215 
1 2997 1026 5200
12422 10191 1989 
1 932 7167 7301
3315 13213 14313 
1 1670 5677 7734
14798 4194 6666 
1 8720 830 9727
4469 19082 8474 
1 4048 384 5520
4749 10817 10816 
1 771 5439 5997
7284 7005 5060 
1 6197 3866 9536
18118 3574 16975 
1 4506 1616 8987
11808 1146 17626 
1 6863 1701 7692
14294 15078 13450 
1 130 1802 9026
1807 4178 17703 
1 2605 5111 5854
11010 3192 1614 
1 5707 5484 8359
5400 4267 10747 
1 4743 7715 9922
15124 10010 19463 
1 935 3209 4786
3224 6281 17178 
1 6602 6148 8622
5584 517 16229 
1 4998 4119 8534
6689 16737 8065 
1 3325 2890 6307
14885 12360 6512 
1 3209 3248 9532
3224 2523 17574 
1 3568 577 5100
9177 9994 9995 
1 5349 3607 8783
7064 911 17228 
1 16 7696 8219
15087 15171 14641 
1 239 3687 5596
4000 2535 7051 
1 6679 4017 6959
12505 6757 13090 
1 4421 3091 6504
6294 18867 5530 
1 3423 5014 6862
11968 4953 13449 
1 7392 2369 7465
2457 14633 2795 
1 3373 9403 9529
18443 354 18442 
1 6369 2645 8672
6402 2272 9596 
1 2561 4898 7424
3558 5173 10839 
1 4785 2487 5107
683 1787 10009 
1 922 14 2396
9374 4682 4683 
1 1299 636 8135
18699 8331 15950 
1 2883 4099 8454
8489 546 2417 
1 6372 1638 6560
11000 935 12487 
1 8087 3958 9252
15857 3869 12472 
1 4751 5185 6975
12627 192 8878 
1 7902 4368 9642
15496 3634 12129 
1 2147 2692 6945
10095 10960 989 
1 709 4991 5428
390 5328 5432 
1 273 9430 9662
9816 11507 18954 
1 2333 7566 9430
14833 18496 4601 
1 5418 1668 7535
7475 10724 10617 
1 6575 6671 9109
9210 1439 10423 
1 5497 4828 9567
2744 2331 14341 
1 1410 4887 6448
9575 7582 10930 
1 4535 6638 9314
87 18269 3747 
1 491 4833 6919
4009 942 13563 
1 1382 5114 5440
10023 19289 189 
1 7822 175 9823
18417 19273 6719 
1 389 6629 8422
6000 11668 16516 
1 2460 507 3674
6800 4807 18763 
1 2476 1110 8016
7189 15718 4839 
1 4719 4504 6380
17750 8629 9244 
1 66 3292 9654
18658 8828 18940 
1 3127 3755 9891
-3 274 7355 
1 3028 1360 8835
252 2643 17330 
1 7037 1825 8560
13795 5529 13528 
1 4794 644 7991
3280 13615 4218 
1 6848 630 8772
13422 17206 3518 
1 7505 2958 7506
9703 9981 2166 
1 7309 6814 9670
3867 17511 18971 
1 3393 6123 9332
3204 7504 4538 
1 6711 3343 9564
9484 6546 8502 
1 2630 3010 4988
8494 5892 11987 
1 7379 7095 8789
11394 6028 17240 
1 6484 160 8206
12707 6589 3116 
1 3350 8495 8496
16661 3438 16663 
1 5179 1499 9644
10150 19414 13719 
1 6072 3257 6213
11899 3778 2066 
1 878 684 6445
2676 19433 2587 
1 6465 764 9143
17673 12669 1743 
1 2752 4298 8730
11300 8416 17123 
1 2429 662 6364
2509 7389 12867 
1 3823 3073 7374
5801 17153 9684 
1 3323 4027 8964
2682 5458 3830 
1 5324 3766 8573
14496 4294 9421 
1 2654 1851 4876
11305 3578 9554 
1 3909 8709 8809
17082 17274 17275 
1 2543 8915 9016
17487 4973 9971 
1 2208 4901 9724
9602 5578 59 
1 1425 6254 9129
14723 16376 17902 
1 2300 2367 5777
4497 17131 5966 
1 1022 6795 7573
13318 14020 1375 
1 4830 670 7321
1889 9462 1487 
1 4529 970 7447
8873 504 11333 
1 3858 4444 8845
2160 17350 16574 
1 1485 3328 7970
12780 12645 12407 
1 1101 301 9638
292 7185 18909 
1 1331 3713 8440
12578 915 16552 
1 299 4916 6452
13296 2055 7482 
1 1992 4824 6155
769 3891 8492 
1 1737 9574 9575
18781 15255 6298 
1 8674 4402 9877
6297 8701 17125 
1 8120 7597 8905
1993 7721 17467 
1 4087 674 8685
7099 1302 -5 
1 674 516 8685
9696 8002 1301 
1 489 2094 4869
10007 9540 8599 
1 2071 4231 9041
12453 7366 2375 
1 4063 4811 9641
724 8151 11276 
1 7070 3663 8358
13861 356 10178 
1 7652 3351 8949
13505 17477 17979 
1 7351 3658 7451
14012 12173 1878 
1 4899 4900 7467
17280 14636 9211 
1 3630 678 4702
1598 7107 -6 
1 284 6525 8645
7536 12628 13875 
1 779 4774 8724
9352 17111 3267 
1 5507 1049 9675
2573 5885 10674 
1 5395 2261 9712
7673 19052 4199 
1 6302 9568 9914
10940 1702 10030 
1 6336 666 9327
11849 11023 16377 
1 8481 3898 8635
6693 11031 7633 
1 762 5767 7395
10431 10430 8618 
1 7377 6696 9761
7106 9025 16129 
1 1862 780 2475
4979 3636 15765 
1 5820 3412 8679
3119 17024 10098 
1 623 1376 7607
4370 14914 9261 
1 7523 5875 9941
15941 19450 12388 
1 6030 2775 8014
11613 6026 1009 
1 211 256 7760
9789 3989 15213 
1 150 900 7439
11684 768 7599 
1 6714 1397 8816
10928 17292 3553 
1 8242 7260 9671
5148 5139 5933 
1 3349 105 4464
15285 8743 6558 
1 499 627 6962
18581 13648 8973 
1 1735 4214 4410
8648 8251 7860 
1 4320 3678 4420
5744 8460 8662 
1 8001 6895 8268
13515 4451 13493 
1 3051 4772 8638
5391 -6 7840 
1 6054 1545 9308
8116 18256 13044 
1 5723 1228 8804
14428 11247 11363 
1 3759 5439 5798
10659 7284 2371 
1 6700 6699 8804
3198 5082 11247 
1 755 4881 5887
3545 9563 11540 
1 5024 6461 8797
12660 6363 17256 
1 1791 87 4462
15785 10282 6846 
1 1791 5730 8050
18815 1632 15785 
1 5889 3174 6961
17163 11543 6213 
1 2475 81 6441
3636 2132 4838 
1 2934 1841 8242
14082 11296 16164 
1 259 966 4398
11644 18230 3975 
1 8117 751 8415
15916 9110 11600 
1 3464 4700 4863
9208 9207 17418 
1 1799 6132 7426
12015 4900 14557 
1 1046 7513 8184
4428 8716 6280 
1 2617 1521 4544
6741 16135 8903 
1 8188 4400 9828
14740 2909 19251 
1 2739 2533 7335
11517 8156 14379 
1 5328 1588 9917
10439 8424 3095 
1 5466 2103 5878
10712 2003 1119 
1 7203 357 9031
4236 17713 7268 
1 1820 2921 9751
10331 19130 7791 
1 5374 4401 9737
13409 6318 1845 
1 6647 2013 8474
3394 11928 11327 
1 6487 6587 6588
12910 5330 12912 
1 4609 5323 8308
2797 9030 1039 
1 5451 1069 8879
3086 2009 17417 
1 8796 2742 9299
17254 10997 13475 
1 8488 5019 9789
3342 9832 17737 
1 6593 1806 7283
10896 13383 12330 
1 6389 1275 6489
15911 5112 8006 
1 8293 6165 9293
12080 18226 8942 
1 8486 6227 8587
6695 16643 12089 
1 3264 4920 9572
15761 12032 18776 
1 4171 6542 8657
12821 12029 15601 
1 2356 999 6745
11896 3452 3598 
1 408 2106 4535
778 75 707 
1 2915 4186 8663
1500 6117 16992 
1 7390 8184 8918
16048 8716 17492 
1 167 1022 7573
6805 1289 6471 
1 8173 1162 8274
8358 16226 15830 
1 191 1811 4262
4848 8152 3536 
1 1055 3968 7919
7774 258 8153 
1 5102 1207 8163
13788 8784 4885 
1 6262 3784 8962
12620 11457 12270 
1 2349 3298 7670
9905 15037 9882 
1 1334 3044 3582
2152 14392 7016 
1 1804 6391 8620
12525 462 15883 
1 161 5563 8343
12181 12223 16360 
1 2012 129 2765
16253 332 5409 
1 870 2402 4704
-6 4872 14015 
1 4491 6581 8476
1136 17112 10955 
1 1964 5946 7761
2543 12082 11652 
1 5119 7616 8633
9687 3488 10416 
1 1690 2215 2709
10406 5015 10605 
1 2655 2331 6085
11332 3233 4556 
1 4012 3591 6310
7033 279 7017 
1 3337 2528 9453
7032 18541 17677 
1 4427 4993 6160
11542 3055 12071 
1 5408 6605 9764
1942 19157 15095 
1 848 433 9175
19106 5822 10096 
1 2367 8707 8734
17077 13317 17131 
1 833 5255 6057
10295 3073 3731 
1 1627 1262 9839
13191 10308 19304 
1 4928 317 6796
12688 13320 2813 
1 3461 4905 5850
9608 496 8433 
1 2051 5603 8913
-5 17483 9202 
1 3256 364 8726
15997 19167 9282 
1 5566 7859 7945
8665 10909 6569 
1 5350 6258 6716
8773 14725 10790 
1 3524 5055 9106
15038 17859 14136 
1 5462 816 8410
8535 6033 16492 
1 4218 7797 9106
15287 4699 6205 
1 1343 6904 7564
4204 1572 14830 
1 1428 1328 2874
1481 440 5620 
1 861 4219 9273
8261 18180 7382 
1 4219 1154 5363
257 177 823 
1 1709 4525 4551
5171 1899 8916 
1 7166 1680 9541
2755 18266 18717 
1 305 1143 8225
9026 4602 3549 
1 3629 4607 4737
19151 2411 9281 
1 4226 742 9869
9910 11654 3028 
1 5624 3227 9327
206 18308 11023 
1 3952 4128 5459
7261 10306 10697 
1 1417 192 8358
17398 9704 16391 
1 1678 2305 8313
17205 4506 9376 
1 1190 4823 8772
14814 467 9448 
1 230 7200 8839
1627 9286 7096 
1 734 735 1299
6282 18700 411 
1 8499 5959 8914
4977 4960 5267 
1 199 1188 7230
5781 14175 3776 
1 737 1545 6908
1559 8116 6752 
1 8299 6105 9974
5061 16276 11751 
1 5230 6106 6107
941 12937 9589 
1 738 2347 3107
12155 -5 4586 
1 1654 4011 5804
17482 3611 11377 
1 3000 3011 4732
6396 1794 14709 
1 4448 3788 7263
8655 7524 10347 
1 833 807 7207
2806 14128 10295 
1 8808 4346 9447
1866 14003 5157 
1 2081 4624 7744
4316 14672 8187 
1 210 5948 9869
11655 17691 19362 
1 3441 245 7768
16482 4769 19349 
1 9109 6671 9843
1249 19313 16284 
1 6905 6579 8162
6108 12893 17498 
1 5660 5095 7300
8303 11095 9985 
1 6656 2902 9099
8121 13047 10270 
1 3254 6274 7315
16462 9612 7154 
1 4695 1318 4985
3240 9721 9766 
1 5957 2282 8402
19201 12614 -6 
1 7608 2756 8801
-6 14384 17264 
1 137 2355 9386
14834 11423 18409 
1 2842 9363 9958
1018 5559 53 
1 1703 132 5934
15165 6155 11628 
1 5494 1800 9322
18122 18282 12473 
1 8502 316 9628
13726 1950 10253 
1 4594 2344 5301
6392 7329 1664 
1 4587 7204 9036
14123 17723 17164 
1 3396 5432 5537
10645 10644 2735 
1 7990 3579 8384
1547 9035 16245 
1 206 6979 7079
6276 4928 13052 
1 7074 7154 9293
12081 8942 15699 
1 6353 753 9497
6706 18629 13197 
1 836 1139 6223
8100 9929 6793 
1 7664 2180 9161
581 2362 15025 
1 754 5902 9749
16221 13993 218 
1 5319 4686 7035
2640 5161 2979 
1 2568 1815 4893
17346 19533 5020 
1 6770 3249 8157
15373 15358 15994 
1 7557 6720 9625
14816 16700 13884 
1 6983 3178 9900
13690 5489 19424 
1 6729 1526 8849
4033 17357 3245 
1 2143 7285 7637
14281 10402 14972 
1 3366 3007 3754
3526 2111 12717 
1 6597 2357 9530
2155 7962 11701 
1 4749 4750 8489
14023 16649 8914 
1 1879 1930 8568
7735 10311 16804 
1 399 6693 9476
13118 13117 9450 
1 6052 8005 9959
15696 761 7762 
1 2133 7658 8668
15014 9116 5410 
1 1156 2789 5938
5937 9400 12432 
1 2228 1388 4618
5235 1610 6113 
1 2846 2196 7130
5568 8 4069 
1 6929 3881 7439
1202 7599 7600 
1 878 764 1376
12669 5609 2676 
1 1328 1428 4877
1410 9555 8333 
1 9313 4010 9541
2442 16774 7971 
1 8435 9356 9719
7072 9836 8915 
1 1420 1419 1827
1777 3568 10461 
1 520 980 3580
1029 13968 5772 
1 6559 5583 8832
3251 913 5454 
1 202 4830 7321
15467 1290 14352 
1 7009 1486 8256
13739 1496 11683 
1 2273 2566 2858
13917 14743 5592 
1 1710 7096 8540
13913 4790 10297 
1 396 6749 6773
1689 3648 13230 
1 4491 6556 9324
9148 16279 1136 
1 3324 255 9145
6510 101 7571 
1 1337 759 9047
9726 2385 5242 
1 274 1953 9983
18806 19574 14582 
1 1486 4507 8256
2934 17657 1488 
1 6557 5074 6558
559 6339 2767 
1 4675 3967 4834
5597 8672 1157 
1 5964 7731 9575
14696 6298 1053 
1 4186 2915 4440
1373 7093 -4 
1 4048 4411 6648
15329 8641 4749 
1 6737 1614 9784
1607 690 16061 
1 2010 178 3599
3926 2499 6041 
1 8314 5715 8609
18019 1791 16886 
1 4042 7637 8043
9066 10402 15771 
1 7346 5449 7682
14206 4456 14398 
1 147 2982 8498
656 269 13530 
1 6449 5133 6635
-3 5836 5733 
1 6278 2415 7246
4720 14011 8908 
1 8689 7821 9406
17043 7530 8373 
1 3408 84 9702
11342 3810 8252 
1 4336 4727 4824
762 3890 769 
1 8414 7927 8855
6840 6841 7878 
1 8414 538 8725
7878 14949 3577 
1 1481 6205 6894
6162 6722 900 
1 6137 7856 9647
9419 6935 12290 
1 5608 2993 9745
13323 10985 9201 
1 601 4473 7524
14466 5103 8762 
1 5903 3778 8846
766 5032 12994 
1 328 5348 6873
8321 6419 10479 
1 3187 2629 4647
5249 8510 1522 
1 3187 4647 6976
1521 9407 13676 
1 786 3483 8923
4031 6820 8222 
1 2554 8327 9198
16330 8223 4975 
1 2732 2863 7663
11353 5601 5758 
1 4501 7825 8535
9011 5348 16740 
1 2834 4860 7231
3698 9912 14177 
1 4164 4163 7372
2782 7954 14396 
1 4954 817 5717
9901 11205 4340 
1 4277 4953 6562
9705 9709 12860 
1 7102 346 8735
17165 17724 17133 
1 4623 2014 6741
784 9055 805 
1 176 12 9938
-3 9468 2647 
1 8470 7415 9340
7877 12009 3213 
1 2453 6553 7681
7441 4793 15057 
1 1050 4434 9692
9272 19013 8094 
1 3532 3076 6142
4008 2885 12035 
1 3754 1565 4404
2111 12136 2475 
1 1112 7559 8554
14820 1623 12778 
1 1115 4308 4662
18838 2577 9133 
1 4469 2730 9255
725 18152 8943 
1 5162 4943 7374
14898 7503 10116 
1 5155 5239 7249
7013 10654 5447 
1 1698 5877 7649
6974 6973 14051 
1 7352 1869 7847
13319 432 6907 
1 4258 1291 4653
19561 9515 9115 
1 3579 7990 8282
1455 19601 4257 
1 799 369 6104
3844 7394 1107 
1 5594 1832 7926
1775 6570 3576 
1 3918 5616 8099
6886 17049 10482 
1 3911 1161 7533
18703 4268 14769 
1 823 1117 6587
18397 12908 6591 
1 1748 703 2395
13534 3969 12515 
1 3415 2263 9479
2501 18593 12561 
1 9322 6095 9543
18283 8248 13730 
1 6512 6477 6723
3163 12761 13178 
1 774 7000 9674
16274 11686 18979 
1 2866 5971 7949
5218 13228 3091 
1 1545 737 6501
1427 11246 18256 
1 5022 3074 6897
3183 13037 13519 
1 534 3986 9152
10525 14794 2047 
1 6307 149 7989
12359 2306 6169 
1 6093 6866 6965
7981 3448 13655 
1 3587 2551 8665
3837 7025 10296 
1 808 5651 9376
11078 13900 3238 
1 4852 3213 7783
5425 11447 9506 
1 1181 1180 7878
10149 15448 9984 
1 4937 3290 7765
12120 15223 5336 
1 2918 5173 5939
11564 10137 348 
1 3053 993 6942
2321 5976 2678 
1 8746 8199 9254
9137 13768 17154 
1 6904 4707 7564
5673 9221 1409 
1 4707 3618 7464
5673 11715 14631 
1 3618 3538 7122
13533 13963 15203 
1 2751 2379 3289
2137 5381 2297 
1 885 1312 9658
7139 5387 18947 
1 1033 275 1525
-5 16283 2972 
1 1474 4575 6059
8962 11874 1716 
1 1381 7494 7878
4131 9984 9015 
1 6686 3586 9190
4757 18023 5187 
1 3081 5602 7764
97 6662 10981 
1 2221 4567 9725
5435 12392 10765 
1 7721 3143 8770
729 4341 17202 
1 1048 747 6916
14093 13378 8617 
1 682 8225 9761
16130 4602 9025 
1 3593 132 4361
6155 7037 12390 
1 6804 3884 9926
15354 12734 7605 
1 3709 7186 8046
14087 9643 14290 
1 128 7534 8294
14770 3255 11798 
1 2055 640 7463
17933 9616 18533 
1 6429 4318 9850
18728 6836 2685 
1 2891 2953 4628
15754 5455 5022 
1 1940 916 9364
11114 8031 18365 
1 2989 8280 9740
12779 5192 19109 
1 4844 820 9800
5570 1648 18351 
1 1213 2396 7242
17888 4682 13277 
1 1875 3657 8548
14171 16765 15337 
1 22 678 3630
2670 1310 1599 
1 938 22 3630
1074 1598 -6 
1 431 5510 6199
7694 10798 825 
1 1017 890 7134
1970 13127 1971 
1 4401 423 9982
1025 11368 6318 
1 3433 1943 6619
12158 1844 12973 
1 3001 1568 7587
5875 14875 9028 
1 5662 4091 8472
11099 8802 16616 
1 3504 6048 6174
7678 2616 9205 
1 6014 1614 6737
8675 1502 3147 
1 1808 6016 9556
8447 8446 18745 
1 3123 6349 7185
6034 8917 4402 
1 1388 831 4618
3271 9046 1477 
1 2723 4442 7000
4423 772 8623 
1 1577 807 1692
6201 2806 10348 
1 5333 2967 6468
7820 3195 10391 
1 2605 5854 9455
1217 3069 2589 
1 3299 1483 6086
4230 4945 1988 
1 5051 567 8453
13125 12922 16578 
1 3675 4760 6574
11916 1093 19363 
1 3853 3852 7313
7155 14336 13429 
1 836 2587 4137
5059 8099 8100 
1 3810 990 6045
-6 7298 6310 
1 6075 4843 6499
6574 11905 8430 
1 462 838 2613
5902 8627 1624 
1 7559 144 8554
8413 11103 1539 
1 513 462 2613
1921 1622 19108 
1 6178 6129 9899
16611 15253 10378 
1 3560 1305 8818
13266 4447 17296 
1 7200 230 9181
1423 13977 6460 
1 8701 7530 9178
14697 9987 17067 
1 4859 4612 5810
16829 9519 5648 
1 4389 5644 9156
1735 12528 3328 
1 6618 1958 8061
15823 15805 12989 
1 5730 6964 8050
12172 13652 1342 
1 5562 5385 7916
2739 8838 4489 
1 8807 5501 8977
19165 14894 10557 
1 8109 292 8209
7213 15900 9077 
1 2202 2445 2855
5585 15149 5172 
1 6114 1171 9488
11346 6036 11980 
1 3971 2023 6459
4729 10652 -4 
1 4409 1052 9696
2037 16855 19022 
1 1030 3156 5096
1994 18874 6783 
1 697 2189 9882
2743 19387 16246 
1 945 2926 6477
639 12761 1643 
1 5988 945 6477
5199 1642 17994 
1 7223 2527 9971
2820 19551 9656 
1 4152 2892 9819
8775 4166 19265 
1 7704 2830 7742
15102 12836 12030 
1 3435 2065 6933
4741 13388 3985 
1 820 7086 9800
10045 61 1595 
1 1045 1902 5349
14847 10480 8977 
1 4574 2292 8353
10570 5341 822 
1 5376 5476 5564
8910 10729 8170 
1 2124 5089 6000
11223 3889 8566 
1 2648 7828 7855
4819 10710 6683 
1 6066 6474 6734
125 2881 13200 
1 5061 114 9017
3501 11278 17686 
1 6157 3725 7280
8330 4100 14115 
1 3217 923 7000
18783 11686 772 
1 1675 7987 9762
15661 16539 3269 
1 6393 4591 6637
6919 3410 10261 
1 3117 4579 4694
11694 5959 2593 
1 1541 7514 9187
14731 2293 12833 
1 3855 1284 4575
2686 11874 8324 
1 7384 859 9476
3614 18587 13117 
1 3572 4594 5301
645 1452 10385 
1 88 1439 8741
17816 9945 17145 
1 1127 486 4817
4636 2801 1104 
1 2642 874 3190
13715 6243 5038 
1 3035 2649 7241
3479 4413 14197 
1 5494 6882 8215
12473 8691 4308 
1 3701 5573 6058
11944 10922 17250 
1 174 1500 7153
2260 9304 1133 
1 2474 3132 5547
9950 6129 7728 
1 5079 3268 7636
16306 9948 6399 
1 3936 3789 9052
7614 17756 2518 
1 1314 8076 9658
2759 13098 16714 
1 219 1021 2831
11492 4222 7609 
1 6139 2406 8657
6937 15601 12820 
1 3323 6245 6345
12042 16209 2682 
1 4238 3399 9370
6480 6214 6658 
1 5203 5267 9468
692 10196 7062 
1 2647 5782 9531
5591 14628 18697 
1 4526 6971 9166
8867 8866 12577 
1 69 1671 9188
16022 8516 3873 
1 2681 1074 5787
16521 6580 11344 
1 5129 2303 6174
10052 10053 18631 
1 2930 2246 7244
13004 5254 4877 
1 2686 5464 7244
18358 4877 14203 
1 6645 2484 8645
7046 16955 12786 
1 396 1130 6749
2532 4575 1491 
1 1001 5442 6605
10664 18759 1942 
1 2646 45 9066
18559 7412 6496 
1 2876 997 9994
14789 13467 6024 
1 6029 7544 9442
11815 624 5658 
1 1718 4347 5785
15064 7961 11340 
1 2260 3046 6930
16009 4417 13585 
1 4690 5990 6246
11738 8683 2347 
1 3529 54 9982
19185 19572 11368 
1 1078 4359 4941
429 8538 9681 
1 3951 1520 8983
10849 8537 17618 
1 4336 1061 6784
2092 13295 2242 
1 6445 173 7994
19432 8255 2586 
1 9568 984 9914
5430 19448 1315 
1 1169 6694 8431
13693 1909 5431 
1 8100 8620 8719
16710 16907 10235 
1 1186 8204 9217
2480 2303 16088 
1 265 881 2594
1893 17606 2215 
1 4719 2759 9049
10494 9023 17750 
1 5070 2597 5714
12991 9344 17886 
1 5718 3045 5817
8441 17175 5301 
1 1193 3539 8623
15227 16914 9224 
1 1712 8396 9392
16464 18420 2038 
1 409 4677 7816
9163 3918 15326 
1 5417 545 7991
11125 15668 4332 
1 865 5252 7167
16641 13213 11519 
1 5149 2849 6260
10091 9843 8068 
1 5683 1474 6059
16340 1578 4354 
1 785 554 3128
3982 6123 16972 
1 2671 5141 8722
10076 9521 17107 
1 6021 2668 7975
4211 11799 11800 
1 7275 752 8007
14261 5967 7063 
1 7976 5168 9928
15640 3606 19475 
1 733 5880 6620
530 10488 3607 
1 2040 890 7336
17770 12958 14381 
1 777 767 9060
3114 1762 875 
1 4290 6665 8359
13064 10747 16393 
1 31 4974 7226
368 12308 4134 
1 485 1333 6060
4510 493 7361 
1 3555 1116 8612
18385 8125 16892 
1 7963 1086 9107
7591 15614 8328 
1 6546 2190 9513
5982 18661 4825 
1 7629 6933 8053
3985 14656 13590 
1 1294 7724 7823
15142 704 15340 
1 5390 5290 9876
19537 9408 5125 
1 5490 3218 6428
10759 4109 6986 
1 5644 4389 7496
1630 5693 10302 
1 1253 97 1747
17956 848 13008 
1 4370 3788 7063
7524 8800 2565 
1 3304 667 4178
6807 13272 8181 
1 8032 6076 9886
17842 13094 15792 
1 2224 5682 7846
7197 9839 813 
1 4293 9398 9862
18432 5975 6088 
1 2595 7463 9531
13916 5177 5017 
1 4873 6465 9143
1203 1277 4286 
1 2774 9132 9875
17909 16182 3057 
1 2936 3379 4983
7203 6186 9762 
1 8137 4353 8157
6360 2970 4583 
1 2469 7176 9513
14355 4825 7580 
1 1301 2604 3486
13815 10888 6825 
1 524 5477 8482
10734 9323 14246 
1 2919 5445 9818
10671 2146 988 
1 7522 3935 8988
14890 14747 17629 
1 804 3768 5031
7380 7639 3207 
1 8776 4104 9667
11969 17214 7061 
1 3753 1828 8740
8282 2711 17143 
1 2575 3331 8404
17336 16479 5564 
1 7185 1796 7929
8917 2695 4541 
1 5483 606 7481
5753 6890 14665 
1 6555 454 7072
9280 12395 18085 
1 1852 1071 4885
16637 1162 14094 
1 4739 1122 9478
16630 5896 14570 
1 5032 1535 9771
16755 8043 9859 
1 767 2212 9060
13594 4323 1724 
1 5310 4033 7285
7526 46 14281 
1 6080 5980 9508
8591 18651 2078 
1 911 4617 7489
16619 11914 10754 
1 8841 2027 8919
17342 2147 615 
1 3882 2919 5178
10671 17028 3022 
1 2204 3646 5313
15027 4307 8563 
1 1108 325 7075
17493 13870 12931 
1 1310 2186 2366
4983 2544 6921 
1 4926 4509 9296
2928 18232 5825 
1 3059 3226 8068
15816 16015 31 
1 4222 3693 6583
8291 14872 7232 
1 2569 2788 4475
14243 17324 8030 
1 5434 1832 5594
15139 1549 8313 
1 8152 3421 8895
4604 9 10411 
1 1419 1420 2241
1484 12345 2764 
1 4211 5108 9395
11898 428 18426 
1 1603 9618 9700
19400 11319 19028 
1 430 3154 8266
10633 7942 16211 
1 1989 2036 3770
1166 7182 10758 
1 5294 1434 8318
10371 4228 9765 
1 7967 7970 9538
2754 12645 13347 
1 95 4617 8544
11914 2772 11717 
1 6781 2250 9325
6956 4396 12502 
1 9336 670 9638
9462 18309 505 
1 2487 23 5107
11996 14199 1236 
1 7895 405 9472
18182 18377 283 
1 8017 188 9576
-4 18595 186 
1 3765 2695 3896
8141 9412 4233 
1 5715 7576 8609
3369 199 1504 
1 3813 2650 6851
2901 9875 7467 
1 620 2609 5113
6842 10020 105 
1 3011 457 4732
5895 9270 1432 
1 9079 5543 9693
17807 11926 627 
1 50 5128 8044
4205 2234 15773 
1 1768 5623 9513
11021 7580 11299 
1 8858 7965 9506
1173 18450 14358 
1 5075 1321 5446
8848 10672 8264 
1 2793 194 4972
5745 4766 7773 
1 5925 6585 7773
234 18660 4183 
1 3800 1981 6553
2440 12841 7441 
1 5753 2307 8439
15484 7557 11647 
1 2893 2783 4980
19549 9756 18200 
1 5314 1769 7932
8965 12281 1806 
1 1732 5314 7932
12530 1805 10410 
1 1802 130 6848
1216 13422 15257 
1 5543 5343 9865
13642 19354 11926 
1 2916 2816 6011
5115 5509 13236 
1 2638 69 6505
16023 1896 7375 
1 4430 1652 8481
8679 533 7633 
1 3066 353 6523
11726 6002 16 
1 3456 2952 7417
205 6767 11032 
1 8960 636 9532
17575 18699 16579 
1 5092 1540 8690
14418 6821 9621 
1 5291 7570 9303
14842 11117 854 
1 3398 2376 3499
12964 12977 2125 
1 6722 9094 9642
8555 12129 5494 
1 3933 968 9268
11419 973 3061 
1 5312 3243 8972
11946 10604 3299 
1 901 909 7458
13468 2986 14620 
1 1573 2120 6118
5106 10464 11988 
1 5341 6242 7006
4703 3066 13734 
1 4838 9064 9360
17778 9678 10707 
1 1344 731 3629
2076 486 9281 
1 4334 3600 8135
7050 836 8331 
1 239 4043 8517
7915 18847 4000 
1 5648 5649 8048
16108 1850 15781 
1 2685 3184 5015
6233 2863 3138 
1 4147 5306 9039
8249 10394 6132 
1 334 3804 9686
10809 17128 11500 
1 8517 946 9323
18846 16705 7221 
1 2656 1209 9580
-3 18792 11145 
1 7908 366 8244
15508 10984 12547 
1 2703 368 4614
12946 3797 2793 
1 429 5093 8928
14135 15461 17512 
1 5718 2937 7380
5301 14465 795 
1 3264 2780 8038
18776 13337 15761 
1 6997 5540 7044
6622 5721 13718 
1 1237 729 7851
12642 6011 6600 
1 1485 7474 8283
14651 5759 7074 
1 3740 1622 9758
7325 14204 5200 
1 9470 5836 9579
7326 12882 5953 
1 1943 5805 6619
11379 6723 1603 
1 3356 5374 9737
8147 1358 19103 
1 3910 1717 6205
3001 3580 5928 
1 953 3232 5805
16401 19012 11379 
1 250 4518 8961
12439 17576 9527 
1 5131 4761 7033
423 3071 8523 
1 5649 2856 8048
14698 3980 1828 
1 1888 4470 7668
5678 15033 10766 
1 6725 7725 8342
18684 11046 8429 
1 124 4580 4733
15479 8882 9273 
1 672 6410 9479
12562 8981 11311 
1 6061 2447 9772
18978 883 3759 
1 4481 1498 7667
12743 3020 15032 
1 3412 4146 5731
8458 8118 2056 
1 5256 2451 7480
4432 14662 3652 
1 5114 3792 9831
2158 11140 19289 
1 2896 7387 9002
14480 2895 506 
1 686 772 6388
10935 12518 10832 
1 5470 815 9895
7549 7550 19413 
1 1388 5389 5900
5709 8961 3271 
1 8570 7650 8949
6562 17553 7163 
1 6133 9490 9799
16983 15296 18083 
1 7265 4346 8808
14241 1435 17277 
1 1121 4130 7883
18987 3480 11876 
1 2503 7996 8020
4959 14884 15725 
1 7770 5059 8770
15234 10305 9915 
1 7017 5534 9473
9672 350 6948 
1 5520 2584 8316
3883 18314 10816 
1 6408 5992 9069
13145 12703 3974 
1 2058 2178 2326
15341 11858 4255 
1 1522 1106 1623
3567 8889 2870 
1 9683 9413 9839
8609 3174 10308 
1 5556 2114 6577
11413 10889 18487 
1 2979 5027 5883
4830 653 13710 
1 521 7351 7451
14409 1308 14606 
1 503 6396 9695
19140 16575 14601 
1 5782 1347 7369
5074 5075 14444 
1 768 868 7888
12631 17977 9463 
1 799 715 4245
1107 570 19128 
1 3256 2697 8158
6191 2788 15997 
1 4248 4832 6269
14525 1975 9467 
1 2113 1019 9288
4745 6477 12869 
1 7277 915 8783
14264 10481 911 
1 3136 5241 9116
10267 17878 14024 
1 922 5518 6668
3087 9375 9374 
1 670 4830 7872
1290 909 15437 
1 4522 2193 6348
1024 12441 1116 
1 2193 5919 6842
1024 5502 492 
1 1612 4810 9929
9623 19476 3566 
1 881 265 9487
1706 18609 17413 
1 2206 3553 5767
2437 4678 10431 
1 664 2394 2789
1070 6958 5457 
1 6505 69 6706
1810 13144 2539 
1 5824 1917 7475
12028 16610 14653 
1 1522 766 9091
2870 17831 4752 
1 4551 4525 4865
1413 3383 3117 
1 106 6430 8385
5482 5056 16444 
1 1724 520 9297
3367 6898 238 
1 2009 2093 7943
12245 740 18706 
1 3405 511 7541
6668 8612 14785 
1 1124 2308 4030
12335 7889 2178 
1 6238 8364 9498
12334 5479 4196 
1 2515 612 3738
18404 4065 2149 
1 4735 6384 8676
555 12511 3153 
1 6498 5046 9568
13019 5430 18769 
1 8431 6694 8432
1703 13119 16336 
1 6211 4887 8398
7582 12170 16259 
1 1985 6420 7201
-6 8115 14234 
1 3216 3203 4706
8011 6296 9219 
1 8914 342 9137
18264 8085 4661 
1 4558 960 9511
9548 6446 2427 
1 9143 5655 9511
17931 8928 6446 
1 5952 689 7196
11382 14106 11662 
1 6599 5956 8996
3109 8403 10567 
1 6564 5534 7765
9447 9672 15224 
1 3569 6799 8335
13326 14262 16345 
1 537 3224 3425
7053 6311 6708 
1 462 513 8115
1624 9090 15912 
1 5652 5415 5784
11147 4555 7712 
1 9832 2135 9978
4171 3307 158 
1 4121 2728 4581
738 2159 14133 
1 1198 593 6572
15330 10432 17922 
1 7222 3548 8975
32 15183 12880 
1 8935 1104 8945
4687 18054 7754 
1 4397 2555 5248
10130 8613 3497 
1 3780 8814 8815
7078 17289 8957 
1 6359 7258 8519
14230 2399 12757 
1 2229 157 8675
2097 17015 7168 
1 6314 4376 6413
12374 8572 3371 
1 3278 4335 9894
18627 626 19412 
1 9280 9878 9970
14790 14558 880 
1 4476 5703 9236
6985 11177 416 
1 5667 5705 8834
50 17327 14070 
1 2356 5004 6070
9803 15984 11896 
1 4577 7932 8895
15554 1965 9 
1 967 4307 6854
8435 11326 3167 
1 6409 1234 9781
13482 4692 7831 
1 5267 3240 6156
8035 4903 10318 
1 5408 1001 6605
10635 1690 1395 
1 5099 6771 8810
415 14353 3658 
1 6259 2794 8479
12264 7448 4863 
1 158 4206 7766
8432 7254 15226 
1 1113 4072 5455
10487 12974 7973 
1 889 4167 8593
13241 5044 3056 
1 4839 230 9688
9479 13949 9287 
1 7129 840 7412
5583 14270 2348 
1 316 2666 9628
553 18889 1451 
1 2343 8607 9492
16882 14429 9435 
1 1273 5204 6625
8724 9410 4176 
1 6763 4912 7158
8751 9622 13496 
1 5917 4890 7111
241 12204 1176 
1 7125 7225 7373
453 9079 14452 
1 5802 361 9480
7688 4528 13586 
1 7603 3801 9586
16646 13103 18805 
1 906 3701 9038
10923 7247 17727 
1 148 875 6930
5963 2328 16042 
1 6930 2659 8181
4417 3428 16042 
1 3632 172 3973
13511 7111 2899 
1 1593 5927 9029
18911 3062 17709 
1 3720 5195 9822
3447 9988 19270 
1 6771 792 8824
10374 17307 14353 
1 7932 2152 8895
12281 17447 1938 
1 1014 1679 7311
13222 617 14332 
1 168 268 3802
13981 7445 117 
1 6765 402 9027
7194 7384 7385 
1 9282 4662 9450
14883 9529 9708 
1 890 1017 6612
1601 12192 12958 
1 6698 1017 7134
11561 1601 13987 
1 5602 4429 6367
8320 8677 5793 
1 1018 1959 3482
4971 3786 5368 
1 7363 6867 9795
14432 13458 19218 
1 4832 2113 6269
11624 12285 1884 
1 6019 3414 9101
17302 11796 5946 
1 2706 2678 2807
3374 6216 5491 
1 1698 420 7479
14051 14660 2738 
1 2161 6968 9711
403 7499 3919 
1 3818 3476 5174
17866 3715 10140 
1 7371 5033 8428
14058 14447 10268 
1 2053 1023 4833
7598 -3 4009 
1 6250 1882 7274
12247 7965 2687 
1 5161 90 9973
10114 19555 18202 
1 7222 1729 7936
12880 14159 7513 
1 1027 1026 4657
10191 12423 1017 
1 979 4525 9362
3383 5171 4152 
1 1134 3299 6086
18006 1615 11927 
1 1709 2997 5200
8916 1207 2441 
1 5929 1211 9321
13446 5826 4182 
1 3384 4257 4305
11105 8336 12735 
1 7768 2486 7999
4769 3035 15685 
1 7597 8120 9007
1300 14895 8296 
1 3156 1030 6748
1640 15588 6177 
1 8773 8562 9804
9939 19236 10948 
1 6898 6651 6999
11362 11138 13036 
1 692 611 1704
3575 2013 7006 
1 6334 2747 9112
16822 18004 5897 
1 6011 1982 6752
11779 5374 13236 
1 8502 8303 8937
10253 16680 13726 
1 1354 3526 3902
11546 11452 5547 
1 8477 5422 8750
12963 374 11544 
1 2103 1903 5878
2207 9176 1355 
1 1575 3147 5878
2418 11521 9176 
1 6630 6569 7324
248 12874 14357 
1 4081 726 4797
7553 9399 6885 
1 2006 884 8484
6896 1021 451 
1 5851 1302 9003
11467 17658 4587 
1 1069 7713 8879
1111 11156 1362 
1 2813 876 8641
3581 16948 16105 
1 77 8729 9024
17122 9118 17700 
1 8229 781 9583
16138 13018 9043 
1 611 1040 1704
763 12152 1997 
1 2277 4546 7201
3766 3197 14117 
1 7751 6221 9430
4561 11507 18496 
1 440 6758 9061
13246 14461 12367 
1 2531 3567 9962
18113 3411 9891 
1 1603 200 9888
19028 4016 19400 
1 2451 1430 5587
6376 11735 10951 
1 7242 7569 8566
3416 15656 13277 
1 61 1911 9918
10223 19456 858 
1 3167 3609 7243
2634 14200 7455 
1 6874 6981 6982
2998 14080 13688 
1 7071 277 7171
13863 4224 13859 
1 4113 4754 6519
13995 9315 9536 
1 5514 9856 9857
19337 715 2967 
1 907 3016 9673
15235 18976 10163 
1 328 3638 3679
7399 11570 7205 
1 1452 447 6793
2455 13313 7428 
1 4399 4809 8573
8018 2454 4294 
1 1792 1442 1794
17759 17433 3503 
1 1836 4884 5110
9570 261 10015 
1 1274 8828 9961
8874 4066 19535 
1 1247 2163 6650
4227 1186 9427 
1 8585 225 8907
16838 11991 17471 
1 6395 5139 8306
566 4068 10072 
1 1052 4409 9566
1639 18429 8486 
1 8556 1712 9392
16781 1711 17595 
1 9050 2341 9559
17751 9517 18751 
1 9460 9459 9559
722 8721 3169 
1 163 1174 5845
10332 5197 330 
1 560 1032 9267
11795 18983 1078 
1 4720 1251 8172
9247 3559 10777 
1 7515 8493 9420
7788 7781 7775 
1 6231 6676 8003
2674 3793 3164 
1 5482 2398 6007
10957 11771 7245 
1 8872 534 9152
17402 1561 14793 
1 3330 6397 6869
12537 6519 12061 
1 1972 4071 8325
18716 3854 2761 
1 2841 5336 7548
5558 2762 11129 
1 872 7697 8964
15088 17848 5458 
1 7788 1059 9212
13273 16571 17954 
1 8874 7240 9847
4261 7987 19321 
1 1073 5010 9975
9814 6324 3038 
1 4916 671 6452
9451 3031 1296 
1 1556 3412 5731
17024 1857 8117 
1 3763 5657 6864
9918 11089 3767 
1 4148 8596 9278
41 4789 13453 
1 3488 5576 8634
5519 16935 3034 
1 3006 1931 5076
3772 5884 4569 
1 4197 3509 9835
17786 3819 80 
1 2158 745 8715
5969 15498 8354 
1 857 8372 9778
16417 10607 19184 
1 1981 4155 5525
6850 7834 1170 
1 3257 3308 3792
16750 2921 7427 
1 5776 6072 6213
103 1275 12175 
1 7146 793 7873
12440 5870 9646 
1 5043 6298 7784
12343 9189 15262 
1 6887 6176 9073
12101 12445 12100 
1 5174 5234 6877
3715 10254 6806 
1 7819 3721 8857
15332 17372 4418 
1 3165 5762 9350
11295 7968 18338 
1 5235 5218 8817
500 17294 -5 
1 3505 6210 9582
7255 16887 18796 
1 4737 26 6204
2612 13967 12157 
1 731 1344 8483
1825 12845 16638 
1 7579 1754 9526
14860 2866 3812 
1 911 6080 9508
12109 1764 16619 
1 1056 8085 9646
15853 10784 18063 
1 1865 2578 7145
15416 8996 14008 
1 4992 2880 8425
5029 4339 16522 
1 5026 2751 6598
2137 11591 9846 
1 5891 3916 6390
19261 15008 4969 
1 4788 5918 9824
19331 10157 13776 
1 115 7684 8340
4564 10003 12806 
1 1020 3241 3896
5466 4233 7630 
1 7342 3794 8259
-3 2088 4619 
1 3794 190 8259
7964 17462 2087 
1 4973 4142 7583
10450 2094 14867 
1 493 4312 7471
8445 14644 9666 
1 3626 5090 7965
4098 4252 6125 
1 1061 4336 8606
1700 2851 320 
1 7935 3269 8603
14289 16873 3597 
1 4142 3900 7583
15144 6552 2089 
1 229 7894 9070
9854 12586 12914 
1 6601 2973 7817
12936 9402 13370 
1 157 2229 8616
1931 11634 11902 
1 2566 7993 9449
15672 14629 14743 
1 7906 1455 9144
18862 9627 2578 
1 542 1502 4697
10366 5628 4006 
1 2709 3988 7349
13038 17225 9935 
1 6437 8500 8600
16671 3713 6796 
1 3109 9416 9516
6087 3583 5068 
1 4253 6360 9317
17034 18050 18273 
1 2494 3829 9739
5823 4874 2365 
1 8630 6046 8992
16928 6361 18400 
1 6608 1088 9755
12950 6744 4517 
1 1507 3230 9942
6323 19500 15259 
1 3024 119 6311
3456 18038 12368 
1 3418 8635 9197
16938 687 8343 
1 3007 1565 3754
12527 1538 1469 
1 1657 2655 6159
3412 4556 12069 
1 5826 2316 9639
12889 11224 18910 
1 6727 7402 8710
9105 13578 11229 
1 712 1601 8230
3537 16139 15724 
1 2955 5136 9189
4892 10066 4893 
1 6674 675 9051
422 17036 17754 
1 2660 4202 5558
8607 5862 10893 
1 5480 3533 7589
849 10739 2730 
1 2131 1738 5779
9044 13028 11328 
1 4249 6738 8027
5829 14314 19411 
1 3679 1047 6827
7240 9228 6815 
1 661 561 6703
14583 19575 483 
1 790 4997 7048
-3 8986 8985 
1 2760 3398 3499
3930 1817 195 
1 3301 3224 6141
6311 6464 3875 
1 2240 5262 5758
7262 3171 9924 
1 4493 5662 7294
11100 6635 12694 
1 3772 6063 6162
2825 5598 12075 
1 1451 2961 3691
8319 2563 7228 
1 1100 3553 5938
6626 2437 9400 
1 81 3403 6441
1086 5996 1344 
1 4478 821 6960
17539 39 9617 
1 9121 7985 9141
3146 15436 7959 
1 688 2849 3349
9843 2656 8069 
1 5939 809 7796
9673 2693 42 
1 2379 2751 5026
1575 2082 5696 
1 3497 6400 7733
8352 18961 13780 
1 9342 8181 9758
18322 3428 14204 
1 7282 3775 8525
8842 256 4484 
1 6978 1751 8015
6335 7275 5853 
1 3085 2819 3599
11666 3533 7049 
1 3976 581 9182
2940 11566 11358 
1 2777 6295 7075
5329 12931 9847 
1 3882 5 5445
878 10835 10671 
1 5445 4564 9818
10834 7602 1750 
1 2027 325 8919
13870 17493 1766 
1 3338 3937 7500
16212 7710 9677 
1 2515 3738 7485
1906 10452 7127 
1 4944 2298 7616
17508 14929 9687 
1 7055 2504 8252
13108 13109 2224 
1 3044 1334 5238
1382 8603 4244 
1 1705 3179 8071
11064 7742 6222 
1 5561 5526 5688
10829 5401 6299 
1 1337 2357 6597
17935 1470 9726 
1 1113 1672 5353
2261 2406 10487 
1 1135 1004 5555
10693 357 10887 
1 1929 3792 5114
7427 1859 10023 
1 2728 499 4581
3272 8973 1924 
1 4444 3858 6317
1292 8705 4629 
1 552 1601 4460
16139 1014 17382 
1 6404 544 8612
4477 16891 6961 
1 1460 4687 7313
9354 8123 7546 
1 2395 1090 2725
3969 751 5311 
1 6988 6840 7278
11850 8894 14267 
1 4952 7505 7506
14713 1266 14715 
1 655 331 5073
895 5789 15301 
1 3058 8578 9439
16824 12276 4733 
1 724 1170 5706
11376 1159 11184 
1 1827 439 4071
3568 3854 7852 
1 6253 2226 9348
17518 12253 12252 
1 7386 4302 7883
2307 10438 3480 
1 1188 920 1588
5780 8424 3096 
1 3913 365 6972
15920 9085 7661 
1 1044 2794 8792
12165 2635 13667 
1 9242 148 9342
5963 18322 1058 
1 1629 7867 9652
3200 7082 15680 
1 3727 1124 4030
18434 1904 6454 
1 6508 6120 9714
169 12752 6455 
1 4075 6729 8095
13387 7979 15873 
1 6923 916 9415
17080 11114 14564 
1 3716 8882 8901
17423 8396 17460 
1 2122 8503 9753
16676 16677 13661 
1 4960 1643 8712
9719 17087 10221 
1 6677 2979 6993
17785 13710 15694 
1 7957 2381 9821
15604 12962 14873 
1 4979 1795 7793
4717 9753 15280 
1 2184 5023 5048
10752 10899 5126 
1 6663 3759 9262
10659 2371 16967 
1 6836 6417 6845
7693 12575 13024 
1 3598 1130 8450
7753 2532 3649 
1 4266 3966 6288
6794 9445 12323 
1 3547 7550 8618
7335 14843 10210 
1 17 796 5642
12457 13212 6492 
1 6544 5155 9601
12824 10074 19587 
1 2982 1133 4132
856 1124 867 
1 3302 2417 6903
6467 14707 843 
1 3725 2099 7129
8183 5583 4100 
1 1027 9034 9110
17719 3519 9449 
1 4834 3990 5065
11293 264 1157 
1 5071 5358 5457
10501 6152 6258 
1 5023 5226 5561
8400 10829 10899 
1 5226 5486 5526
9840 10751 10829 
1 2245 8942 9359
12004 8772 2213 
1 3492 4056 6779
3084 12327 10227 
1 2696 1041 3710
4301 3223 19199 
1 1903 2103 3790
2003 9558 7423 
1 5961 3416 7980
16738 11679 6537 
1 1534 2450 4138
17126 4788 19526 
1 8487 2865 9666
-6 62 5398 
1 434 9014 9710
17680 5202 17679 
1 21 5786 9359
8771 18356 8772 
1 9157 2245 9359
17959 2204 3962 
1 5909 2746 9929
3144 15347 7846 
1 2219 265 2594
15717 1706 8825 
1 1242 3537 4737
442 2424 2411 
1 2952 3147 7233
11521 2418 9810 
1 8464 818 9386
16599 7043 4448 
1 4399 3766 9465
4294 7376 8018 
1 6590 123 9096
12916 17840 4740 
1 5666 1993 5733
12130 11107 11240 
1 8584 9126 9244
10101 14654 13781 
1 1977 4729 9562
11646 18757 13466 
1 2151 7055 8252
13831 2151 16183 
1 7660 9328 9487
18294 4203 15017 
1 1530 2198 7405
810 2621 14515 
1 1353 4589 4716
8777 8990 9239 
1 4517 4359 5030
2463 429 9855 
1 4184 3277 8104
8687 12510 6416 
1 2196 1450 9978
5568 16760 19290 
1 2086 1784 3781
16999 14085 2696 
1 4770 1781 6411
12554 6119 12564 
1 2107 2662 7579
9542 5205 3812 
1 5128 1945 8044
1199 2377 1796 
1 4796 2284 9842
12344 6168 8966 
1 3344 1153 7183
5627 7 5575 
1 1926 2064 5373
17110 18326 10528 
1 6297 484 7981
3492 12341 15528 
1 8963 3974 9808
16024 12569 19244 
1 1338 1155 9350
2346 18337 11294 
1 2512 7308 7819
16570 7087 15502 
1 6421 4336 6784
762 1700 11232 
1 5722 1156 6344
5937 12432 4712 
1 1351 2690 7795
6990 712 2980 
1 2901 829 8970
16514 -6 17594 
1 1721 3018 3736
16582 16385 4995 
1 6622 962 9196
7953 3030 7331 
1 1414 1552 3513
8863 15119 224 
1 3617 1505 9367
11994 67 17849 
1 3531 3077 6794
3471 10162 13316 
1 5154 4002 5894
7219 11645 5706 
1 1747 222 8240
848 16159 9768 
1 5180 3962 5280
10152 10151 19520 
1 8264 5039 8272
6315 16222 16026 
1 5429 2278 7901
8921 8708 12279 
1 2176 7325 9506
19042 9975 18450 
1 3409 673 8221
-5 5860 6676 
1 6406 1871 9526
17146 12917 4115 
1 6918 5976 9230
13561 11705 18102 
1 1500 174 5493
1671 10286 19079 
1 1672 1113 3831
2156 7502 4504 
1 5472 7778 8508
15250 15249 11719 
1 438 6470 8173
16207 12678 6651 
1 404 4867 4950
2629 19153 9699 
1 7529 8980 9462
14761 9033 12317 
1 8355 1684 8599
8573 16581 7904 
1 8155 1684 9023
15159 8573 6278 
1 8330 8329 8429
3630 694 16530 
1 2697 1039 8729
14090 17509 17122 
1 4871 1170 5906
1159 11576 3015 
1 5710 8782 9809
17226 14404 19246 
1 2645 2855 8672
5172 4778 1234 
1 8417 2561 9190
16506 3828 13105 
1 207 2133 9819
15014 17440 340 
1 908 2118 8024
2622 15732 13329 
1 1921 616 2740
17980 666 128 
1 1173 3732 6191
3660 28 12132 
1 2735 1505 3518
14211 11993 5349 
1 1287 1054 2010
5705 3926 5510 
1 1620 3244 6225
12608 12198 5921 
1 8033 3883 8924
15750 9420 15303 
1 6423 4580 9070
6046 15479 17789 
1 6097 5421 7007
10622 13736 6615 
1 8004 6726 9426
4829 11948 13183 
1 3933 2471 6577
13709 18488 11419 
1 6704 4397 8150
16768 3497 15981 
1 1249 3771 8350
10057 12979 12978 
1 6078 7451 7551
14606 308 14804 
1 6672 5704 7208
948 14130 13834 
1 7300 2115 9194
14311 172 4387 
1 7480 6998 9644
293 13719 18921 
1 5606 1908 6429
10988 8131 2685 
1 9187 7514 9615
1661 15503 12832 
1 3684 3588 8886
14096 8808 14137 
1 3864 727 7899
10334 8807 15489 
1 7665 5428 8442
9363 5328 9777 
1 1183 2751 3289
11591 1575 6441 
1 8268 6884 9787
16215 15887 11672 
1 1901 3093 7251
17800 18614 14217 
1 4272 4271 5192
7191 8753 10175 
1 7575 1781 8742
6174 12554 7345 
1 844 3749 4282
13168 18255 6076 
1 8204 320 9217
631 17950 1705 
1 4016 3705 5218
7863 7645 15841 
1 365 3514 3728
2572 2550 797 
1 149 3470 7989
17093 19455 1562 
1 5328 4302 7386
6372 2172 7931 
1 7291 3442 7678
14292 9559 17916 
1 266 1019 6366
6477 995 141 
1 5647 246 8758
11256 9377 412 
1 4179 632 8588
10491 3276 16844 
1 1996 7504 7505
14711 14710 14713 
1 2990 4433 7831
16703 19115 4549 
1 8186 1694 9210
2315 5767 2824 
1 1694 8186 9633
2314 5063 11697 
1 2004 7767 7803
5246 2710 208 
1 5922 1390 8999
2703 11604 6773 
1 8399 4080 9285
4588 688 12402 
1 6685 1194 9586
15749 18804 14907 
1 1260 1195 6018
12131 11793 3075 
1 993 3053 4689
1570 9187 3753 
1 1435 4952 8375
14318 15644 14518 
1 4321 4925 9128
15510 11606 9648 
1 7296 1425 8695
6375 5285 16932 
1 9421 9521 9522
632 8287 3824 
1 3608 5191 9139
7065 4750 12879 
1 395 3608 5887
7065 12879 9563 
1 875 803 6930
18894 13584 1959 
1 131 6376 8838
7352 5034 6522 
1 6863 8019 9185
15722 14685 14294 
1 4828 3386 9567
9701 18766 1250 
1 7133 295 7170
13985 7768 12849 
1 3621 1422 5612
5736 9610 5670 
1 1202 7051 7151
3896 13824 10048 
1 6206 251 7049
13936 15899 4574 
1 7020 7019 9900
7587 13565 13760 
1 4514 3087 6391
18585 12524 12525 
1 1335 1205 2911
18701 2471 4067 
1 5780 6595 9335
15476 12925 18291 
1 4088 398 5460
5695 10700 684 
1 6600 5456 8997
828 19097 6065 
1 1663 1206 6287
4880 12320 12205 
1 4741 3486 7931
9289 4822 4128 
1 2278 3391 5381
13065 14909 4151 
1 478 2134 7761
734 11652 15215 
1 1155 1338 9032
2240 7995 6724 
1 3434 4690 6246
17640 1696 7094 
1 7280 7129 7412
4100 1949 12046 
1 5 1103 5529
14249 148 10835 
1 5138 3646 8522
4307 10542 11592 
1 7431 5716 9090
499 9597 11203 
1 4180 3357 6385
13691 8162 5154 
1 422 3856 7389
7802 4542 7058 
1 146 949 6144
12629 12237 4791 
1 7872 1347 9141
5075 17927 17516 
1 1750 474 8566
16764 16799 15656 
1 1214 2347 6304
-5 12155 549 
1 3150 6830 9525
11612 11626 18685 
1 6490 1469 7640
6982 13054 8349 
1 6212 5829 7034
15190 7157 13790 
1 3155 3814 8139
4495 9834 1061 
1 2180 8297 9161
15658 10147 1460 
1 1511 3664 4779
9965 6048 10637 
1 1056 7848 8869
3794 17397 15853 
1 9114 2494 9739
19490 2105 11932 
1 1219 3104 3485
6259 6077 -5 
1 6759 5311 8565
4902 16797 7638 
1 5351 3897 9066
16693 12316 17781 
1 6092 2571 6113
10 11977 9166 
1 6215 5467 6705
920 8169 6427 
1 3759 5798 9262
1337 8268 2189 
1 5298 3827 9899
13419 19421 3907 
1 7517 8400 9652
2638 18936 210 
1 7036 1720 8146
16367 5992 12924 
1 3390 2071 9041
6639 1304 17734 
1 3922 784 9565
7680 373 7198 
1 1945 1391 8044
107 14402 2234 
1 7842 5314 8098
8965 12530 15772 
1 8179 9553 9637
6218 7421 8393 
1 4287 4286 4387
18840 8001 14695 
1 3473 507 3746
6434 6800 7650 
1 3158 6453 7967
12646 2754 15622 
1 6655 1040 9308
12152 763 11864 
1 4465 3110 7281
15290 8745 14272 
1 759 6193 9047
16379 17746 1494 
1 5781 2655 6187
11332 3412 6300 
1 4569 3731 6494
5340 9345 12726 
1 795 5345 6358
10134 6436 3811 
1 4812 4532 8736
8749 17134 9620 
1 469 5185 9961
14778 12627 17638 
1 630 5743 7630
11257 3510 11070 
1 6959 3451 8894
9661 17445 13090 
1 7345 8020 9089
8345 5783 17827 
1 7137 4544 9339
14593 16135 10914 
1 3536 5857 6879
12559 11479 8616 
1 7357 6079 7478
3590 3571 4351 
1 5942 4896 9610
10819 8615 11643 
1 5844 5347 9719
15631 19066 9836 
1 7258 1300 8519
5644 12462 1930 
1 7012 3285 7618
16899 13939 13742 
1 2869 2940 3035
5810 3479 975 
1 1695 3068 9269
10251 12750 18178 
1 1191 7705 9401
15104 17900 18439 
1 9502 9140 9597
4826 5407 17924 
1 4174 5747 8214
6543 11074 14483 
1 1672 2903 5353
18411 7972 2156 
1 3541 2391 7114
7517 2889 1206 
1 8908 6796 9713
2813 15962 14975 
1 9058 3086 9859
-4 13961 14728 
1 5117 5197 7139
771 3861 13996 
1 4607 1242 4737
2604 2216 1416 
1 2948 1742 3635
1023 18311 7117 
1 6936 272 9020
13597 6043 13596 
1 169 8436 9275
16544 16702 3386 
1 2586 3229 6198
10107 15130 12146 
1 4408 6218 7430
8635 912 2570 
1 3436 2883 8454
16437 1239 6358 
1 3147 1575 7233
2004 3398 2217 
1 6216 5563 7100
15968 12181 3177 
1 341 8047 8148
15779 297 15977 
1 7712 1247 9098
2567 9427 997 
1 124 615 4467
9273 13930 8750 
1 1742 1743 9337
385 11725 18311 
1 3537 3508 4737
147 2612 2216 
1 8979 4568 9131
11272 17972 9329 
1 8760 8759 9486
14309 17578 17570 
1 66 4558 9511
18940 1914 18658 
1 5809 267 9654
11386 8929 8828 
1 7473 1546 8780
14649 3476 2803 
1 380 1185 1546
8754 3476 254 
1 8235 4034 8986
7723 7724 9758 
1 8533 8484 8991
3834 1021 6733 
1 73 4784 9801
11028 3047 8979 
1 2514 4539 5386
8398 8892 63 
1 1928 5344 9018
8439 17688 12618 
1 2076 3288 7800
19596 6068 15293 
1 3553 2206 5938
1894 11636 2131 
1 4716 3322 6255
2620 9238 3219 
1 4413 1373 8238
8136 12381 16156 
1 1981 3800 4682
1802 6851 6850 
1 1709 5200 7815
1989 93 2883 
1 2867 4010 9313
10627 1482 7910 
1 2007 7775 8490
18943 236 3841 
1 1407 6394 7348
3314 802 15387 
1 2612 8191 9259
19196 13205 18159 
1 7936 616 9168
666 17980 7513 
1 165 1396 6191
11176 6340 28 
1 6856 3275 9372
13438 7476 18382 
1 6874 1539 9134
13688 12896 4397 
1 3940 1528 4641
9556 3181 2978 
1 3501 1633 9031
14720 7715 4179 
1 3994 3244 4137
12198 299 4217 
1 2734 3054 4984
5978 9932 3429 
1 4809 747 8573
13378 16813 2030 
1 447 1452 8151
2029 7408 4373 
1 2992 3530 4967
17058 6980 9732 
1 2478 2369 7392
6975 1232 4843 
1 5397 6301 7061
3971 17019 13843 
1 5811 2378 6040
12949 11391 12119 
1 7120 2889 9598
13958 15766 6640 
1 2971 1271 3761
15010 623 7367 
1 1646 4941 8506
9486 8538 16683 
1 4359 4517 8506
2228 7736 8538 
1 8403 2704 8774
16478 17209 9330 
1 691 4089 6828
9236 18360 13384 
1 3286 5489 7841
19101 6756 3977 
1 3502 2491 7411
6857 4869 11669 
1 639 7257 9481
14228 4912 6826 
1 3235 5468 6481
4540 5128 12700 
1 2082 2911 4088
6240 2471 8004 
1 2911 1205 4088
2338 5695 2470 
1 3461 4454 6625
8433 10317 12985 
1 1247 1149 4528
2567 13220 4227 
1 5451 5692 7605
17417 8472 8204 
1 838 3754 4404
7354 1538 8627 
1 3007 6292 6392
4663 12331 12527 
1 4150 138 8381
4201 3670 367 
1 887 4749 7015
5071 8914 13675 
1 2017 285 5581
18675 7732 5069 
1 8204 1186 9474
1705 18583 17682 
1 1278 3806 8543
7864 7067 7453 
1 1760 6337 9054
14201 17760 12169 
1 4384 1354 8677
5548 4454 11464 
1 4602 1180 5179
15448 10149 9016 
1 4307 1120 7216
2486 6388 2924 
1 3263 1120 4307
6849 2485 8435 
1 2968 3743 6401
19225 5808 17362 
1 7997 7517 8550
7755 210 16769 
1 4639 1914 9410
9088 3739 397 
1 213 6919 9938
13562 398 10108 
1 4611 4836 6285
11931 6342 7564 
1 2371 3648 8767
9514 4633 17195 
1 5900 7726 9934
8961 10560 4805 
1 1386 1385 2908
19486 5688 5689 
1 2095 7964 8907
4502 17470 282 
1 1083 4914 7520
5016 3088 509 
1 7771 2579 9334
5707 8630 17229 
1 4050 1872 6922
565 7929 3656 
1 178 2658 3599
809 18482 1503 
1 4794 2019 7317
4218 11357 14344 
1 2263 3415 4585
1554 6688 10927 
1 1924 5575 9679
18594 5784 5327 
1 425 1456 7585
10044 6743 15834 
1 5184 1387 6374
604 19388 12492 
1 5213 477 6342
720 11408 12429 
1 4932 4215 7098
3406 9662 7178 
1 5003 5432 9346
11594 10645 12149 
1 3768 471 3901
9379 6481 7639 
1 662 2429 6366
1279 502 11623 
1 6364 1767 7068
910 14061 12867 
1 1982 417 4158
11779 3230 5506 
1 2638 2192 8171
8014 4705 16023 
1 6940 6822 7557
18459 13194 13884 
1 1479 2332 8223
1106 13199 15412 
1 7812 995 9383
15317 15515 12671 
1 442 2666 7362
18889 846 272 
1 6318 825 8238
7833 16155 6951 
1 3888 3936 9052
16038 1674 4651 
1 943 9580 9659
11145 12047 18949 
1 2167 1297 3785
13976 4234 7414 
1 2987 1757 8535
16143 16739 1019 
1 4600 4712 9797
5880 12616 17333 
1 3248 8454 9532
16580 546 1224 
1 8376 4334 8960
7050 17575 15827 
1 2265 7912 8013
5220 7642 12104 
1 4945 8051 8411
15787 16493 16300 
1 5727 968 5826
973 12890 11420 
1 247 6130 8578
12176 12770 16824 
1 8594 2063 9696
14584 19021 4030 
1 1126 7833 8737
12084 10012 10013 
1 5638 3598 6946
7522 13415 8909 
1 1130 396 8450
1689 18066 2191 
1 5897 6140 8802
18128 12420 2855 
1 7704 3543 8896
12030 17450 4702 
1 3687 3560 5596
7220 17296 1228 
1 1844 224 5685
17944 11143 10990 
1 6425 8659 8760
9460 14309 17182 
1 99 1728 2706
4706 5090 5237 
1 1368 6505 6706
15651 1896 3751 
1 4358 2517 5462
4063 7928 16492 
1 1286 7806 9995
15305 9265 15236 
1 9668 7858 9709
18967 13361 18153 
1 1964 2073 5946
3732 9864 1388 
1 2186 509 2366
14655 7818 1770 
1 6303 5154 7644
7219 8132 14986 
1 6627 6521 8554
12304 14819 16777 
1 5672 7064 7415
13849 13848 7877 
1 6500 5915 8522
5433 16715 10542 
1 1416 1316 8121
3260 15924 15835 
1 3514 575 3728
81 3502 2305 
1 2335 1070 4425
9946 3691 15062 
1 1418 1419 2841
12758 2719 11129 
1 2754 7311 8076
14331 13098 15836 
1 5077 3266 6281
14969 3654 7944 
1 1315 1899 7971
10732 4015 15630 
1 1314 2306 8121
4508 3202 2759 
1 626 8076 8121
15836 2759 15923 
1 1362 195 5641
7835 2648 3934 
1 648 6568 9314
19493 4112 18268 
1 3812 2385 4874
182 7464 12116 
1 2158 3036 6735
8354 18296 5944 
1 2617 2117 7350
4798 4154 6741 
1 2961 2752 3691
11498 17123 2130 
1 6670 6220 9627
9209 13072 10958 
1 4370 7063 7162
1737 2830 14237 
1 1414 2234 4524
9255 8473 8863 
1 1149 1247 7712
2473 2421 8875 
1 3230 707 4762
6322 15466 7231 
1 697 8284 8384
16246 16245 16442 
1 4408 7430 8122
2416 18366 4172 
1 2844 2144 8404
7415 8690 16480 
1 3514 365 4791
2305 9387 81 
1 1049 5507 9582
1313 6880 2943 
1 4668 4742 8572
7134 16812 8111 
1 3340 3339 3440
14030 6735 10446 
1 7919 4717 7981
258 3442 727 
1 4308 382 4662
242 8437 1540 
1 4914 7906 9144
5016 2099 3088 
1 2404 2336 8323
17285 4208 6675 
1 220 3385 7782
6629 13421 6288 
1 2729 1000 6730
3165 5338 11942 
1 4171 2406 8331
15601 13215 6938 
1 1303 549 7077
8167 3788 6508 
1 3925 31 4105
12553 4134 7686 
1 7511 2267 7636
4431 9952 9948 
1 6445 7994 8806
1701 11085 8254 
1 987 878 6445
17930 1276 8254 
1 1332 3462 3568
6779 2789 2790 
1 1636 2605 9455
3781 1614 11474 
1 2307 7896 9641
15484 15192 18914 
1 4052 596 7313
8803 7546 4815 
1 4490 152 9156
8598 3328 11063 
1 4693 3117 4694
8993 1660 9194 
1 848 3348 6934
10096 6556 4610 
1 1335 3098 9632
2673 434 18701 
1 2150 3852 9374
14336 7543 9659 
1 2727 4930 6733
5334 9613 13766 
1 1831 692 6099
6020 3327 11483 
1 3577 1563 9825
11484 11370 19277 
1 2193 2813 8213
492 16105 12441 
1 3623 4083 9032
17411 7397 13015 
1 3090 241 7626
16443 3790 10649 
1 6785 9298 9412
13297 4156 13564 
1 305 1242 4607
6925 2411 9026 
1 305 2201 2696
3549 4301 6714 
1 5837 49 9326
4263 9313 18290 
1 6228 6287 8014
12205 15714 11817 
1 8147 316 8937
15974 13726 17530 
1 4151 3847 4945
7404 9689 12140 
1 812 813 6911
10408 13546 113 
1 797 3561 8098
14996 15772 15880 
1 3508 26 4737
12156 2075 2424 
1 1071 6555 9222
3401 18085 16233 
1 4841 587 8745
6016 14453 4937 
1 2935 4530 4812
17316 9063 8879 
1 6048 4201 6174
15845 12099 1606 
1 5833 4536 8067
3305 15818 6861 
1 1101 4556 6775
2619 16800 292 
1 4556 1101 8930
2618 18909 15657 
1 762 3322 4716
8618 2438 8990 
1 2198 1833 7405
12257 16814 2226 
1 2118 908 2558
2275 4136 2817 
1 8952 3596 9222
4137 13864 485 
1 3571 3386 8094
18766 9701 8688 
1 409 6326 8790
15326 6895 10912 
1 6186 1351 6861
6990 13447 -6 
1 6816 7161 8617
10629 12286 5661 
1 1352 7422 9456
2968 18548 4429 
1 4867 404 9046
2264 3270 4901 
1 7289 8367 9388
16409 16002 4042 
1 7083 1255 9854
8989 13508 5054 
1 1974 1137 8457
6070 12506 18418 
1 1449 2607 2665
5097 3864 4246 
1 3609 3167 8887
2022 259 17245 
1 2794 2274 8792
12264 17246 2175 
1 3663 1356 4757
12066 6786 9321 
1 3466 553 4860
4327 16679 3698 
1 7517 5982 8400
7755 11722 2373 
1 8355 3207 9023
3287 15990 8573 
1 4686 5319 6737
1462 3147 13206 
1 7943 5366 8257
740 16193 15577 
1 3843 3905 6776
906 9429 13280 
1 1360 1759 8835
14031 4888 1262 
1 7980 2877 8714
4993 17092 6537 
1 5821 3392 9933
8241 10042 19485 
1 2405 7211 8886
15288 7214 8808 
1 5158 176 9938
-3 1533 398 
1 195 2996 5641
326 8602 2558 
1 6866 6766 7221
13260 6202 13331 
1 6868 3961 8985
18860 11033 13858 
1 4222 4852 5841
8266 9506 8291 
1 5916 711 6316
11593 10946 12378 
1 5425 4364 9663
2672 15252 18957 
1 4964 1112 7460
4606 14624 12135 
1 2584 6461 9338
6363 358 18314 
1 2849 1102 3349
10022 15286 2135 
1 643 4053 9033
18558 3211 15782 
1 1078 1081 5030
13637 7934 429 
1 3294 5736 9191
16128 5632 13179 
1 3361 4709 8134
5182 4338 15949 
1 5856 4656 8629
11478 855 7636 
1 3733 3148 6013
1102 7311 15181 
1 5005 498 6050
4908 4747 11659 
1 6152 6252 9292
11855 18224 2947 
1 448 680 3773
17850 896 4198 
1 5712 3773 6055
4198 6875 11866 
1 1372 278 6746
13122 526 317 
1 7138 2106 9749
75 218 8576 
1 3221 1983 9733
-6 7442 7052 
1 678 22 7773
1598 4183 6759 
1 6580 3947 6680
10361 12699 4659 
1 743 4364 5425
8547 2653 3054 
1 3098 1335 8997
2595 17647 19096 
1 6676 6231 7060
2045 13840 13084 
1 4236 309 9906
14347 8295 275 
1 684 878 1376
1276 1480 2859 
1 4618 349 6349
9047 3097 6113 
1 1874 3053 6942
9187 1570 13609 
1 9480 7624 9783
14980 12731 13586 
1 4047 5575 9677
5784 8702 5785 
1 3575 4636 9732
11831 18127 12031 
1 4027 3323 6345
1281 1678 12435 
1 1380 8282 8460
4257 8359 12095 
1 3491 1364 9999
17356 19600 12491 
1 5606 6429 9850
2292 1591 19327 
1 1284 3855 9943
1662 19502 8325 
1 2281 6250 7274
14438 1983 4459 
1 5215 2281 7404
4458 6139 -3 
1 2547 2362 5650
4980 3130 5402 
1 5796 2090 9008
12617 12875 17668 
1 6325 5378 9452
12846 16234 811 
1 1745 7546 9152
719 4401 14794 
1 809 105 7796
8743 15285 2136 
1 1066 2268 6543
6478 19539 12823 
1 1796 3781 7929
2880 14085 1756 
1 2908 2086 3781
1045 2231 152 
1 8387 6634 8486
6696 6673 16644 
1 3394 154 8898
551 4738 16841 
1 7552 6059 9934
4354 14805 10560 
1 8615 2112 9300
16897 3659 3304 
1 232 3121 3426
7048 329 6710 
1 4161 6902 7727
5522 13529 15148 
1 1390 5922 8623
2317 9224 389 
1 3118 883 4578
17884 1174 7466 
1 1961 5863 7388
10800 2839 14482 
1 1458 1407 7847
14481 15387 3651 
1 2089 918 4663
16136 6533 10316 
1 7444 5818 8287
17556 16251 4044 
1 5151 4252 8425
9775 10094 2869 
1 7767 1946 7803
6513 15300 2316 
1 1828 426 8740
16751 16847 1754 
1 5337 1773 7729
18126 15151 3461 
1 1460 596 4494
7546 8803 4816 
1 4457 676 4458
7481 3122 5250 
1 6371 1487 8186
16282 7310 2824 
1 225 3727 9714
16838 6454 19057 
1 4074 3760 6850
3780 5726 13426 
1 2817 2736 7998
3554 9388 2841 
1 1419 1843 2841
2764 5493 2552 
1 2867 1106 5423
2965 3567 10627 
1 3495 8738 9545
4985 11621 18725 
1 5835 2132 7196
4763 4165 4164 
1 5435 5729 8710
10650 17083 13578 
1 6927 502 8710
13185 11229 4003 
1 8878 1775 8926
1197 9686 9635 
1 1127 3092 6097
1104 10622 11532 
1 2410 153 3296
17085 12753 2898 
1 2920 3569 4035
13326 16345 4499 
1 631 5330 7857
10443 13806 9263 
1 5480 7589 8468
2119 7711 6394 
1 1131 8395 9957
18630 9444 5968 
1 9358 3844 9466
18354 13663 10870 
1 154 5142 5910
13800 17100 11584 
1 3115 6969 8995
4145 7565 8443 
1 4889 3396 5537
18329 1454 10851 
1 2374 2256 7774
12606 309 15242 
1 1458 1966 7479
15243 3831 14481 
1 7388 1698 7479
3650 1978 3831 
1 2213 5385 5562
14183 1633 10901 
1 8762 4512 9622
10551 17185 4325 
1 1468 8189 9138
10717 16058 4926 
1 1290 3834 5272
7508 7507 4041 
1 2189 697 8286
1641 16249 5667 
1 4828 5497 8196
1250 6697 6631 
1 2317 393 3214
3343 5317 6292 
1 2348 3801 7864
13103 7444 471 
1 5018 2197 5463
791 544 6238 
1 7237 6992 8048
11072 3687 10284 
1 2758 3894 7493
7827 5395 17707 
1 1947 3312 8156
11778 196 15993 
1 4723 4598 4724
14682 4366 2752 
1 1414 4723 4724
9253 2751 9255 
1 4332 2462 8499
4811 4977 7930 
1 7967 6453 7970
2382 3755 1783 
1 1680 7166 8241
1414 12227 15162 
1 3404 1641 5677
16698 4194 11130 
1 5322 964 7638
4521 14973 10426 
1 2824 8069 8640
15821 8137 16573 
1 8076 1314 8121
1675 2556 2557 
1 6299 3611 8973
3118 17599 5557 
1 6511 1972 8325
12228 2049 7970 
1 5336 1316 7548
10455 3260 2050 
1 1225 5128 6267
10051 4205 18041 
1 1843 1419 2241
2719 1777 15625 
1 1197 3227 7840
8381 206 15374 
1 4353 5460 7832
8526 10699 2970 
1 5438 6557 6558
12850 1497 7091 
1 1980 323 2387
19088 904 4665 
1 6004 5392 9840
5094 9962 19007 
1 6878 6812 7959
944 610 14993 
1 7779 4077 8721
7729 17064 15251 
1 8544 4617 9508
1784 16619 11915 
1 9024 3762 9245
9118 19416 17121 
1 3271 5573 9235
10922 13062 18112 
1 9434 2448 9533
18503 18702 15291 
1 4868 3237 7892
9538 10770 15475 
1 9216 102 9868
18074 8693 3782 
1 3508 4661 7124
9131 6869 12156 
1 765 4395 9413
12090 18461 14146 
1 2432 1328 3385
440 13421 3185 
1 1436 4967 6451
9731 6585 6197 
1 4163 4164 6540
1528 8154 7137 
1 1691 2619 7514
959 13068 14731 
1 86 4882 9895
3653 19187 18920 
1 2702 1431 6936
16147 3517 345 
1 9224 4571 9600
112 18832 2874 
1 410 8229 8330
16137 3630 12733 
1 2697 4447 8158
16529 17236 1883 
1 3568 3462 4684
2588 4106 9177 
1 1232 1332 3568
17704 2588 6987 
1 2946 5639 8613
6511 5653 16894 
1 2031 1384 8872
9117 17403 4400 
1 2576 2703 4614
18001 1835 9967 
1 7103 3401 7662
-5 6661 4105 
1 1265 7392 7465
14490 1232 4842 
1 3262 1415 9932
5600 19482 14632 
1 4609 1067 5323
19442 10429 1361 
1 2999 7078 9717
13877 13876 7699 
1 4705 4412 8327
9216 8223 5756 
1 786 4044 9704
7917 3762 3640 
1 4817 486 5122
1666 4527 2802 
1 5121 4817 5122
360 2801 9437 
1 4271 7473 8780
176 2429 8753 
1 7720 6313 8427
8811 3608 8190 
1 82 91 8074
5980 503 11450 
1 807 833 1692
1434 13490 1612 
1 3198 8610 9582
16888 18797 6880 
1 1553 8792 8887
9792 12419 259 
1 5859 2588 6099
6235 11483 11953 
1 6099 6100 9624
3327 11760 18881 
1 8243 8296 8448
4382 3994 11509 
1 1448 3994 6958
12199 13201 13640 
1 4928 6796 8908
1400 2408 216 
1 624 1480 2293
5663 15324 4483 
1 8192 5578 8912
8028 6991 17481 
1 955 5770 6755
3248 5453 11274 
1 1923 2118 2558
15732 2622 5001 
1 529 6807 9452
13342 12394 16234 
1 597 2945 8418
4691 6819 5762 
1 2527 7223 8423
1644 6891 6892 
1 1449 2270 3595
3344 4868 5097 
1 2075 2832 9391
14425 9551 8335 
1 7113 3082 7130
13873 4069 13979 
1 6371 8186 9210
2715 2314 19068 
1 6063 3772 6064
2129 6385 561 
1 5932 6366 7410
11623 995 9466 
1 444 344 9360
850 18357 9678 
1 2238 1452 6549
7408 7428 4005 
1 7063 3688 7107
15205 8559 2830 
1 7063 7107 7162
2829 10390 2565 
1 2295 1770 8323
1006 4048 16322 
1 3382 4977 8182
3345 6624 9297 
1 6548 7514 9813
15503 13068 3002 
1 821 8942 9731
17539 12004 19090 
1 425 7625 8512
11044 5974 10044 
1 7328 4922 9104
16102 14364 17856 
1 1157 5161 6016
10113 7799 8447 
1 90 1457 7795
10114 2980 19555 
1 5863 3886 7388
20 3650 2705 
1 5877 219 7167
404 7609 6973 
1 2816 2817 7998
5115 2718 968 
1 2757 2635 5373
3249 12242 1076 
1 4274 4930 9851
9613 14339 10187 
1 8069 4978 8845
7948 16574 8706 
1 3121 1461 4432
861 11400 329 
1 232 2921 9423
4674 10331 7048 
1 3821 2237 9388
12644 4042 12454 
1 3834 1080 9021
4209 5950 6623 
1 2170 7198 9082
14111 11764 16064 
1 1674 1370 6454
13256 12647 3987 
1 4336 1992 8606
769 8492 2092 
1 1790 5749 6397
14288 5938 12537 
1 5236 2570 8532
19525 6445 16734 
1 2625 1465 9752
19514 10084 7986 
1 6909 5897 8802
19031 2533 7001 
1 427 6536 8571
16031 223 16810 
1 1467 2160 8482
9322 9141 16636 
1 5135 2853 6030
10063 794 4239 
1 684 1376 9906
2676 4370 19433 
1 4745 4778 9021
3454 3490 17694 
1 1238 1118 9128
14430 9648 9940 
1 428 1979 9979
11986 19566 15108 
1 5015 3184 7938
1829 3846 11309 
1 6152 1513 7907
2947 5452 9497 
1 4773 5302 7575
8075 3123 9350 
1 1754 1587 9526
13021 18687 2077 
1 4794 1920 6154
14344 3948 12059 
1 5209 3574 6714
8976 4727 13160 
1 1813 5151 8425
5264 2709 9780 
1 766 1522 1623
1898 1874 3173 
1 1482 212 9943
8457 19122 3507 
1 1102 649 7796
10661 11638 15286 
1 304 1475 3249
19278 15358 760 
1 9223 9224 9600
8953 2786 12800 
1 7753 7863 9265
15420 15004 14809 
1 4377 7472 8056
5178 15403 15796 
1 2809 1520 8065
8537 15693 5495 
1 3521 1321 4221
10672 15783 1187 
1 1083 3578 7906
19091 9626 5016 
1 1796 349 3781
3097 152 2695 
1 6474 574 6734
15129 12687 1654 
1 3441 1558 8405
5087 4558 16482 
1 1709 7815 9362
2441 8865 5171 
1 1152 1391 2644
14403 107 18362 
1 3076 3631 6142
8858 6023 1537 
1 1834 3631 8492
6023 8858 3877 
1 6028 1181 9747
9565 4074 14690 
1 4318 6469 8667
18729 3083 4073 
1 2391 528 7114
10469 13947 2407 
1 5511 121 8277
6490 3920 -3 
1 3996 2108 7382
18026 6451 18484 
1 1725 4982 6493
9760 3368 14693 
1 3124 3164 4022
17220 6116 6189 
1 2440 5411 8698
12728 10602 16628 
1 7387 6756 9002
11589 11290 1860 
1 4873 960 5963
4286 9548 202 
1 7964 5106 8302
8887 15615 17470 
1 1402 2410 3296
12456 2727 7890 
1 2853 3632 3973
8428 1961 7780 
1 7052 2169 8819
9808 13941 6241 
1 2650 3813 7553
1792 14807 9472 
1 1390 6009 8263
389 8968 16204 
1 1184 445 7251
18950 16072 5717 
1 1986 2846 3235
5567 4540 799 
1 165 3732 5702
28 2911 11176 
1 2896 4507 9654
506 2934 8929 
1 1250 1884 5809
400 11387 6447 
1 699 2084 5668
6997 12698 11112 
1 4400 2725 9828
5310 14741 1352 
1 6263 153 8711
168 17085 281 
1 3732 1494 5702
4170 11992 2905 
1 4733 5196 8676
8882 3153 12710 
1 5146 5539 5540
17670 5721 531 
1 965 4822 5325
13649 15184 10433 
1 992 5534 6942
350 9447 5976 
1 6167 4034 9773
7897 19134 6291 
1 7603 4736 8586
18805 13210 16646 
1 8669 5225 9209
4616 12479 4410 
1 4780 6456 9452
871 18539 12394 
1 1474 8332 9780
12987 16341 19188 
1 3308 2268 3792
4025 6478 2065 
1 554 2039 6042
3982 11840 474 
1 5493 6042 9725
474 8946 19079 
1 458 4307 7216
11326 2485 14147 
1 2271 4783 5084
9592 12997 9963 
1 4061 739 5768
10367 10787 7951 
1 2138 542 4295
14964 4006 5858 
1 4509 4926 9901
1771 19425 671 
1 9053 7527 9598
3785 18828 9889 
1 3317 7423 8962
5175 12590 11457 
1 5751 5131 8979
10346 3072 9329 
1 1553 3167 4999
259 6876 9792 
1 8097 3320 9527
7288 18690 85 
1 4507 1486 9654
1496 18939 2906 
1 512 2582 7227
19340 4470 14169 
1 5841 6806 7585
4754 15071 11043 
1 7783 3444 9942
6289 8290 4516 
1 6184 5300 8077
4851 8748 12948 
1 5270 2366 7030
10325 7818 18233 
1 1509 581 3976
12058 2143 2941 
1 3263 1509 3976
841 2940 6849 
1 6210 5492 9054
7256 10764 16756 
1 8885 1049 9582
17429 2573 16887 
1 3893 7122 8021
15265 14208 5204 
1 7247 6911 8021
804 5204 13962 
1 1512 5678 8361
-4 11712 16396 
1 1513 6152 9292
2864 2664 12448 
1 3332 20 4848
6524 8159 4241 
1 1075 2851 4901
17405 18664 9602 
1 1810 320 9416
17950 18467 6087 
1 4919 4202 9571
4359 8607 4349 
1 129 7376 9710
13808 19048 332 
1 2323 125 8892
6230 10842 10535 
1 4875 4256 5849
135 7425 5690 
1 5410 3558 9206
239 6967 11349 
1 3061 1720 8248
5992 10695 5993 
1 4263 2282 5512
12614 8347 16670 
1 4059 5160 7800
7947 15114 6067 
1 7664 2119 8271
15025 15026 585 
1 4486 2140 8297
7706 16271 15658 
1 4344 3951 5126
10825 9844 5830 
1 8004 5524 9068
4637 13087 15813 
1 2313 5141 8006
9521 13598 13737 
1 2455 9484 9765
18603 6331 8902 
1 1106 2867 8553
2720 7910 11325 
1 8107 8793 9680
15897 11454 4751 
1 2266 5514 9857
12110 2026 19136 
1 7422 1352 9046
2628 4901 9712 
1 5693 3876 9848
-4 3783 6126 
1 4353 7832 8157
2766 15995 1746 
1 5933 7705 9525
17900 18686 13386 
1 331 1033 1525
3898 1577 7873 
1 3795 1722 7360
5418 14426 13186 
1 4626 6876 7333
13477 9582 12196 
1 3836 107 7104
13040 3901 6532 
1 7159 6000 7160
4820 3889 9199 
1 1328 4255 7782
8333 5912 13421 
1 3940 4641 8383
2450 7716 3381 
1 4966 5319 7035
754 1462 19543 
1 1457 1351 7795
13447 2244 2838 
1 1348 7189 9958
5560 19529 3616 
1 1349 1530 7189
810 14515 5560 
1 5242 5062 7337
328 21 4809 
1 5120 4173 9888
5282 19399 3125 
1 8162 1493 8921
16005 14671 17498 
1 909 4214 7458
10292 8648 1821 
1 4416 4415 5326
8257 8649 4894 
1 3446 565 8732
15965 12194 3509 
1 4340 3042 5962
8414 8501 6734 
1 61 3806 8079
6863 12137 10223 
1 4108 397 4208
10093 8042 3110 
1 7053 1636 8220
3849 13750 7422 
1 3730 1536 9455
7306 11474 18546 
1 5041 1093 7737
8307 19049 15168 
1 716 4394 9571
4500 18774 6210 
1 3341 1708 7019
18139 3334 6587 
1 757 1956 8140
13371 10651 8656 
1 6874 6659 6981
4397 8620 2023 
1 7090 7181 9207
17855 13894 5461 
1 1834 271 8990
3877 7700 6822 
1 2500 1717 3910
14673 1846 7657 
1 1584 6548 9813
5121 2833 127 
1 1584 1455 9615
9627 18862 5121 
1 7202 1542 7686
9534 10872 461 
1 1215 2923 5557
16049 990 18403 
1 2753 8531 8597
16731 11067 14442 
1 1962 1592 8788
12396 17237 5047 
1 5549 7940 9469
15571 3214 15393 
1 443 1662 3550
9488 12905 6952 
1 7264 7880 8453
11514 4347 11889 
1 5738 1228 9173
13132 17990 3330 
1 198 1016 1546
7966 3013 14649 
1 1016 62 1546
16387 254 3012 
1 4788 9514 9853
18663 4315 19331 
1 4871 5906 7218
2270 10248 4177 
1 2871 1548 6821
12546 5614 12112 
1 3847 4573 8436
3418 137 8684 
1 4538 893 5222
17683 5542 19214 
1 2069 1550 6900
12214 3254 19314 
1 1498 7666 7667
11269 11268 1856 
1 4521 978 8134
11776 11397 4338 
1 904 3882 5178
5710 1767 17359 
1 1552 4524 8321
8863 8663 15119 
1 5985 540 6273
11728 5369 528 
1 4112 3489 8119
9285 6085 4133 
1 2272 4127 4562
11220 11695 8937 
1 2441 582 6112
8275 10329 4859 
1 6513 4226 9869
3522 1417 17691 
1 224 8861 9118
17233 10582 17883 
1 962 8360 9196
917 16202 2247 
1 671 3033 6452
3495 12643 2055 
1 8189 8847 9274
10717 13525 16058 
1 5954 2024 7536
11667 8531 6143 
1 5794 3488 8634
618 2059 19298 
1 7999 2486 8009
1992 5485 10280 
1 8444 7617 9594
5913 14545 12409 
1 9505 9150 9880
13964 10583 17380 
1 4541 1073 9975
17938 2054 19560 
1 1816 2002 2458
4615 3546 3909 
1 1383 780 2547
2 4979 3668 
1 3078 1488 4758
12013 9140 15564 
1 1663 6228 6327
12205 8652 12399 
1 6077 6994 7326
15386 11909 6529 
1 1289 4293 5847
9168 6088 11460 
1 1704 6201 6803
11955 12151 13334 
1 4023 1443 9899
11181 10378 19422 
1 4784 8820 9801
9573 9174 2433 
1 4290 5486 7533
16393 9840 4268 
1 4465 6991 8513
14272 16697 11380 
1 1229 5615 6330
12526 6234 5876 
1 1261 6977 7152
15598 8978 14021 
1 7079 5996 7087
3053 13878 13895 
1 5996 7079 7954
3052 4928 15597 
1 2521 743 5425
13479 2672 10631 
1 4993 1927 6160
11098 7813 1394 
1 5880 889 8593
11525 1947 10488 
1 8252 2774 9875
13109 1744 8834 
1 5412 3305 8388
10407 4329 10216 
1 6144 281 6576
12236 12039 11505 
1 2197 3665 6955
791 13634 9878 
1 5524 3933 9268
4637 1819 11226 
1 5927 1571 9029
4526 11816 1962 
1 3408 1950 6382
8252 16323 12507 
1 4478 523 6809
13645 8253 11341 
1 4989 5216 6617
781 14821 12969 
1 6242 2407 7006
4140 12231 1823 
1 3531 9113 9496
6609 5624 3471 
1 7302 5186 9496
6663 7651 18628 
1 5854 701 9455
15935 10017 1614 
1 3584 3920 5878
6766 1119 11522 
1 4761 3449 7033
12928 13787 1849 
1 5131 3019 8979
8523 7386 2931 
1 5255 3809 6057
4963 11870 1398 
1 6883 7367 7468
14247 3303 10276 
1 4689 1260 6018
9186 2320 15563 
1 9281 7229 9973
5712 15283 11789 
1 3973 8276 9924
7702 16231 3078 
1 1012 3973 9924
7780 3077 5581 
1 6332 5994 9594
16709 7608 14545 
1 6466 8011 8012
15318 10054 15710 
1 1934 959 6250
11322 12247 14437 
1 395 1581 5191
7238 10173 7065 
1 6469 4552 8667
15548 12677 2888 
1 4056 3492 8998
2205 10738 6852 
1 7905 4190 8449
7287 14325 12292 
1 1069 5451 8305
1362 8204 16286 
1 922 482 5518
4683 508 1888 
1 7520 4914 9144
2496 2578 15504 
1 2457 8190 8320
3966 9230 4613 
1 3469 1660 8367
18059 12455 5847 
1 2866 7949 8961
1558 8850 17577 
1 5810 7789 8683
11388 18215 5648 
1 2662 1151 8430
9541 16531 9664 
1 3126 1151 4870
16531 9541 9346 
1 9263 5328 9917
6372 1354 15664 
1 483 1188 1588
14175 2173 10439 
1 349 1796 6349
2880 8917 2677 
1 2196 2015 7135
19290 13978 8 
1 2792 4963 5571
16171 4786 10351 
1 7445 3458 9891
1072 19406 6121 
1 5416 385 7272
12774 14254 8052 
1 2879 2025 9563
5631 18561 12944 
1 2750 9077 9645
17803 15642 18923 
1 3365 2581 6875
6355 9585 6072 
1 1579 506 5728
8468 11227 16230 
1 2114 7128 9584
13975 13974 18801 
1 1913 7475 9504
19371 16610 12027 
1 5675 1594 9405
11126 1190 5508 
1 2488 5956 6599
11133 1917 11865 
1 1595 4108 4208
19170 2991 1068 
1 5512 2922 8500
10801 6124 16670 
1 3129 1596 4003
12615 14054 5973 
1 777 1597 5500
14191 6149 3114 
1 767 777 5500
1724 3113 7260 
1 3192 4665 5611
16433 45 10998 
1 7368 6484 8206
14441 1272 12005 
1 4551 4865 5021
1899 4482 9837 
1 4267 3611 6299
4379 2760 5608 
1 3412 5820 7319
1321 8294 8458 
1 25 1327 4913
9523 9624 700 
1 4460 1824 8295
1014 8730 8436 
1 676 1900 4458
13651 5523 2714 
1 5302 4672 7575
18184 10387 2865 
1 5164 5165 7871
13738 10473 10119 
1 8212 5120 9888
16104 2984 5390 
1 5597 1906 5750
3905 10971 5012 
1 975 4924 7146
512 898 14010 
1 4751 4911 8690
8878 17045 4317 
1 257 1845 8551
8579 5411 4865 
1 2362 1860 5650
16329 18606 2689 
1 4141 3265 4722
6393 3815 9251 
1 5760 772 9983
12518 13137 10934 
1 1711 7220 9431
6273 15281 18498 
1 7676 3549 8030
17436 14295 14103 
1 6805 663 8038
11259 15760 6147 
1 3856 2924 5945
7801 11253 11650 
1 6151 5578 6252
6991 8028 11855 
1 1470 2685 5015
1132 1829 15096 
1 1421 9071 9775
17791 8791 16012 
1 666 4503 9071
11849 8791 11024 
1 5858 4691 7903
9197 6872 1150 
1 4480 3194 8296
4385 6593 16270 
1 7660 2550 7827
1196 19477 14032 
1 651 2746 5909
5371 2214 9424 
1 2287 1613 7227
18310 14168 7660 
1 1213 7985 9121
4860 2134 17888 
1 5319 6014 6737
754 1607 2640 
1 2690 8625 9967
16918 8815 13791 
1 6478 1615 7008
18298 10124 1064 
1 7008 5164 8006
13738 15697 1064 
1 8587 3407 8898
16842 8046 17454 
1 5109 4034 6855
7724 7897 13436 
1 5196 4735 8676
15413 1907 2912 
1 2424 8023 9078
15731 13153 17805 
1 7340 3707 8547
14386 6009 14190 
1 4171 6742 6743
6938 6059 13218 
1 7858 1476 9256
18967 5179 13361 
1 6859 1422 9766
8565 5736 13243 
1 1611 6735 6958
5944 460 4732 
1 8142 5340 9971
12830 9656 12609 
1 8018 3593 8136
15721 12390 11861 
1 819 1621 2505
922 1149 14565 
1 6477 6512 9175
1556 8727 17994 
1 2181 6231 8003
12210 2045 11711 
1 1000 2729 7972
2581 4146 15632 
1 1280 1000 1624
18996 15632 3168 
1 1473 967 6854
6389 1939 8888 
1 458 1280 1624
14147 3166 13433 
1 375 9460 9559
18556 2040 9517 
1 2713 7025 9149
14306 5593 3600 
1 5262 5658 5758
10310 9925 2127 
1 4115 4748 7646
7814 8056 14990 
1 766 1623 7972
2870 5867 17831 
1 9413 5261 9839
18462 1121 1875 
1 566 534 3956
9491 1091 3805 
1 1745 3986 8589
14794 10525 3407 
1 6216 7100 8346
2419 10995 12180 
1 2859 6520 9956
18342 10257 18341 
1 7042 5181 7857
605 9263 10442 
1 5484 3120 5584
5400 10239 11079 
1 1528 723 4641
1016 13079 2450 
1 5617 9689 9840
13827 12996 9962 
1 3074 5022 8000
1560 14966 9838 
1 3871 3105 6863
7783 6950 9169 
1 248 2432 3385
18991 2780 6630 
1 3711 1970 9026
468 14120 3511 
1 7580 701 8563
4038 11473 16795 
1 1936 5111 5617
6871 13827 10566 
1 6422 7523 9915
11155 12388 13171 
1 4036 4417 4626
1030 13477 9062 
1 3050 1634 7509
4438 3850 14721 
1 5111 1837 5854
13973 15936 1217 
1 381 3297 9001
15895 15191 14791 
1 1637 7749 9641
4849 18915 8151 
1 2967 1201 6468
13444 7418 1613 
1 35 2008 9252
9295 8646 40 
1 7201 4546 7261
2014 8907 14234 
1 6699 6700 6908
1338 6752 13131 
1 7828 7757 8290
971 5147 15208 
1 7867 1629 9261
2177 13139 18163 
1 869 1074 5609
6580 4509 10994 
1 2306 3404 8121
16699 15835 2556 
1 1345 311 5973
58 11703 200 
1 6123 3393 7602
1268 14904 11997 
1 5017 4917 5371
9827 9633 7772 
1 2059 5419 8475
6053 8440 9807 
1 804 5031 9271
1752 15202 18183 
1 6760 7262 7393
11476 11475 14492 
1 8142 6547 9940
12609 8500 6780 
1 7022 5210 9444
14844 18524 10088 
1 4053 6650 9033
17844 1101 2657 
1 8049 5075 8694
8848 654 9849 
1 8651 8470 9340
12106 1534 12010 
1 7940 5296 9469
9993 13269 3008 
1 8066 4948 8165
3415 17881 1054 
1 2125 1648 8412
15819 6753 16496 
1 2234 4625 5254
9257 9064 8473 
1 7785 704 9519
221 9059 9256 
1 4716 6255 6801
2438 6506 13330 
1 1753 1653 7334
8764 14376 12114 
1 4862 3105 9431
6420 7783 15281 
1 7634 7846 8000
14965 9838 4599 
1 1041 1652 3710
533 7266 2206 
1 3209 935 3248
1220 837 1224 
1 6182 1172 8856
3757 5881 17261 
1 5893 1653 6015
14376 8021 270 
1 5405 4061 5504
10367 7951 10788 
1 5804 3443 5904
3611 6742 458 
1 7094 2217 9105
13614 10413 3746 
1 4158 417 7576
2511 14854 6249 
1 3395 3960 6007
3642 17545 7166 
1 2905 1718 5982
13238 9003 10129 
1 2331 2761 6085
1178 827 1391 
1 1090 8682 9812
4607 4070 19252 
1 2296 1658 3905
14588 7525 906 
1 3905 5310 7839
7525 14951 6171 
1 7484 6582 7897
14511 13291 16055 
1 5987 808 9376
11077 1565 18389 
1 3352 1556 8161
17023 4371 7653 
1 1318 4695 9581
1444 18794 14064 
1 7316 3571 8398
18767 16259 12954 
1 9554 7890 9919
5649 4319 7589 
1 4349 1662 5406
15239 9488 10593 
1 5898 3384 6499
11105 12735 11559 
1 3795 6729 8849
13186 1467 3246 
1 8180 3795 8849
5418 3245 8105 
1 5065 5758 7691
264 11026 15077 
1 5770 955 7701
2816 9824 9825 
1 492 2635 2757
17915 2842 5393 
1 6901 7365 8743
14436 17768 6924 
1 5598 5583 6559
10942 1486 8766 
1 6432 1658 7541
7895 14588 8612 
1 7332 1600 8847
7271 7179 17354 
1 1550 5443 6900
16538 4927 3019 
1 7534 2498 8294
4883 4713 1589 
1 2712 6732 9116
10723 14024 15700 
1 3070 1990 9805
5942 19237 5421 
1 3774 5399 7080
5216 10579 13881 
1 1473 4537 9785
16775 960 14343 
1 1316 1416 7548
2549 14797 2762 
1 4582 3752 8904
6802 16993 3532 
1 1070 1931 2678
5884 14401 5238 
1 5053 2221 9387
5435 10285 5434 
1 3963 5352 5353
15034 7761 7972 
1 7381 6456 7695
12651 871 15085 
1 8800 4654 8856
9364 17371 609 
1 6653 779 8724
13041 1312 3444 
1 1099 4748 9890
9303 7814 8009 
1 9459 1675 9762
722 1658 9535 
1 404 4957 9046
18161 17744 2629 
1 831 1388 5900
1610 1863 4805 
1 499 2728 4464
2159 6558 737 
1 4515 3448 6574
1026 9327 8844 
1 7798 8513 9361
11380 638 8932 
1 6381 1190 6959
4237 9661 13643 
1 632 1771 8588
7865 7295 2311 
1 8222 5085 8769
16124 17200 6927 
1 421 2356 2754
9803 3598 5388 
1 4040 1680 4794
18266 3280 12059 
1 1680 644 4794
17857 1264 3279 
1 3539 2796 7499
6929 3802 14701 
1 4425 39 7684
3691 3760 7880 
1 2468 5311 7537
10404 4902 9856 
1 3175 6531 9471
17348 11838 15482 
1 6989 1005 9517
6933 13702 15000 
1 8055 1357 9665
15794 18960 3361 
1 3207 8355 8456
2639 9317 13071 
1 659 6442 8688
16867 12625 6248 
1 335 8549 8801
17063 14916 16943 
1 7809 1554 8542
16352 4630 4972 
1 5754 3779 9017
11279 9917 11278 
1 3932 1540 8203
19062 14418 9057 
1 3937 4181 8696
4775 17056 7710 
1 4608 1968 8654
3978 11035 3773 
1 6764 2430 9292
19474 12448 243 
1 3075 3185 9047
5083 5877 17745 
1 7460 6091 8352
4605 12929 12135 
1 8113 7790 8782
5472 15907 17226 
1 5412 5312 8972
10216 1820 6397 
1 824 2487 4343
619 5247 8507 
1 2061 5587 9438
10951 4861 18512 
1 1880 4185 7221
7113 14156 6202 
1 7367 233 7468
7523 14638 3074 
1 8545 8615 9300
16759 2700 10559 
1 4536 5833 6787
2617 8886 19597 
1 1192 2112 2913
15105 16897 3935 
1 2135 8545 9978
16759 19565 1923 
1 2663 1436 8138
6586 6197 15956 
1 8273 3166 9269
14350 6007 11308 
1 2017 5827 7717
6410 3939 18676 
1 3747 1957 4488
685 8821 8792 
1 3542 2852 4826
4644 8836 498 
1 2739 321 7648
14379 5769 166 
1 6394 1407 7479
2444 14481 14661 
1 7167 932 7649
1208 4223 6973 
1 8557 9490 9509
4474 16983 17180 
1 5401 9118 9154
17883 759 17882 
1 2984 2469 7452
4279 5406 18072 
1 1029 3703 5975
5498 12762 392 
1 690 6439 7220
10470 12619 6273 
1 7396 1651 9968
4035 14154 17435 
1 6178 1766 8651
1 18165 16611 
1 2939 5801 7064
18880 13112 13849 
1 6192 3814 8237
7469 4495 7038 
1 2143 7266 7837
14972 14244 5778 
1 37 5801 9825
9433 18880 10658 
1 6099 692 6100
2598 7006 2810 
1 152 4389 9156
10554 1630 2592 
1 4387 3179 5644
8594 11064 10302 
1 6501 5738 9173
11246 3011 5481 
1 8406 5552 9870
11217 16483 12883 
1 5885 6237 8541
11535 6964 7993 
1 9042 2375 9631
15380 6969 17536 
1 7019 1708 7109
2996 13759 6541 
1 5054 1339 5063
14943 6897 4101 
1 5200 927 6375
5866 17867 12494 
1 220 3020 9034
6288 6758 17720 
1 5256 4882 9963
3652 3653 12822 
1 5776 184 7429
6377 14562 5849 
1 8394 8494 8495
6559 16461 16661 
1 3288 2986 7710
9503 9037 6068 
1 5019 8488 8586
1364 14906 13210 
1 393 2317 9285
2745 12402 18210 
1 2270 1449 7915
2821 4435 9749 
1 3382 1713 4977
18454 9296 2832 
1 9219 3805 9712
8250 7140 10571 
1 2149 3915 9219
12446 4344 18080 
1 4497 2560 4814
8810 9431 8809 
1 8877 4510 9132
3565 16182 11436 
1 4317 4316 8940
8061 4490 6106 
1 4083 3722 6640
17410 7289 7397 
1 6424 983 7287
12589 15757 13606 
1 3437 3941 5759
6730 5927 11289 
1 2578 7861 8747
15416 6649 11161 
1 1123 4592 7145
17739 12339 7843 
1 5159 6636 9258
13006 5594 18158 
1 2562 856 9754
8938 19335 19137 
1 843 6249 7549
11425 14399 14800 
1 2009 5879 7845
17514 3923 12245 
1 6043 6524 9221
16584 4947 12785 
1 8155 8055 9665
5907 3286 15159 
1 4140 1561 8849
3400 13189 17358 
1 903 2497 5756
3399 9715 4002 
1 8876 8994 9706
7994 19041 7095 
1 7727 6850 8925
7976 15147 7907 
1 4635 2100 8385
14165 6049 5056 
1 520 1724 2100
1901 9921 1029 
1 4982 324 6493
11416 18094 2892 
1 7576 5715 9188
1791 18019 8517 
1 6705 882 8208
4022 1192 12990 
1 4172 6314 6413
12012 1932 12764 
1 5105 7250 9956
14215 12777 5619 
1 3989 1223 7399
3618 10989 11339 
1 39 2678 2706
5238 1977 5293 
1 7750 5104 8178
1185 12807 11556 
1 6346 992 7745
6442 12436 10844 
1 1025 4500 4533
5 8814 14172 
1 255 5439 6663
7005 10659 8412 
1 5195 842 9289
10181 13022 7985 
1 1501 5521 5588
14967 15246 9371 
1 357 3940 8383
4236 2978 17713 
1 2900 7564 7842
14830 14829 15378 
1 4525 979 4865
1987 9531 1899 
1 2806 1008 4419
7012 13574 5488 
1 3014 4872 7459
1160 13172 14622 
1 2990 169 9275
4549 2414 7534 
1 5049 3948 9220
19419 13262 18082 
1 1399 4410 6351
8639 8638 7666 
1 5807 1735 5952
4654 9390 11662 
1 832 2737 8298
5326 16273 9052 
1 3768 1682 4787
11502 17965 9379 
1 9176 5622 9276
17996 11197 3937 
1 631 5181 9953
9263 19519 10343 
1 5882 2013 6647
11929 1359 13029 
1 3654 1336 4285
17026 6368 8390 
1 3159 3253 4149
11875 6369 8124 
1 93 1948 6807
3855 17002 13342 
1 1575 7062 7233
13110 6159 2418 
1 2497 903 5491
3363 16040 10762 
1 1561 4140 7267
3362 5419 16635 
1 6555 1071 8483
2613 16637 9280 
1 353 5984 9337
11726 18312 3404 
1 2948 531 8813
7117 140 17287 
1 4661 353 9337
9130 3402 6869 
1 8269 1770 9433
16217 4442 12662 
1 4215 4932 7164
2506 13353 396 
1 6272 1745 8589
339 3176 7805 
1 5372 7486 7546
5114 12811 719 
1 7188 5604 7453
13156 11964 6225 
1 4591 5238 6637
4244 8796 1659 
1 3567 1730 9962
11159 19536 2017 
1 2655 1657 6187
2112 12124 2386 
1 2331 1365 4192
12970 9841 1178 
1 5033 82 8621
14058 11450 13906 
1 1850 4948 8066
16006 3215 4150 
1 7242 23 7569
14199 10008 2020 
1 2399 4195 6049
12791 -3 8213 
1 4573 3847 6195
3017 7404 7463 
1 1751 36 7814
12461 5719 4426 
1 2137 6490 8145
819 8349 15971 
1 450 5103 9927
13931 19473 18095 
1 8837 2091 9797
16316 4083 12616 
1 4474 7414 7825
14532 5348 8817 
1 2782 3734 6643
4563 7346 8277 
1 2107 1871 8742
12917 17146 14851 
1 8684 9608 9707
8161 12464 12463 
1 1547 496 3906
16342 5476 539 
1 8181 2659 9758
1960 18321 2139 
1 2090 2734 4984
5640 2453 12875 
1 4097 3369 4109
11788 3946 13887 
1 8498 778 9115
5837 16666 17877 
1 406 2933 9671
17592 5933 14233 
1 6436 4998 8955
52 3761 17109 
1 6210 1792 8885
16756 10763 16887 
1 5150 1535 9918
8043 8038 6111 
1 6145 514 7590
12041 7601 12219 
1 7023 2088 9254
9136 18150 10148 
1 8495 6127 8496
12006 4460 1273 
1 7316 8045 9567
9459 452 18767 
1 4103 5563 8144
12223 15968 10902 
1 4596 8348 8744
11577 8739 18162 
1 7981 4717 8093
2576 15870 15528 
1 5753 4060 7896
6183 7555 15484 
1 8301 6653 8724
473 3267 16623 
1 3959 6949 9063
13623 7097 17776 
1 5098 5097 6847
14567 9787 10180 
1 3720 1028 5195
15039 10181 1963 
1 6866 6865 6965
13331 13454 1563 
1 3993 6802 7172
12664 12862 12475 
1 4038 3027 4098
18826 8023 7905 
1 8221 4764 9305
5860 16122 18251 
1 6745 999 7786
1371 11895 803 
1 1511 6661 7193
13056 6422 9965 
1 4778 4745 8269
2860 12299 12662 
1 41 5370 6462
10522 6039 12663 
1 119 3024 8960
2109 15827 8025 
1 4179 634 5354
16844 628 10491 
1 6646 2600 6709
5290 18208 13150 
1 4269 4612 4700
9519 12438 9208 
1 1622 3613 9342
7076 18125 14204 
1 5400 5337 7729
8897 2712 4262 
1 3995 2758 9849
4545 16194 19325 
1 4180 558 4599
5154 6014 9010 
1 6692 5214 8799
9826 10217 17260 
1 7562 2860 9980
13173 9761 9048 
1 5822 5618 7931
8956 211 15553 
1 6124 783 8906
11999 17469 11015 
1 2549 5377 5533
10536 5127 10843 
1 1777 7679 9694
15054 13946 13872 
1 3482 5383 9488
3786 18612 6036 
1 3077 3531 9496
2250 3067 7651 
1 1976 4950 9159
9699 10612 17963 
1 7123 7298 7879
18645 12776 773 
1 3128 2593 8653
11665 9690 16972 
1 3201 3144 9332
17773 18302 7504 
1 1546 1185 8780
2430 17221 2429 
1 4714 4057 4776
16381 9356 9234 
1 5955 8260 9355
16199 10756 16198 
1 2940 2649 3035
19302 1668 2401 
1 4130 7386 7883
14478 2172 1867 
1 4266 3152 6832
12323 8353 6794 
1 5342 2378 5377
11391 10466 4982 
1 189 7929 8660
6114 10383 16985 
1 9400 9846 9847
18437 7847 14194 
1 5795 3826 5886
-4 16397 11538 
1 2502 2179 6316
15667 10947 12093 
1 599 5184 9942
10159 15259 8290 
1 7616 4588 8633
14930 5281 1389 
1 2609 1836 3267
9570 10015 6349 
1 4778 6276 9021
5949 9361 2860 
1 5370 419 8812
3858 4698 445 
1 484 6297 9130
2238 8215 12340 
1 3370 4777 6880
15396 19518 3884 
1 1790 3330 5722
12537 12061 5456 
1 3033 671 6397
3031 16880 5938 
1 1640 8910 9591
12632 15398 15200 
1 4397 5248 8150
1928 4994 2286 
1 1187 1794 6972
7302 1079 9085 
1 1278 5492 7271
10764 7256 6862 
1 4703 336 6768
7248 9213 11251 
1 114 5061 7809
1655 9916 4972 
1 575 1049 3728
5885 17429 2550 
1 1324 1792 1794
10763 2031 7301 
1 1128 2381 6457
12962 214 12654 
1 1795 2463 7586
4717 4814 14874 
1 1589 763 2228
13989 5236 4355 
1 6202 1482 9943
12154 2871 19503 
1 2942 3463 5546
8233 10868 6781 
1 3520 3446 8732
10463 2988 6158 
1 5743 246 7630
6778 11256 2391 
1 7203 3711 9026
7268 3186 1112 
1 2873 698 9118
10004 759 10582 
1 1523 6150 8434
18555 15660 10806 
1 6365 6882 7992
8691 13488 5821 
1 5740 3133 9664
18808 18131 18958 
1 1243 5088 9016
6517 6468 17684 
1 1431 732 6936
18089 13597 2785 
1 3020 6848 8772
15258 1265 467 
1 9034 4823 9110
6758 14814 2199 
1 4280 359 4831
9537 4955 8380 
1 9533 7674 9634
12766 15044 4875 
1 4226 6513 8100
3028 8274 10235 
1 1804 854 9782
15883 19191 16753 
1 5163 2894 6294
17451 421 4596 
1 1346 9210 9225
19069 5767 3879 
1 3015 3007 3366
1092 1469 6592 
1 3718 3866 9429
3574 7572 4866 
1 2377 4826 8243
16236 8130 4974 
1 559 3345 4177
945 18040 6357 
1 6816 6356 9057
4513 -6 14039 
1 1578 2740 8491
128 7800 582 
1 3406 4582 8904
6671 3261 17465 
1 2819 2736 3599
12749 6041 2142 
1 7807 1801 9318
15127 6086 5841 
1 2733 7462 9817
-4 7668 19064 
1 191 4262 4766
1377 8346 9338 
1 1601 712 2798
2115 7704 3562 
1 3474 1557 5315
8935 3540 7349 
1 6724 3996 9874
15109 4117 18483 
1 1557 504 5315
10615 10412 3538 
1 2931 1641 8514
12759 16698 6261 
1 2105 6973 9742
13670 4591 16489 
1 2350 8995 9392
17642 7565 9894 
1 2431 7470 9231
14643 12720 15055 
1 4881 755 8843
1339 15185 161 
1 2002 1560 2458
914 4803 3039 
1 2362 2002 8326
914 4615 16329 
1 1817 2495 7751
14148 4561 15195 
1 2201 305 8225
2605 1415 842 
1 2294 5061 8826
9916 9283 6374 
1 5754 8542 9782
16754 4485 15312 
1 2420 1052 6447
16855 12634 12411 
1 8349 6714 8816
10929 1327 15511 
1 2010 2736 2817
6041 2718 5510 
1 7084 363 8264
3613 6315 16919 
1 4554 5368 8565
15945 13550 8299 
1 3778 3777 4189
5066 7199 7595 
1 4898 2561 8672
1235 4970 4778 
1 8172 1251 8963
2043 16024 11428 
1 1949 6414 9716
12570 17580 14733 
1 1824 2798 9186
3562 8423 8143 
1 1824 1601 2798
1014 3537 3561 
1 1839 9544 9612
12077 6264 12021 
1 260 1723 8925
6110 5727 17506 
1 4510 8877 9328
3349 17605 18293 
1 2769 1612 9929
5637 1892 15347 
1 1106 1522 5423
1874 7853 2720 
1 1419 439 1827
3853 2170 1484 
1 2575 4436 8149
5564 15978 6176 
1 8257 3493 9708
16193 8033 268 
1 6079 3867 7478
4693 9091 2396 
1 8761 1234 9909
4547 13482 14560 
1 168 6049 7131
8213 13242 13981 
1 3866 3718 9536
3527 12143 1213 
1 611 692 9536
1997 6020 18708 
1 5594 7926 8414
1549 6840 3577 
1 5594 8414 8725
3576 1514 16500 
1 1851 3383 4876
14745 9301 1283 
1 2676 33 3742
11485 143 1071 
1 1717 5759 6205
14614 5927 1846 
1 876 2813 6842
2010 492 8622 
1 3916 4031 7655
19260 7892 15008 
1 9416 880 9516
18468 4968 2103 
1 4681 3011 5110
5872 6396 261 
1 480 2848 3029
10399 876 5930 
1 5942 6631 7776
10818 11765 10819 
1 2739 1427 5876
166 873 11517 
1 9241 7169 9489
18123 5385 5716 
1 2199 3939 6884
10802 15887 4461 
1 6079 7357 8931
2396 14421 4551 
1 7776 5521 9295
15246 14967 18231 
1 5009 6271 9592
4126 15060 18817 
1 3476 3275 4203
17865 13438 5130 
1 6248 2934 8969
5153 17593 9959 
1 3057 9006 9617
5145 16788 12745 
1 6503 6344 7083
3945 8989 5191 
1 3469 7935 8603
5847 2093 5641 
1 2754 2356 6745
3278 1371 14331 
1 654 47 5336
19310 10454 5558 
1 1559 2713 9149
18064 3170 17943 
1 7685 1865 8786
7960 13237 15065 
1 3066 5285 5984
870 5623 11726 
1 2045 4152 9093
8776 8129 12376 
1 8891 2892 9649
4166 1027 5580 
1 4511 1697 8033
9455 634 8134 
1 5168 5661 9928
1158 13257 1721 
1 4072 733 6620
10489 1722 12974 
1 6313 4385 8427
17892 16525 2804 
1 4381 7191 8099
11527 10482 15882 
1 591 1849 6203
12141 11958 12355 
1 4011 3443 5804
-5 3228 1431 
1 2567 16 5245
15087 14641 7460 
1 363 7084 8389
3555 10608 5308 
1 6155 859 7384
3891 1663 9000 
1 9465 282 9791
7376 9652 16188 
1 4885 1348 9958
9572 2981 14094 
1 4559 454 8483
13412 9280 8930 
1 1223 3989 5431
3373 7812 10642 
1 5182 487 8636
10156 333 12384 
1 5137 5037 6280
8007 7637 4936 
1 2264 7902 9094
15495 12129 13176 
1 2198 908 6801
4295 13329 6506 
1 1855 6801 8236
13330 7919 5055 
1 4232 1856 6532
19178 18088 5284 
1 6767 2370 9220
9970 18081 7731 
1 8120 2222 8909
17467 17661 17475 
1 1937 2925 3870
5723 5722 7579 
1 3394 3522 8790
16841 10912 6647 
1 7400 9232 9969
19447 7988 13253 
1 8229 8329 8330
9043 2268 2787 
1 1432 1859 8339
16335 7258 11959 
1 1862 1560 2362
15764 914 4980 
1 8669 6368 9485
17004 9764 4616 
1 4368 573 9642
13086 18916 1243 
1 8968 8057 9009
5446 10855 13717 
1 780 81 2475
1086 1344 1320 
1 3063 1290 8433
718 4041 10666 
1 4405 2594 7065
5397 13851 12503 
1 3704 468 8817
12168 5072 17294 
1 8723 786 9704
4031 2800 16507 
1 2442 1438 9623
4771 5302 8179 
1 3960 3395 6296
3231 11350 6650 
1 2905 6753 7861
11162 6649 13238 
1 297 2624 6251
5132 19287 11461 
1 3979 70 9751
3818 11315 5520 
1 6483 2705 8981
8741 17615 15121 
1 7116 4463 7743
12259 13951 16149 
1 6749 3625 6773
17775 7098 1491 
1 501 3598 8450
13415 2191 16572 
1 3886 1698 7388
6974 2738 2839 
1 3528 1458 7847
16651 2706 432 
1 4882 5256 7480
3338 1858 18921 
1 4882 86 9963
2784 19538 3338 
1 3266 3585 6281
7585 3724 2554 
1 2334 4058 4974
7945 10142 9745 
1 5554 4050 6922
10885 2498 190 
1 8077 2707 9000
8748 17652 12427 
1 5716 5099 8810
499 1943 17281 
1 2112 5673 9300
15106 18240 2700 
1 3732 1173 4482
2277 4124 4170 
1 7615 3431 9858
-3 14928 6526 
1 474 3657 7228
16765 14171 13278 
1 1978 587 5001
14453 3865 9797 
1 3860 1780 9767
7560 11056 6265 
1 1266 8328 8528
17653 3965 88 
1 4825 562 5843
9453 4827 7640 
1 3203 4092 6570
7073 3902 8012 
1 2532 1383 2547
18067 3040 5402 
1 8568 7409 8624
10311 7538 6539 
1 8381 138 9030
2477 17276 10087 
1 1292 6566 6567
13857 8194 12870 
1 4492 5379 7756
47 7756 15206 
1 6537 2252 9414
6 11934 5347 
1 2309 986 3527
6269 6906 17061 
1 2459 886 8377
6557 4806 16427 
1 1882 7582 9074
14866 336 10090 
1 3183 5228 8306
10324 16289 4068 
1 3824 4369 9997
5201 11088 5766 
1 3669 1492 7321
376 7184 395 
1 3802 5144 6527
507 4688 5049 
1 2467 3189 8819
7902 13826 13941 
1 5251 5135 6131
10063 4239 9809 
1 3216 4942 6230
4718 5319 8011 
1 6383 3527 7598
14109 14065 9933 
1 400 2548 8768
-6 4275 3686 
1 5601 400 8768
5751 3685 7921 
1 6992 2207 8048
6153 15780 2748 
1 3887 4225 4470
8273 7612 5678 
1 4078 2531 8424
18114 9891 7876 
1 4067 4296 7177
13060 8145 7146 
1 1070 39 4425
5238 3282 2551 
1 145 575 4791
265 81 6217 
1 4522 271 8492
4284 3877 6915 
1 3334 2501 5864
13513 9958 6135 
1 8198 5814 8224
6440 5633 11242 
1 1551 6851 9208
13427 4649 18057 
1 2183 2671 5260
10076 4266 10499 
1 2834 3466 4860
16248 2637 1527 
1 6952 5127 7051
11234 15370 3896 
1 3854 4994 6446
7547 4584 14027 
1 2675 602 6967
15982 13658 8525 
1 4207 750 9369
518 866 4023 
1 537 2760 3726
6708 195 6655 
1 2674 3833 4209
3804 3736 4330 
1 6603 4730 9303
15456 18246 11117 
1 1897 9108 9384
10176 14703 3941 
1 2744 3481 3482
13208 5368 6818 
1 8092 6412 8240
6789 10241 7658 
1 2056 891 2353
11489 7759 4598 
1 5676 7678 8037
17917 15051 11127 
1 4555 8459 8870
19024 5879 17399 
1 2214 8862 9893
5799 1062 4326 
1 8500 7169 8600
6124 16868 2102 
1 6098 7594 8380
14889 5379 13669 
1 5174 3476 5234
1980 7477 2070 
1 7171 8628 8734
16923 4625 13317 
1 1340 4374 6689
8567 7305 1118 
1 8798 3456 9389
17258 11032 6728 
1 5545 3643 5960
10236 4027 11678 
1 1295 292 4321
14296 7213 8463 
1 3373 3372 3473
6601 3886 18443 
1 9247 3676 9565
8201 7679 373 
1 2564 2195 4883
3744 3743 9373 
1 6281 3585 8347
3654 8037 253 
1 8642 2885 8735
6466 17133 16950 
1 1144 4352 5709
5232 11190 11001 
1 6341 6639 9000
979 12426 15837 
1 3100 3981 7703
18550 3809 5540 
1 936 935 1909
837 3730 17257 
1 935 1035 1909
17177 7019 3729 
1 233 833 6057
7523 1398 14638 
1 2073 1964 4620
2543 4987 4664 
1 5839 1003 8111
266 10256 -5 
1 5393 6719 9771
9858 9859 10092 
1 6686 2233 7190
14552 331 4757 
1 4209 3833 4483
3704 8782 7505 
1 9424 1393 9874
3745 7124 4117 
1 5793 2408 6219
17075 11356 9318 
1 1914 1918 9410
14618 -3 2489 
1 12 11 7457
-3 14617 12871 
1 9601 1915 9687
18835 10115 19588 
1 7599 4472 8713
19510 593 8760 
1 2195 1403 4883
15407 5478 3723 
1 1906 2195 2564
10154 3723 5013 
1 324 1393 9424
11415 3737 11102 
1 6945 7094 9105
10960 3229 7909 
1 209 4535 9314
8884 1252 13011 
1 3985 4085 5531
5586 6596 4363 
1 1036 864 4797
7195 4657 7991 
1 2021 581 9785
10208 12058 19198 
1 3923 1368 6706
14470 2539 12747 
1 4327 1921 9281
17981 5712 8881 
1 3837 993 4689
7514 2321 15562 
1 4853 4671 9008
4950 17667 11360 
1 6453 787 7970
726 15627 2754 
1 1923 424 8278
5001 17559 14468 
1 1172 6182 8207
3225 7920 16094 
1 8674 2956 9679
714 18988 7923 
1 6061 9772 9873
1855 4781 14224 
1 39 1890 7684
5293 10003 3282 
1 4998 2838 8955
5552 8064 3433 
1 4044 8418 9704
16508 6819 2800 
1 5761 4115 8472
9302 14278 8802 
1 3300 6161 6162
12073 11882 7751 
1 835 291 3205
9618 4055 5324 
1 4546 2277 4895
2014 7292 8906 
1 3763 6864 8893
2057 335 5677 
1 2683 1691 7480
959 293 14663 
1 3555 4052 9374
16892 9659 18385 
1 1930 3950 5720
7735 6962 9658 
1 7347 3176 7808
9020 15309 695 
1 1931 3006 7347
2060 9020 14401 
1 488 4608 8654
11286 3294 16974 
1 5559 1527 6952
10895 6531 4676 
1 736 2385 7230
17484 182 14174 
1 1933 199 7230
5652 1426 16180 
1 5215 85 7366
-3 12246 4458 
1 3257 1929 6213
7427 8699 1275 
1 6163 2446 7613
16523 13526 14925 
1 3760 4074 6226
2717 12201 5923 
1 2605 1636 9689
2589 3849 11010 
1 7648 9216 9868
5769 2777 7116 
1 3876 9107 9848
8328 7669 2969 
1 1835 880 5623
4968 378 11022 
1 8041 7527 9053
5651 2929 13770 
1 3482 1959 5383
1973 10548 3470 
1 284 6444 8265
13875 12430 12038 
1 549 6845 7077
13024 13416 2583 
1 1008 3580 7125
7012 453 9332 
1 241 6198 7626
12146 12892 2602 
1 257 6315 9827
4865 8580 8579 
1 93 529 1941
13342 1028 19264 
1 8003 6676 8361
2045 13085 15691 
1 7848 1056 8195
2364 11439 9341 
1 2251 3031 8864
18973 17386 16400 
1 8864 6261 9691
17387 11378 11743 
1 4614 368 6808
1835 8084 9038 
1 467 1944 7979
15021 5889 13932 
1 979 2644 3796
4152 3800 9531 
1 2644 1945 3796
107 1199 3799 
1 2682 1946 5104
15300 668 15592 
1 7499 2796 7951
3281 5470 10002 
1 2349 1947 5124
11777 7334 15364 
1 3833 2674 8510
3704 6656 12976 
1 1628 566 3956
16845 3175 7747 
1 1628 207 9649
7747 5580 18930 
1 4273 3223 6414
8364 19060 8368 
1 4176 5499 8172
12995 10777 16025 
1 7703 3981 9359
3728 5905 18356 
1 84 6809 9702
13346 4486 1511 
1 4933 795 6358
18021 2388 9135 
1 2107 7579 9526
2233 2077 12917 
1 2981 1503 3757
8087 17757 7359 
1 914 7080 7526
13881 413 4920 
1 3265 2042 4722
8107 8108 3131 
1 686 3060 5579
10963 519 10935 
1 8579 2823 9830
7957 4779 4675 
1 70 3979 5288
3645 6482 10359 
1 3509 3653 9835
489 19296 2061 
1 2838 3483 8723
15763 4031 8064 
1 1708 9249 9277
18139 8096 13759 
1 3178 3603 9297
13690 7848 18234 
1 7941 1514 9820
9380 10211 19460 
1 1696 9421 9522
9893 2325 18678 
1 4386 6579 7973
12893 11925 11533 
1 6597 4964 8352
4606 12135 5110 
1 6114 3182 7669
175 15036 11346 
1 2561 2542 9190
10839 5187 2273 
1 6146 281 6245
4543 12236 12042 
1 4806 3323 8964
11506 1281 538 
1 1966 7388 7479
14482 2738 2737 
1 4928 4224 8863
6934 17384 12688 
1 3394 2210 7039
6647 6648 551 
1 1962 8484 8533
16640 2432 12396 
1 1963 9517 9688
18670 9287 19006 
1 1240 1963 7115
18670 19006 602 
1 2551 3587 4123
1564 7026 8073 
1 508 4123 4620
8073 8072 232 
1 8369 1713 9409
16412 18454 44 
1 2520 8197 9433
17921 13354 9360 
1 2007 8490 8863
2443 597 9655 
1 2126 6796 7352
15962 13319 6908 
1 8026 8025 9750
15542 8197 15735 
1 369 799 9750
1548 19128 10668 
1 1968 415 7327
793 14362 11470 
1 3184 5950 7938
560 14699 2863 
1 4543 1114 6260
1130 8068 12267 
1 4068 7274 9319
14259 8900 682 
1 1636 7053 9689
2992 5970 3781 
1 1634 7014 7509
11009 1120 3191 
1 574 2804 8405
15535 18843 6738 
1 1244 7722 7723
15137 8314 15140 
1 439 1419 8325
3568 12758 3854 
1 4071 439 8325
2170 3853 2049 
1 1948 93 9819
3397 19264 17440 
1 9093 1845 9827
17834 8579 12376 
1 2336 2072 8457
17284 4567 16586 
1 1454 419 5370
6091 3491 10522 
1 2034 5190 5387
10562 5477 6715 
1 104 5190 5290
5477 9408 10363 
1 5197 5000 7139
9034 9795 2410 
1 3627 9164 9486
17340 14550 17973 
1 208 3182 4407
15036 5838 6228 
1 2665 2607 6282
2633 741 15556 
1 5001 587 6022
3663 6016 18247 
1 1642 38 5973
10594 1066 11704 
1 4129 6814 7309
13356 1267 14328 
1 2598 3683 8011
5080 15707 15318 
1 3958 720 9252
12074 18145 1241 
1 1577 5282 9730
10348 8712 6201 
1 938 3452 5925
-6 9339 1074 
1 4294 5413 8258
8337 8211 16195 
1 4348 69 9188
13144 1683 18020 
1 1655 1809 8947
6801 11201 17549 
1 5286 3301 6141
13807 2126 12033 
1 5619 2052 5993
301 6022 11744 
1 271 1834 8492
3000 2886 3693 
1 1928 3099 7600
15294 7946 8439 
1 2828 1346 9225
5532 3525 12485 
1 2640 6284 9981
5163 4091 19571 
1 713 2499 5276
15216 365 10336 
1 5946 2466 6817
11651 13362 12082 
1 2584 5520 8797
1871 7925 6363 
1 3450 3370 6880
10757 3493 13485 
1 3672 402 5489
7384 5855 19100 
1 3372 1227 3473
15375 6799 3721 
1 2577 2972 3190
928 5038 6209 
1 5074 4491 6757
559 9942 19161 
1 6000 5089 7160
1652 4593 2976 
1 4727 761 4824
13583 788 1512 
1 4824 859 6155
18587 3614 1297 
1 956 4735 7860
12711 15413 12913 
1 2970 877 5334
5813 9485 10451 
1 3837 1729 7745
14159 17604 7514 
1 763 1377 2677
13988 665 5236 
1 1202 6952 7051
13629 3699 2334 
1 9085 4547 9651
1003 14018 14408 
1 1033 331 5271
2972 895 -5 
1 2102 1996 7304
14711 14317 7733 
1 7446 7549 8452
14182 14399 16576 
1 107 1765 7104
18440 13927 2975 
1 4092 479 6570
3903 1087 3667 
1 479 4092 6230
3902 7073 12209 
1 8390 7314 9534
12722 9574 7743 
1 1906 5597 8315
3126 16307 4597 
1 8001 1838 8102
13493 8671 15113 
1 3650 5298 9899
10375 2372 15253 
1 5295 4160 7780
18218 10379 9788 
1 1816 2458 6355
3039 789 15029 
1 1816 1660 8326
12455 18060 4615 
1 8811 7459 9561
11446 10250 12277 
1 4890 568 6327
16116 9581 12204 
1 1946 4549 4692
15937 -5 8912 
1 351 7144 8706
14006 11355 8013 
1 7163 7492 7942
6731 7321 4856 
1 4929 4297 8142
5955 7135 6780 
1 5646 5568 8413
16849 10913 1020 
1 4677 6855 7816
13435 17137 1712 
1 2831 2161 9711
4222 1979 410 
1 121 7775 8277
15244 12689 2890 
1 6300 4300 9681
10449 12792 10540 
1 4744 1638 9684
9294 11000 10448 
1 5879 7581 7845
15972 4087 3359 
1 2296 4396 7541
8839 12604 14588 
1 163 3220 5274
18689 6303 10332 
1 1054 178 2010
11456 1503 2279 
1 5959 2462 7392
4977 651 14490 
1 8451 4775 8845
16946 8706 7360 
1 4615 2492 9014
8781 5202 4870 
1 2760 2012 3398
6707 4642 2125 
1 6647 5980 9183
11327 8591 49 
1 7460 839 8280
14624 11150 4605 
1 1343 7301 8485
14312 14050 14787 
1 3280 1362 5641
708 2558 5864 
1 1874 1192 2913
13609 3306 5699 
1 1777 7130 7135
13979 8 13945 
1 8701 9176 9276
6687 3392 14697 
1 3309 7754 8565
15201 7638 13550 
1 5827 1524 7717
11422 10938 3310 
1 3109 3272 5581
5068 5898 10939 
1 8916 1897 9384
7528 3706 14702 
1 4624 8267 8785
16213 15182 14672 
1 7614 5151 8469
9775 5264 15161 
1 5592 6240 8241
13908 15162 14048 
1 2020 6344 6503
4712 3596 11635 
1 3369 2762 4109
6597 8816 3430 
1 6932 5794 9836
618 19298 5365 
1 6154 1920 9785
2867 19197 960 
1 7119 4357 9799
433 18083 19226 
1 2315 8958 8959
17571 185 10613 
1 65 7038 10000
13797 8530 19602 
1 6243 6888 8386
12233 13500 284 
1 2392 3760 9860
5726 19344 5715 
1 1397 617 5288
10928 6483 17292 
1 7675 5892 8663
-4 4925 6117 
1 2879 1053 3662
12944 5630 5631 
1 3094 2026 6403
18713 -3 8155 
1 7939 4709 9048
15568 5182 5183 
1 2912 3360 4315
213 5244 8451 
1 690 7698 9018
15090 12618 10470 
1 6891 4851 9996
7341 6438 12019 
1 9157 9359 9457
2213 5905 7796 
1 5786 84 7703
13346 11342 18356 
1 2186 2378 7476
487 12949 573 
1 8328 2030 8528
16333 16726 3665 
1 2457 3004 8190
9231 5440 3089 
1 8320 5069 8837
16317 17334 4613 
1 4640 6458 9740
12656 12305 5850 
1 703 1090 2395
17029 2164 1553 
1 4429 459 8748
8320 8631 10704 
1 6301 5397 6303
2458 10576 12353 
1 2800 1975 5387
18730 6715 10170 
1 104 2818 5387
7984 10555 5477 
1 6482 6408 9069
184 1872 10199 
1 2187 259 4398
6703 1346 13483 
1 7413 4116 9952
9359 8059 7183 
1 4120 3286 7841
17705 2466 6603 
1 1968 4608 7834
3294 937 793 
1 4936 2070 5772
4118 8245 11314 
1 8048 2856 9705
1850 19038 10284 
1 3186 6398 8461
17456 8729 5256 
1 554 785 2039
1717 3983 2922 
1 785 1165 2039
19162 8755 3982 
1 7140 3695 8547
4844 16762 6009 
1 3435 6933 7629
1647 1731 13986 
1 5888 7170 7401
14056 7768 14508 
1 1463 1674 6454
10864 2850 18285 
1 652 3458 9587
19406 9129 6064 
1 256 7445 7760
9128 6121 1325 
1 2043 4437 6812
6594 13480 13352 
1 3965 2243 6878
16568 8157 7764 
1 2539 7988 8497
4550 14420 10307 
1 7478 4395 7988
18461 14420 4351 
1 8296 2244 8448
6593 16567 2811 
1 2045 3367 4480
6252 4385 8776 
1 226 8765 9811
11806 17191 12649 
1 740 1850 7966
17895 4150 9299 
1 676 2963 9893
16594 17383 13651 
1 3466 2214 9759
5799 19147 4327 
1 3687 239 8517
1228 1827 7221 
1 946 2048 9065
647 11429 655 
1 1722 903 5756
10761 3363 14426 
1 2365 6927 8710
15073 2724 17084 
1 6899 6825 9386
12919 4448 11423 
1 6473 2238 6549
686 2828 7429 
1 4295 542 4697
2927 2100 5859 
1 1984 3076 9779
7109 11082 19186 
1 3076 3532 6619
1537 12972 6326 
1 491 2053 4833
598 1982 1253 
1 3830 2053 4880
1182 598 9562 
1 4572 2059 9550
6053 1095 7059 
1 718 2720 5371
9741 10523 9633 
1 2595 2858 9449
587 14743 13916 
1 2273 4235 7164
7272 14044 13353 
1 1899 5175 7971
10533 16369 2555 
1 200 1424 9888
885 10731 2018 
1 1189 3610 7085
12476 13890 11497 
1 3465 5318 9765
17557 8902 11128 
1 2523 297 6419
5132 12579 11857 
1 2326 8281 9348
11858 879 12253 
1 8475 1787 8633
16621 10416 10222 
1 2610 882 6705
16673 3370 12177 
1 3097 4207 9369
10726 3702 660 
1 2060 977 4096
18376 13374 7330 
1 2268 3308 9963
2921 10298 19539 
1 5107 14 6668
14198 9374 10009 
1 3643 1105 5960
7276 6678 3719 
1 3034 3683 7909
4580 5080 15509 
1 5851 705 9566
7938 8486 11467 
1 7560 8594 9696
4704 2529 5314 
1 3483 786 8723
1523 3640 3820 
1 7118 4959 8418
79 7410 9716 
1 1526 6729 7946
1467 13387 1094 
1 6065 6533 7267
12803 874 13 
1 7295 1651 7396
14301 3321 14498 
1 1562 4840 7292
13903 4600 15745 
1 4374 7062 7577
6159 13110 7305 
1 2875 701 7580
10017 3187 5768 
1 3575 456 9326
12031 18289 11631 
1 456 4489 8393
319 18470 6391 
1 1290 5272 8433
2742 16537 3637 
1 2237 7289 9388
17306 2630 2847 
1 1951 1392 5269
12460 6437 14407 
1 5567 7444 8287
18422 2708 10911 
1 8764 1778 9481
69 6826 14227 
1 3798 7526 9703
14755 413 13880 
1 562 1788 7364
9453 10521 4697 
1 1770 6462 8323
16217 6039 2831 
1 2387 3168 5726
7223 9050 9972 
1 3702 3507 6012
10314 15207 11782 
1 7102 8337 8751
4990 4723 17165 
1 3964 2074 5958
17132 7996 8524 
1 3017 3100 3699
18549 571 9452 
1 2173 4875 9391
9552 5690 11463 
1 3205 291 9018
3765 295 17687 
1 4162 3252 4951
12020 8149 588 
1 957 2077 5964
18984 8982 1053 
1 7116 4080 9685
18209 13950 12259 
1 568 8218 8749
16116 10721 9714 
1 2467 2169 5927
13941 4526 18800 
1 4133 4682 4726
6206 6851 7297 
1 3680 3117 5167
11693 10126 13566 
1 2517 4358 9703
2540 19034 6037 
1 8105 89 8727
15893 10578 13568 
1 612 2444 3738
17864 10453 1906 
1 8828 2935 9961
17316 17638 2033 
1 2768 1335 2911
17647 2338 5694 
1 5139 3183 8306
4622 3677 2036 
1 3082 2846 7130
83 1478 2823 
1 8682 7403 9812
14512 17030 3234 
1 6379 5487 6841
18288 6998 4127 
1 6001 6803 7609
13333 12151 14917 
1 1582 4318 8667
6836 2888 833 
1 1181 7494 9747
9984 4131 2887 
1 3380 4452 5681
6620 8719 5362 
1 3380 287 3815
5362 13751 7471 
1 2121 2427 7986
17662 525 14746 
1 6695 6534 7595
584 13223 8787 
1 2037 7958 8228
15606 13992 15605 
1 4888 527 8446
14974 10133 15434 
1 4798 4589 9854
8020 8777 13508 
1 4712 3004 8837
9012 9231 12616 
1 2091 2734 9797
14185 4801 3422 
1 2031 2252 8320
4400 6 9230 
1 4102 7730 9251
17377 965 18144 
1 4102 7732 9690
18144 14764 12853 
1 7581 473 7845
12923 15383 3923 
1 7962 2280 8047
240 11523 15779 
1 2319 4390 6838
11432 8088 4623 
1 5228 221 6980
10244 13683 11087 
1 6284 5106 9981
12315 8887 3880 
1 2894 8897 8939
17451 4498 17533 
1 3419 8387 8718
5289 13158 13002 
1 5981 7881 9755
18223 4517 4890 
1 5792 4904 8831
16243 17321 6270 
1 3161 3162 6846
381 6190 15628 
1 4976 2 9903
-5 -4 15488 
1 5090 3626 7898
2091 608 15487 
1 2167 2854 7412
14114 12046 13976 
1 3725 7129 7280
2198 2348 1656 
1 3649 5054 5063
14547 3335 5057 
1 5729 6824 6925
12980 11228 17083 
1 2040 4379 9060
14381 875 17770 
1 7443 6935 9056
1034 8769 4904 
1 3490 7103 7662
629 2794 15022 
1 4684 3462 4878
2789 6988 5971 
1 1433 1970 7509
1113 13749 4439 
1 294 5480 5862
10034 6394 7018 
1 3218 1129 6428
11153 14069 1734 
1 5708 7368 8531
1163 12005 16091 
1 8409 9077 9742
15642 19113 294 
1 6568 7457 9314
12871 12872 2559 
1 306 4486 9301
7705 4260 4259 
1 1602 2662 6358
5205 9135 10472 
1 6591 6406 9526
7313 2258 18688 
1 7740 99 7911
4706 15173 15174 
1 3996 9424 9874
18484 3737 3539 
1 2070 4936 5532
3979 10419 9670 
1 4178 135 9627
13271 12469 7857 
1 2507 1306 9154
5025 17381 17761 
1 3616 5785 8851
11340 5683 17361 
1 4376 1726 4679
12374 11978 9167 
1 5212 2797 9120
10212 17885 13829 
1 1173 2913 4482
5698 16898 3660 
1 2135 4482 8615
8780 16898 16759 
1 6271 5009 6867
3592 12284 13459 
1 436 6379 6841
835 4071 7982 
1 3637 4741 7931
6312 2343 6313 
1 1885 3189 7047
13826 11614 5092 
1 6126 8438 9731
19392 17538 7007 
1 7494 1381 9747
1579 19123 4074 
1 1063 1671 8171
8516 16022 6345 
1 4638 4112 8119
616 3025 7662 
1 4105 31 7226
2584 1726 14167 
1 5475 6321 8170
6005 9560 16021 
1 908 1349 2558
4295 5000 2622 
1 2558 3596 8952
5000 2623 10967 
1 3089 4721 4991
16719 7175 390 
1 3089 1519 8524
11567 9249 16719 
1 2407 6242 7836
3066 4703 12128 
1 5355 6617 9499
18239 9772 18634 
1 2088 4897 8850
4742 -5 9594 
1 7269 3882 7542
878 5710 -5 
1 5450 2767 6739
10680 5077 16840 
1 6969 3115 8503
2734 5413 7741 
1 7972 2729 8107
3165 15897 6499 
1 5347 730 6339
11453 10476 19066 
1 3413 1178 7855
15793 14647 15402 
1 5035 218 5726
613 9972 437 
1 7966 1850 8066
3997 3415 15619 
1 4445 2278 5381
8708 2344 16606 
1 2644 979 9362
3799 1987 18362 
1 1258 7876 8344
441 14999 4673 
1 2117 6643 7350
8277 10323 2562 
1 9013 6953 9411
11301 13631 18458 
1 9298 2806 9412
18236 6813 2603 
1 4962 5840 6715
9001 541 11255 
1 2617 2127 3234
8903 15758 4798 
1 2782 3442 4199
9559 5405 4563 
1 7692 5012 7791
15079 19294 15276 
1 6374 2189 8403
19387 10158 10143 
1 2755 1072 8212
4554 16103 6917 
1 200 319 2131
12312 16758 885 
1 2504 5835 7196
13108 2722 14107 
1 7196 2132 7458
2722 14619 4895 
1 2892 8891 9819
3604 340 1645 
1 3956 183 7658
1091 7746 9365 
1 8523 9125 9170
5018 15807 17985 
1 6817 6166 7761
19046 807 12082 
1 1494 3732 4482
2911 3660 8780 
1 1494 2135 9832
8780 1923 5062 
1 7531 4408 8122
466 2570 15926 
1 551 6308 9885
7879 19398 6093 
1 3387 74 6736
15989 157 13204 
1 5237 7214 8984
14142 14536 10260 
1 5266 1273 6625
-5 1952 1069 
1 6798 4871 7218
9543 3015 10247 
1 1802 2139 9026
8332 1112 1216 
1 1631 3501 9031
6854 2451 17714 
1 8988 1282 9005
4976 4181 17628 
1 1282 4165 9005
6057 -5 4180 
1 7179 5929 9321
6015 1990 9786 
1 22 5925 7773
1074 1801 2670 
1 6108 687 7528
6883 11967 14759 
1 1501 7635 9295
14968 11766 14967 
1 1703 2694 7837
15371 5778 15165 
1 4042 6032 7578
15771 12854 14574 
1 92 7928 9086
18344 4494 11862 
1 131 5094 8740
9982 17142 7352 
1 6222 822 6698
12465 11561 13671 
1 7436 7435 7578
1096 11820 12854 
1 3195 4615 9051
9040 13081 17036 
1 5391 1938 7097
10564 10563 7506 
1 5677 1641 7734
2756 12759 1209 
1 8469 1813 9504
5264 12027 14652 
1 982 6238 9498
4512 1905 12098 
1 3173 434 5041
9637 8307 12983 
1 448 3773 5712
2665 2666 11196 
1 1159 5395 9712
10572 1314 7140 
1 3654 3204 8680
14340 18034 17026 
1 1879 138 4150
16804 2477 1046 
1 4208 1147 8738
8238 8239 4985 
1 9328 8034 9487
17605 15462 2225 
1 6904 1343 7543
1409 14787 13532 
1 5128 50 6267
1796 15555 2763 
1 961 6626 9831
11139 7426 10660 
1 2086 9889 9943
1045 8325 19122 
1 2336 6382 8323
16586 16323 2579 
1 1965 1080 3834
9438 2848 7508 
1 6608 7881 9291
4517 18223 4250 
1 4889 2668 6021
10851 1719 9580 
1 9394 8911 9495
18425 17479 8636 
1 1037 1814 3863
16406 17643 5225 
1 1567 743 7787
8547 13051 15267 
1 4743 2524 6820
19463 13367 10841 
1 6353 8658 9263
134 927 18167 
1 3994 4137 4820
2452 8099 13201 
1 2019 4794 7991
2500 1264 15669 
1 7317 8322 9836
11357 5365 6144 
1 6550 6335 8763
4696 17188 5536 
1 155 5935 5936
11405 5582 11632 
1 1021 2161 2831
403 3919 1676 
1 932 2900 7649
14313 11520 3315 
1 277 7092 7171
13854 16923 2024 
1 1045 7254 7573
8228 6471 14847 
1 2163 4528 7785
4227 15263 6894 
1 2163 1247 4528
2034 2473 4226 
1 1434 3325 8318
14886 16313 1782 
1 2257 4984 8752
12207 9932 14184 
1 1005 1483 3299
13701 1615 6461 
1 4254 2099 5354
8488 8183 628 
1 3012 1122 8577
5896 12412 6712 
1 3241 3765 3896
18592 1790 2086 
1 3785 1297 5686
2520 463 -3 
1 113 4740 8839
18669 7096 124 
1 3940 357 7203
3381 1356 681 
1 1190 6381 9110
3275 5911 14814 
1 6030 5007 6131
1009 12014 4239 
1 5135 6030 6131
2858 4238 3682 
1 6764 1370 7976
243 13256 19475 
1 3332 4848 7907
2948 12055 5452 
1 2171 4927 6378
19210 12212 249 
1 4747 5613 6967
7377 5231 13659 
1 4591 3044 5238
9193 2152 3410 
1 4330 1564 6921
8480 5958 13567 
1 562 1449 2665
4697 2633 4827 
1 7544 1669 7933
5042 16942 6889 
1 4686 775 7746
13206 10421 4472 
1 2310 599 6608
642 424 4250 
1 2310 6608 9291
4249 4210 15454 
1 1163 9306 9307
18253 540 5541 
1 7965 5090 8160
2091 15487 16001 
1 2557 7632 8575
16027 8040 8041 
1 8619 6913 8773
16906 9939 13066 
1 2226 2058 2326
8610 1873 12253 
1 5848 6051 6251
6293 11461 9997 
1 1380 3579 8282
15885 1547 2683 
1 7419 6026 8460
4277 12095 9036 
1 6746 306 9301
217 4113 18243 
1 4486 2180 9301
15658 581 4113 
1 5145 7240 8874
15075 2053 17407 
1 5400 7729 9975
3461 5306 6324 
1 5321 49 5837
11239 2606 7002 
1 6139 3210 7704
12820 10166 4702 
1 3143 3197 5358
443 6152 10498 
1 2671 1893 5260
17107 7738 3697 
1 8359 5484 9351
1218 11079 10945 
1 1161 4290 7533
13064 3048 1551 
1 5123 5122 5223
10040 4527 10041 
1 3378 685 9426
6616 13184 7701 
1 2843 1285 5270
4358 10325 10356 
1 1310 3535 6633
6921 13001 4646 
1 2400 6108 6879
5392 14759 4690 
1 5014 1955 9344
5763 18325 4953 
1 2548 4046 8768
-6 14534 3685 
1 2888 6986 8286
13696 5667 13003 
1 6026 7419 8581
4258 1147 6769 
1 5764 3056 6571
5840 12828 312 
1 2469 2984 9793
3318 19213 14355 
1 7491 7391 9862
18014 19348 5975 
1 2664 1607 9398
15491 7590 18433 
1 4093 2408 7911
11356 14005 11920 
1 6083 4891 8171
5270 5158 4705 
1 271 4522 4924
3693 1116 512 
1 4070 1067 9911
14910 19442 5503 
1 960 4873 9143
2896 1743 6446 
1 668 1492 4216
7184 325 17273 
1 4986 6950 8390
13625 280 16454 
1 2480 7314 9653
9574 12722 11185 
1 3123 7076 9694
15549 19018 13946 
1 1491 1377 7135
11122 13988 13978 
1 1876 3525 8365
6901 16404 4612 
1 5042 3525 6955
16404 6901 6646 
1 3766 4399 8573
2219 2030 1282 
1 1349 908 2198
4136 3622 810 
1 58 1184 2199
637 4297 4461 
1 1184 283 2199
5717 17008 4296 
1 5930 4371 8974
19445 17602 9215 
1 5833 5474 6284
6861 89 5163 
1 942 273 8481
9816 6693 16634 
1 2201 1041 2696
16633 2206 2605 
1 3682 1959 6926
7210 4971 4303 
1 4711 3682 6926
17010 4302 6811 
1 4250 8177 8612
18855 6961 7933 
1 4603 2629 4645
8510 9100 10705 
1 5138 1679 5313
11592 10070 4307 
1 3646 5138 5313
2350 4306 1768 
1 5494 8215 9240
1669 16931 18122 
1 481 476 9568
19394 679 10940 
1 2394 3572 5860
645 6995 6958 
1 339 3322 7395
9238 8618 5233 
1 6992 619 9062
11072 323 6153 
1 2322 9246 9767
18133 16971 18301 
1 7027 304 9824
19279 11597 19275 
1 9853 9514 9920
3014 19266 -4 
1 4624 2081 8022
1436 16086 8093 
1 7078 4751 8690
9309 3128 13876 
1 1518 8045 9427
16460 10077 18490 
1 7890 7889 9919
278 19459 3242 
1 3546 6539 7512
14832 12815 14727 
1 1224 3586 3684
18023 7023 7215 
1 8756 9375 9494
8770 11885 17174 
1 2212 7983 9060
13595 8577 1762 
1 3841 3667 7040
923 6060 10900 
1 170 8762 9622
17186 2740 9710 
1 4757 2214 9893
19147 3712 19409 
1 553 3466 9759
2637 3999 1126 
1 8010 6377 8113
11585 5472 17890 
1 3305 6096 8388
11947 5636 3058 
1 1947 2674 4209
15993 3704 7334 
1 3173 3921 4919
12982 4359 9637 
1 2217 5417 7991
13614 1713 10413 
1 1557 1594 5417
14666 11126 10615 
1 5748 2218 7322
14637 145 11266 
1 4698 607 6479
18077 552 12697 
1 4606 2219 9049
8835 7719 4840 
1 143 397 4206
8042 6845 8235 
1 4709 4521 8134
1143 3021 2660 
1 2880 1812 8425
1049 9780 2081 
1 4955 4954 5717
7862 1529 792 
1 3143 466 8770
10498 15136 1583 
1 4244 1163 8909
18253 7343 15921 
1 4237 5869 9377
17267 6452 18391 
1 3915 8755 9219
8402 8250 3347 
1 5274 3121 9423
861 7048 5714 
1 2722 4515 4557
594 15385 8927 
1 7880 7224 8453
15453 5901 3010 
1 2980 2981 5229
12572 5832 15817 
1 2216 4919 9571
9636 2951 8227 
1 3031 637 9006
18972 17663 5145 
1 7357 7478 7988
2396 3993 14421 
1 3647 2261 3919
19052 7673 7141 
1 4019 3919 5395
7870 7673 4491 
1 5683 6059 7552
1716 2699 14806 
1 1150 1589 2228
15053 3506 12443 
1 6821 2434 7923
5614 15536 6224 
1 8091 2689 8791
14257 15866 465 
1 1285 2843 5139
4271 4622 566 
1 3921 4202 4919
414 2951 4331 
1 3764 2223 8078
6502 7373 5517 
1 1054 171 5845
18174 11455 11456 
1 5355 4988 9299
18634 6071 18239 
1 3985 5531 8292
3748 9595 7803 
1 3930 5383 8417
18612 10547 13105 
1 5119 1787 6797
10416 10033 13322 
1 4598 860 4724
17144 361 2751 
1 6286 256 7048
12319 9789 657 
1 1009 5802 9783
10750 13586 19193 
1 2698 5403 8488
9833 14906 16018 
1 1376 623 9906
1322 12630 2859 
1 1556 3908 8161
8117 16003 3239 
1 2238 6378 8151
12500 12212 7408 
1 6232 447 8151
7725 2455 15983 
1 3864 1912 5627
15489 8718 4913 
1 7180 2146 9946
13281 19508 8070 
1 3300 228 7646
7751 11881 8056 
1 3197 4026 5457
443 9937 6152 
1 5339 3319 5423
10460 5607 7853 
1 3611 4267 7969
3118 1204 17599 
1 931 3645 3681
12817 181 9426 
1 8345 7184 8356
15529 13396 8552 
1 8243 700 8296
8130 16165 2811 
1 1064 4959 9503
7410 18642 5358 
1 1973 700 9649
16165 17439 1027 
1 3367 3194 4480
6251 3142 3995 
1 3799 5479 9884
15850 16547 1044 
1 5244 7300 9194
7439 2290 14691 
1 18 350 7244
-3 17779 5254 
1 345 2930 5464
5228 4877 10708 
1 3477 1022 4203
6808 6805 13437 
1 2389 6350 6373
12885 7577 12490 
1 2144 1707 2437
7167 12134 4762 
1 8143 8144 9535
10902 7156 15768 
1 6227 6169 9239
6695 12088 641 
1 1661 2130 8526
14499 16722 16260 
1 2250 5668 9325
12895 12698 1785 
1 6659 6874 9134
2998 2449 13472 
1 1935 2631 8743
14924 6924 14232 
1 6901 2631 7613
6924 14924 12076 
1 2252 2031 8872
4084 2792 14793 
1 9152 7546 9501
2692 12811 16893 
1 3123 7185 8558
1609 4541 15549 
1 2622 7113 9694
4647 13872 12442 
1 2254 5699 7235
11170 17167 4411 
1 1881 6090 9581
18464 14064 8852 
1 7602 8365 9947
4612 9879 6491 
1 5635 1861 8342
10424 13182 16359 
1 7286 7870 8133
4998 9069 4409 
1 635 7286 8133
5164 4408 11774 
1 8371 8669 9209
568 2918 16328 
1 5069 2254 7235
16317 4404 17334 
1 3668 9270 9273
18181 8260 18186 
1 2649 3068 7241
16224 10251 1668 
1 3891 6140 9572
19093 18128 4617 
1 3381 2363 5744
7692 15068 9395 
1 1942 1773 9342
15151 1058 18125 
1 3046 2659 6930
19465 1960 1695 
1 5329 7819 8857
10440 2071 5198 
1 4127 5724 6121
11220 8080 11142 
1 3455 2057 5967
6765 4421 7070 
1 2057 2262 5967
9671 11691 4420 
1 9178 1288 9454
9987 17999 18000 
1 4442 2723 9877
1611 19378 8701 
1 2264 8506 8983
16683 7736 8199 
1 293 7044 9009
11440 10425 10855 
1 1904 1751 7814
7275 3419 10977 
1 6289 2062 7709
12670 15111 12956 
1 7513 1046 9859
1350 14485 13961 
1 8434 1352 9456
18553 2628 14549 
1 4797 4498 8652
7787 9398 6885 
1 2267 7511 9602
2585 6395 9165 
1 2451 5256 7096
1858 12822 6376 
1 961 8332 8377
16341 12987 11139 
1 7957 8477 9409
14873 44 746 
1 1449 7364 7915
4697 4436 3344 
1 7915 7364 8812
4435 10521 4698 
1 1454 4977 9432
6624 14434 6091 
1 1634 3050 3245
3191 6352 5093 
1 4878 1433 7509
6988 4107 1120 
1 6565 2223 9527
5505 6502 15877 
1 448 3670 5268
11196 13424 8936 
1 1770 2154 9433
1006 18501 3405 
1 2154 1409 4215
4487 19033 5002 
1 2735 5969 7248
19478 7084 14211 
1 1020 4604 7808
897 695 9386 
1 1089 6758 8072
14461 17825 15828 
1 1305 8754 8818
-3 449 1626 
1 6825 8464 9386
13123 2218 4004 
1 2842 5828 6751
53 13234 11424 
1 4325 4309 4895
7841 9591 8438 
1 6895 2986 8268
9037 13514 1333 
1 5538 7604 8368
6754 10853 10544 
1 8463 3606 9667
16598 13328 18965 
1 1354 2836 8677
6859 19594 2483 
1 7256 7178 8677
6903 11464 14225 
1 5449 388 7682
10679 14799 1506 
1 7849 677 9756
14605 12535 14998 
1 2281 5215 7366
2688 3777 14438 
1 3137 2281 7274
6139 2687 14258 
1 6127 2753 8496
16731 14055 3438 
1 58 2199 6884
4296 3589 16215 
1 6509 2283 7425
12755 11116 12354 
1 6606 5670 6649
5731 6083 14626 
1 4796 1843 8973
5493 15625 12344 
1 2808 2284 8973
6699 12344 17600 
1 1904 6177 8015
4548 13679 7275 
1 8307 2418 8530
5219 4579 16730 
1 8126 373 9960
14320 5516 9587 
1 6405 830 8720
10172 1210 12551 
1 2582 5144 7227
18384 507 2935 
1 1506 1884 2287
7446 400 7660 
1 2286 4686 7746
5161 4248 9180 
1 2288 5887 6405
11540 11539 12552 
1 8557 6043 9490
5809 9461 3316 
1 8851 5607 8852
5683 17363 11721 
1 3022 6852 9803
13430 6184 9183 
1 544 6404 6538
2162 16034 6237 
1 4153 6607 9446
16835 12118 8456 
1 3504 5474 9626
89 9206 7678 
1 4183 3515 4273
9223 8364 8367 
1 2454 8336 9257
16347 18155 5931 
1 4865 64 5021
9532 8864 3117 
1 625 624 2293
14411 2814 12493 
1 3706 7282 8525
14275 2140 16721 
1 8542 1686 9782
4630 12763 3551 
1 6809 1572 9702
150 19032 3810 
1 1409 2154 2295
4443 1006 6674 
1 5385 7442 9622
14183 9710 8838 
1 29 5562 7916
10552 1633 15524 
1 4316 4416 8940
6185 16741 3350 
1 4570 4019 5395
8062 4353 7451 
1 4819 3047 8926
5595 17414 9686 
1 4983 3191 5832
6186 11430 8316 
1 7928 5516 9086
5195 10031 4188 
1 3814 3155 8237
2361 5196 3324 
1 5241 3607 8007
11750 7063 17878 
1 2367 2300 7573
1288 14848 14020 
1 8897 3071 8939
4694 10117 4092 
1 3983 2920 4035
5359 2728 18734 
1 4394 716 8582
2995 16831 10245 
1 5999 5535 6615
9041 830 8048 
1 7964 2095 9981
2495 11433 8887 
1 1805 2094 5799
9540 10006 12486 
1 1672 3831 4015
2261 10105 1036 
1 5360 5359 5459
5543 8082 9936 
1 2305 933 8313
14957 16302 1421 
1 4017 1771 4270
12505 7865 19353 
1 2306 1314 6683
2556 16714 8450 
1 1074 4252 5609
10094 8327 3201 
1 1333 485 2481
1727 16549 4628 
1 2011 3253 6317
6763 11875 8529 
1 6238 982 9399
4196 7300 12334 
1 4260 6356 6816
-6 3530 13360 
1 6915 1263 7197
13555 7131 12508 
1 4706 2309 9721
6269 9218 17060 
1 2096 7783 9942
15260 2937 19501 
1 7881 6608 9755
4210 2107 4094 
1 7305 4275 8191
8371 5107 19195 
1 7986 4765 8002
525 -5 15690 
1 5166 5165 5265
13599 12695 10120 
1 964 5322 8722
2757 4958 9914 
1 695 1080 4818
5950 9438 1040 
1 201 101 2314
6665 15603 1041 
1 8852 5685 8953
17363 11143 17561 
1 404 1976 3284
9699 17963 6431 
1 2169 1571 5927
19467 3062 4060 
1 5122 486 5223
2801 10038 4269 
1 361 8088 9480
15859 14979 1956 
1 6739 2718 7864
5077 15421 7444 
1 8193 4443 9010
8891 17870 17672 
1 8905 5869 9004
6452 17474 17463 
1 1883 6838 9316
13401 8088 8600 
1 125 2083 6481
10377 18272 6035 
1 1583 2320 4323
6196 1110 7969 
1 540 2227 2320
8461 661 5369 
1 2321 3817 7558
4639 19139 4537 
1 646 2321 7558
524 4536 14818 
1 9246 3393 9332
18134 1268 16971 
1 2964 5448 6545
8904 74 12827 
1 3235 2846 5468
2904 83 2469 
1 7185 7929 8558
1756 6114 4402 
1 7389 3856 7540
2353 14484 5720 
1 281 6146 7525
3829 12043 6507 
1 464 714 3894
6900 5395 6932 
1 2758 3995 8250
3462 7626 7827 
1 2178 3215 8281
4932 16240 11858 
1 1234 8761 9295
3572 17184 11766 
1 6177 1904 8013
4466 12104 15709 
1 169 2990 7831
3386 2313 15355 
1 7988 2539 8931
3992 17517 14421 
1 1459 6079 8931
11912 3590 15662 
1 594 6149 9969
12048 4852 7988 
1 451 6293 8045
5050 10077 9459 
1 1072 2755 6310
4162 7856 12365 
1 5415 1042 5784
8401 17006 1922 
1 2655 6085 6159
1391 8592 2112 
1 2331 2496 8070
11331 4878 12970 
1 1558 2332 8405
15580 1106 2882 
1 7768 1236 8319
15685 4770 19350 
1 6592 6751 6899
11424 12919 13523 
1 2495 6221 7751
8344 2015 3548 
1 3251 1330 5077
6365 9949 7944 
1 3734 2782 4199
3424 4159 17986 
1 7684 115 7960
2085 -5 7880 
1 5076 1313 5447
9947 290 4569 
1 1788 2173 2909
5445 11463 5691 
1 2072 2909 8457
5691 18419 3857 
1 2477 1510 8610
10224 18797 11957 
1 3006 5076 5447
2060 4565 10675 
1 8401 7738 9735
12760 13593 19099 
1 5678 756 5977
-4 11131 11712 
1 2633 492 3516
13527 6884 17149 
1 2927 2928 3091
7151 18866 6052 
1 6949 6206 7049
970 2335 7752 
1 1130 3959 6749
13623 17776 1689 
1 3208 2025 3662
8196 5631 6279 
1 5117 1053 9463
10028 4946 771 
1 3417 7568 9764
19356 15095 12945 
1 2418 7001 8530
15975 16877 4467 
1 3683 3034 8109
4028 8462 15901 
1 6147 2344 6693
9250 676 13118 
1 6128 1895 7046
8999 4679 13814 
1 8137 8157 9826
1746 11807 7829 
1 4994 1894 6446
9784 14415 3700 
1 5087 5732 7016
11880 9783 7548 
1 490 738 3107
12754 1430 12942 
1 5509 5851 9003
244 2008 8487 
1 594 4080 8399
13950 2318 12048 
1 3170 2506 4601
1085 15363 8258 
1 7190 1182 9052
331 7420 7707 
1 6973 9095 9742
17838 294 3542 
1 3953 4333 8971
17659 14954 5797 
1 5089 180 7160
11222 9973 3889 
1 4373 1991 5304
14037 14040 5189 
1 2801 2493 4375
8224 17601 8570 
1 5163 6294 9399
3524 16402 7300 
1 7042 1906 8315
10442 3905 605 
1 1094 2056 2353
5279 3709 99 
1 6077 7634 8000
11167 3222 15386 
1 4840 2386 7292
13699 14488 4036 
1 5011 2333 9430
9817 1247 12190 
1 8225 1143 9761
1415 19150 1585 
1 4315 3199 6683
10993 8450 13099 
1 3421 8152 9842
1776 9396 6168 
1 6091 7460 8280
3297 3932 12779 
1 1112 4964 6597
2654 3826 11104 
1 8682 1090 8921
3234 17029 14512 
1 4844 4922 6896
14364 16101 5570 
1 4456 7561 7738
18901 13593 7749 
1 3957 848 6934
19107 2594 6090 
1 6725 4018 9524
8429 9743 18684 
1 7602 1876 8365
14905 4292 4406 
1 2457 8320 8837
3089 3967 9231 
1 4045 1923 8207
15733 12115 14467 
1 2002 1816 8326
3039 3910 3547 
1 5225 8669 9485
2918 3633 18605 
1 9417 3891 9572
7619 4414 11558 
1 4806 2790 6146
1004 12043 11506 
1 7977 7342 8259
-3 2087 14391 
1 3318 8595 9415
18245 10736 6497 
1 34 2586 8385
8697 12601 6049 
1 2843 3183 5139
18028 4068 4358 
1 4131 2319 6838
12571 4089 13402 
1 8734 8428 9794
10268 12607 14025 
1 8628 7371 8734
16528 10268 3716 
1 4329 8046 8211
15777 9643 14365 
1 6988 6047 7547
8991 14796 11850 
1 261 1333 2481
11675 4510 7562 
1 3159 4444 6317
17350 2160 11875 
1 1554 1686 8542
11960 4485 3290 
1 9019 4193 9153
6425 17951 17689 
1 4238 5855 6760
15481 11476 6480 
1 3648 8766 8767
12 10484 2492 
1 5247 6359 7617
10279 12757 14540 
1 7318 3236 8154
15863 7607 14346 
1 486 1127 9760
1666 11532 10038 
1 3933 5524 8004
3061 2962 13709 
1 3048 5842 7074
17130 11449 15699 
1 3817 2321 5418
4536 7475 9579 
1 9038 8794 9039
7247 5962 10394 
1 4768 5836 9557
16070 7326 19559 
1 2012 1896 3398
5409 12965 3930 
1 2938 7622 8250
5151 7823 7626 
1 806 2852 3542
18931 3312 6936 
1 5872 2544 9883
19259 19389 4774 
1 4466 1310 6633
4983 4272 5947 
1 2622 5468 7113
17442 13873 4403 
1 2650 4835 7939
9472 15569 1175 
1 6851 120 9208
9875 8939 3696 
1 19 6002 7253
11761 8546 6253 
1 1919 3888 9052
7804 2518 7420 
1 1128 7586 9821
14874 16625 12962 
1 7793 6457 9213
9753 4951 6664 
1 1735 5807 7458
3389 4895 8648 
1 142 4291 8996
7391 17644 11670 
1 784 2383 9247
7680 18051 373 
1 4797 864 5551
3749 8812 7787 
1 3673 4210 6782
9094 15486 13292 
1 2384 6580 6680
6955 2671 417 
1 1263 2857 6183
13555 7465 4767 
1 126 8914 9137
17485 1913 17919 
1 6047 2614 6788
8991 11851 12909 
1 6292 3007 7283
2476 1092 13383 
1 2073 4620 5035
3732 613 10155 
1 218 1980 2387
9051 2768 9972 
1 3979 2822 8579
5520 7957 9996 
1 3432 7824 7910
15342 6848 6720 
1 3818 2623 6575
10140 12886 10423 
1 1068 3947 4364
12699 4929 8548 
1 6718 844 9007
13168 10782 14895 
1 9345 4282 9493
15913 18261 18452 
1 1445 8141 9079
15963 10862 627 
1 7651 1258 8344
14976 4153 8270 
1 2921 232 5773
2846 7364 19130 
1 2388 8579 9830
16826 3817 16825 
1 6062 5559 6952
7512 3774 4677 
1 5240 6062 6952
11879 4676 13629 
1 5767 3553 7521
1894 6626 116 
1 1895 5301 7046
10384 7329 4582 
1 801 6588 9419
12912 12716 13304 
1 6786 823 8188
18398 16056 13299 
1 2396 14 7242
1237 14198 1596 
1 482 922 2396
3087 1237 17926 
1 2397 546 6672
7250 11180 19110 
1 6947 4734 7962
10696 240 13619 
1 300 2248 4082
13632 5563 15927 
1 8445 1104 8935
10600 1927 13920 
1 6527 5144 9373
3680 18384 10082 
1 1015 3912 9373
-3 10082 10081 
1 3516 2400 6879
6884 4273 11479 
1 2945 597 9344
2819 7153 19036 
1 1234 3999 9781
14218 14561 1940 
1 3867 6079 7252
3571 11912 14219 
1 2200 3071 8897
6012 4498 798 
1 5029 4636 5645
18865 6148 12421 
1 3868 6335 6550
12217 4220 12024 
1 1449 562 7364
4246 4047 4435 
1 419 7915 8812
14433 4436 3491 
1 7797 4601 9106
10458 15363 1408 
1 2380 3991 7813
18907 9883 14688 
1 3095 4807 6743
7047 8166 6059 
1 6139 7704 8896
4264 2534 6937 
1 6242 5341 7836
1823 11811 4140 
1 8594 7560 9698
4030 14822 7417 
1 2192 6083 8171
15514 4283 2512 
1 1728 99 7740
2538 4116 179 
1 2334 6591 9171
12918 18688 13020 
1 2117 3234 7678
4798 15051 5442 
1 4260 5424 5815
13360 8342 -6 
1 1259 2690 6186
16918 6990 -6 
1 7414 2781 8535
14533 6598 5348 
1 2020 5722 6344
5456 2243 3945 
1 2498 6020 8294
14772 16266 3255 
1 6275 4844 9331
14079 8405 18379 
1 6584 4915 7461
12904 14625 13910 
1 6906 6584 7095
10588 13910 9629 
1 2463 1795 4979
3505 2187 18 
1 3216 2414 4942
9219 6295 3683 
1 7246 7346 8552
14011 14596 14600 
1 4956 2415 6278
10678 1509 10799 
1 5951 2691 9743
11661 5852 10866 
1 8310 8309 8354
9078 5449 9434 
1 8337 4084 8751
16350 5643 4051 
1 7102 2885 7502
17133 6466 394 
1 2418 1342 2666
5219 846 553 
1 7293 292 7865
15900 14296 1172 
1 3574 617 6714
7000 10928 2868 
1 6170 2044 9182
16664 11358 7785 
1 3846 2023 3971
19224 1638 7776 
1 941 2420 6333
18822 12411 5315 
1 4691 2651 9329
9197 13202 6872 
1 3049 1611 6958
71 3159 7822 
1 5637 3058 9439
10713 2168 9723 
1 4417 6224 6876
12197 8449 13477 
1 8843 2820 9960
9564 9587 15933 
1 4339 4239 6941
18761 5313 8499 
1 6654 4730 9078
12941 15456 13153 
1 154 2425 8898
11584 17454 2698 
1 6026 3457 8101
6769 1155 15886 
1 6034 6590 9096
11629 2220 15701 
1 2065 3435 7443
1647 1034 14591 
1 4897 2088 8002
4142 15659 -5 
1 647 3420 4851
5386 5844 852 
1 58 4426 9660
16214 6698 637 
1 1019 2113 7410
1885 11624 995 
1 1189 242 5932
7227 171 9466 
1 6050 498 6151
2663 12052 12053 
1 4101 1370 9292
12647 243 18225 
1 384 4048 6648
1211 1501 13031 
1 5191 1198 9139
425 17922 2326 
1 5844 8107 9680
18350 2966 15631 
1 5339 1522 9091
7853 1898 11943 
1 4234 4762 8075
7231 13340 13339 
1 5841 2096 6806
15260 11448 2936 
1 7817 2413 8860
15328 14256 5730 
1 390 1849 6196
1140 12141 9544 
1 3586 6686 7190
1580 3735 7023 
1 3170 1226 3177
8258 7708 6219 
1 5204 739 5305
10198 10392 10197 
1 2769 2746 3011
15347 5895 5872 
1 6058 8164 8794
6405 636 17250 
1 383 2144 2437
8690 4392 15333 
1 4415 2132 5835
14619 2722 8649 
1 3047 718 4918
9243 457 17414 
1 2720 4972 9441
9741 5320 5464 
1 194 2439 4972
8317 5320 1800 
1 5411 1263 6183
7131 4660 9606 
1 8478 2414 9721
10701 17060 19071 
1 245 2486 7768
17119 1992 1438 
1 1236 2601 8319
5645 11975 4559 
1 455 1438 2442
18641 3641 4772 
1 1807 455 2442
13481 4771 7765 
1 2442 2443 3965
8179 7603 7765 
1 2443 5872 9883
1153 4645 7603 
1 4181 3937 8267
3293 15182 5770 
1 1617 4184 8036
8192 6416 4919 
1 5258 1361 7173
10340 14063 10301 
1 2855 4898 8672
9229 3558 2272 
1 2823 4064 9830
19345 5521 3817 
1 7365 7260 9059
5332 5148 17768 
1 9772 547 9873
19172 19369 3759 
1 9160 9573 9574
18579 13723 18781 
1 3211 6664 7004
11250 6404 13731 
1 336 5740 6616
18809 6336 9213 
1 5528 3219 5593
16191 6302 8919 
1 4963 1830 5571
-3 98 3099 
1 8205 3651 9195
6170 19329 17025 
1 2450 963 4138
16903 13294 2209 
1 8596 2902 9278
11995 8121 2058 
1 8540 7096 9963
1490 12822 10298 
1 2452 146 6144
7535 2354 9638 
1 708 5645 6236
5535 9853 12221 
1 6553 825 7681
12842 7833 1535 
1 4767 3689 8238
11610 8645 12381 
1 4667 8336 8775
7307 16347 8949 
1 6835 4366 9378
17826 1065 13395 
1 5765 3388 9393
456 9495 369 
1 2117 2617 3234
2562 4158 4708 
1 5193 1897 9264
10176 7528 14767 
1 1645 4143 5547
9738 366 6129 
1 2734 2884 9797
5846 19221 4083 
1 1605 1753 8856
5441 17261 17370 
1 2458 1560 8040
3546 15764 4804 
1 6233 2458 8040
721 4803 10328 
1 831 5900 9934
3271 2493 11563 
1 886 6626 8377
7426 11139 3675 
1 507 402 3674
5855 7194 1257 
1 3922 3674 6765
7198 7194 7190 
1 4789 5242 7337
4931 2983 14382 
1 156 175 5112
19273 18416 96 
1 2462 4332 6060
2753 19293 493 
1 2369 3562 8697
6387 17059 14633 
1 1034 6614 8260
19269 10756 14526 
1 7586 2463 9355
3505 375 15902 
1 2150 4052 7313
9659 2591 14336 
1 2290 1460 4494
19233 2713 12538 
1 6280 5407 7101
10067 9667 9277 
1 446 956 2465
17168 12913 513 
1 2648 1476 7828
16431 971 1653 
1 2351 6000 7159
11757 2976 14035 
1 5917 5471 6224
1176 11596 12197 
1 3486 3225 7931
6824 15552 2343 
1 4857 4653 5586
17995 9515 9109 
1 4485 2835 5622
14777 5546 8338 
1 7176 6546 9513
10232 1730 1747 
1 6195 9140 9502
7405 2404 7463 
1 562 2665 5843
4246 16707 3666 
1 2270 2269 6961
15522 7041 4868 
1 6993 6726 8004
10848 2284 15694 
1 5027 2979 5536
1877 17784 8508 
1 4543 3250 9319
5053 14865 1130 
1 4068 2472 8944
682 353 5257 
1 4651 7777 7778
15351 16501 15250 
1 4495 9346 9945
18330 14125 8806 
1 263 3644 4668
12691 4836 9145 
1 3644 3316 4668
11681 7134 4835 
1 1965 1290 6441
7508 718 12623 
1 3063 2475 6441
10666 1344 718 
1 2476 8016 8598
1258 8625 8723 
1 8016 4606 9049
15811 4336 8625 
1 6194 1911 8079
758 10223 7454 
1 1265 7465 9932
2795 6181 4978 
1 261 2478 7392
11648 2457 11675 
1 3840 3695 7140
7180 3984 7236 
1 71 5500 6939
10780 7519 13603 
1 4073 7920 9549
10164 18731 5512 
1 5283 2104 6492
10350 11186 18938 
1 1811 191 8691
1377 17046 15483 
1 7749 1637 9001
3194 14791 931 
1 6429 5300 9548
8131 4851 18728 
1 5300 6184 9548
2938 12676 4850 
1 6149 8235 9969
13026 9758 4552 
1 8101 2483 9841
1155 17424 12202 
1 463 872 2484
15088 4855 17955 
1 872 866 2484
12434 16955 4854 
1 1325 7163 7942
14042 3915 14686 
1 2942 4200 4205
16331 9791 8233 
1 4669 8009 8728
10280 15684 9147 
1 2441 6112 7657
3027 16314 15012 
1 7985 1213 8566
3146 13277 8924 
1 5587 4343 9438
17846 5247 3301 
1 5712 4291 6849
17644 17171 7859 
1 4739 6259 8479
9284 1944 16630 
1 5595 454 6843
12395 13412 646 
1 6315 257 8551
3791 3129 13097 
1 3718 9429 9437
3527 16142 7281 
1 5797 2490 6697
13541 5241 14718 
1 3595 2270 6961
2821 4828 13647 
1 2491 1034 7411
6092 14526 2467 
1 8686 4615 9014
13081 3929 14458 
1 3195 19 5535
11761 10846 9040 
1 2402 4375 4704
304 11853 1386 
1 4371 2573 5259
8562 6860 10189 
1 3829 6089 9739
13657 17875 2105 
1 1272 9533 9634
15291 3521 18900 
1 5949 583 8966
8090 11656 17587 
1 5464 2930 7244
4389 1686 1687 
1 2496 4640 8070
12656 11608 4557 
1 5924 1365 8070
9841 12970 9089 
1 1206 1663 5491
2342 12399 1177 
1 416 568 6526
9581 9714 11282 
1 2374 4975 8293
15242 16264 13869 
1 7279 2498 7534
5088 3255 5304 
1 5091 103 8060
9405 691 15804 
1 5102 8163 9729
1379 977 10056 
1 5335 7163 7455
6731 14042 11288 
1 2018 3910 9366
7657 9979 11784 
1 1759 7792 8835
15278 6690 2643 
1 5034 3135 8835
15381 15277 6690 
1 2175 5981 9755
16687 4094 19138 
1 250 1586 8580
9527 16827 7010 
1 5136 2955 8583
2116 298 16834 
1 1230 2955 9189
5450 2116 10065 
1 3160 4416 5326
16741 2987 10435 
1 5807 7196 7458
11662 4165 4654 
1 5746 4782 8725
16487 11888 14949 
1 2569 4628 7735
364 5654 14243 
1 3524 2506 5044
14136 1085 6899 
1 5044 3170 7813
1085 14688 7816 
1 6132 2507 7426
5025 6444 1349 
1 1352 4867 9046
19152 2629 2968 
1 5311 6759 7537
2367 13135 3283 
1 6156 3240 7752
1941 12062 6343 
1 2101 7443 9056
9644 4104 17764 
1 1618 826 6939
16339 7520 13801 
1 2510 9264 9445
18169 8300 18526 
1 1345 6654 8023
13043 13153 58 
1 498 5005 9757
2663 17480 10932 
1 2511 2324 5005
322 887 11659 
1 5329 2821 7905
5198 10441 10440 
1 2745 5762 7308
12683 11295 16569 
1 7257 1224 9481
18024 18597 2468 
1 5275 3864 5627
10334 4374 5834 
1 6684 4194 9028
9071 7625 8409 
1 8125 7501 9553
14705 17928 18739 
1 3741 8822 9108
7327 120 7328 
1 2949 1617 6424
15728 12589 14419 
1 4534 6486 8629
7030 7636 16926 
1 983 1617 8036
12589 4776 15757 
1 1952 914 7526
8419 3814 14754 
1 3390 1271 3798
623 14755 6639 
1 9027 3672 9736
7384 19100 8066 
1 2518 2383 3922
6882 7680 7190 
1 2519 3125 8663
19173 15046 4925 
1 5892 2519 8663
11549 4924 3955 
1 2520 1468 9138
6038 2741 17921 
1 6900 5443 9907
3254 16073 12298 
1 7079 6979 7954
1456 13678 3053 
1 3947 1374 4364
10474 15252 4669 
1 78 1531 5062
-3 21 9919 
1 5242 4789 5989
4809 10269 328 
1 3215 2178 6419
4546 5366 12580 
1 2726 5101 6226
12249 5136 7977 
1 2829 5441 6561
6476 13074 10663 
1 2109 6074 9395
9293 7516 428 
1 5513 5137 6280
8008 3620 9868 
1 3073 4841 8745
5801 2614 17153 
1 7919 1764 8345
727 15529 8153 
1 2536 7638 9450
9578 18205 9529 
1 5962 3544 8245
11682 16779 8415 
1 46 4808 6225
15405 8133 6351 
1 4128 1098 4259
17947 18406 8341 
1 9330 2907 9385
8081 18297 10509 
1 1678 6679 8894
13091 13090 17205 
1 1483 2887 6086
13948 10468 1615 
1 9463 1053 9563
4577 12944 7683 
1 6524 1721 9221
8534 12784 3360 
1 5694 1564 5703
5958 5511 6985 
1 2621 2184 9876
14768 9409 19376 
1 4671 4853 8650
3754 9151 5318 
1 6457 564 9213
9754 12208 4653 
1 5205 8 9069
9734 10199 7152 
1 6862 5014 9344
1231 4274 7153 
1 9533 6515 9632
12693 18897 12766 
1 4831 359 9629
3520 15357 18891 
1 431 1408 5562
9957 14000 10552 
1 777 4379 7238
875 5951 14191 
1 5322 8504 8722
14176 10075 4521 
1 7996 2503 9282
1868 14883 9132 
1 5959 2537 8914
8485 18265 1425 
1 3328 6810 9538
12780 15621 12645 
1 7067 5506 7168
11941 10584 14053 
1 3809 5255 8665
3073 15519 16995 
1 1280 7216 9683
14147 8609 18996 
1 2226 2539 5901
17517 10307 8610 
1 5365 7168 8920
14053 14052 14250 
1 3374 2643 6220
13456 5169 12188 
1 880 1835 9516
3784 14607 3583 
1 2541 5891 6390
5346 2083 12522 
1 2561 2652 8672
16506 17009 3558 
1 1959 1018 6926
1973 13577 4302 
1 114 7809 8542
3501 3290 16754 
1 8915 9015 9016
7462 18584 1285 
1 2377 8243 9883
3528 11509 19390 
1 3345 2554 9198
15762 1524 18040 
1 3094 1282 8988
8155 4180 14747 
1 2462 5959 8499
3927 1425 2753 
1 2546 1265 9932
11676 4842 19483 
1 780 1862 2547
1320 4980 3040 
1 1862 2362 2547
3632 2689 4979 
1 1013 1887 4046
7494 14534 57 
1 2253 5342 5377
11837 3482 10536 
1 2186 1310 4466
1770 4646 487 
1 2550 578 9929
15463 7846 19477 
1 3495 4208 8738
1068 4202 2721 
1 4746 2567 6207
188 16996 12163 
1 1964 2134 4620
11652 232 3732 
1 2946 5858 7592
11054 11053 6511 
1 4961 9414 9501
18463 5764 18638 
1 7102 2417 8337
394 6467 4051 
1 977 1907 4352
18375 7763 5232 
1 32 4205 9864
13549 9791 11680 
1 3340 2877 7980
12057 2644 14030 
1 5248 87 8150
10282 6847 3497 
1 9 1721 3736
10643 2246 7318 
1 5741 2556 7073
11059 8793 13867 
1 1466 9214 9944
18070 7230 18069 
1 7286 7469 7870
5164 14640 4408 
1 8777 2177 9976
17216 6178 16793 
1 2558 1349 3596
4136 100 4137 
1 424 1923 2558
3756 2817 10967 
1 2559 2154 4215
18501 4443 396 
1 6813 2559 7164
18502 396 9663 
1 940 1569 2560
5014 5005 8810 
1 1569 1715 2560
9828 9431 5004 
1 3270 2202 6369
6403 6402 12482 
1 919 270 5696
12371 6127 17891 
1 3260 1625 9754
6325 5024 6383 
1 7250 5159 9752
13006 7986 10109 
1 4304 4142 5334
14935 10450 8109 
1 4304 7619 7725
14936 13181 14935 
1 5597 5750 7511
3126 13163 511 
1 1916 1906 2564
10971 3744 9366 
1 1569 940 6692
5004 13115 7845 
1 2215 2565 2709
9906 16958 1390 
1 4914 1083 7906
2496 2879 2578 
1 4861 2595 9531
587 1742 11041 
1 8523 1850 9125
9226 17895 4168 
1 8073 7769 8833
7378 12672 15232 
1 2174 2568 4893
7237 1463 -3 
1 6491 2364 9231
-3 15055 14642 
1 2891 4628 7934
1592 364 5023 
1 2891 7934 8035
5022 6094 15754 
1 1625 2570 9754
6445 6382 5008 
1 1306 2507 6132
4120 4900 111 
1 6215 6214 6314
6427 12178 11938 
1 1221 7524 7763
14750 11989 11207 
1 7382 9226 9424
6450 11102 18484 
1 2880 4992 8224
2081 11242 16127 
1 1537 6387 9912
10355 14602 7677 
1 4020 2573 8970
5480 831 -6 
1 3778 3878 8846
7595 7398 1519 
1 4711 3697 6369
6811 5186 9596 
1 6376 3331 8838
16479 17336 2329 
1 8590 5094 8941
17142 6970 8725 
1 6413 526 9537
12373 12960 14092 
1 262 3285 8649
13939 6433 12961 
1 2972 2642 3190
11804 1667 3887 
1 4805 3422 9952
17853 7183 8058 
1 7685 4347 7861
15065 15064 7960 
1 2905 7997 8648
10129 14736 11162 
1 1669 7544 9280
4247 11815 18201 
1 2978 6367 9673
12477 8677 10980 
1 4167 2872 8593
14363 16854 1947 
1 1847 4848 7327
12055 11470 5587 
1 6442 4629 8206
17007 16092 12625 
1 7594 1962 8788
14888 3007 5379 
1 214 9373 9879
985 11213 19382 
1 2399 3802 6527
117 3680 12791 
1 6293 451 8291
4553 16469 5666 
1 2583 5523 6127
11084 10823 12006 
1 1581 4411 7818
426 7066 10173 
1 3250 4543 5299
4831 6362 10381 
1 4097 7083 9854
13887 2631 13886 
1 1353 1855 8236
9239 3623 699 
1 6430 4635 8385
5773 3366 1900 
1 4439 3649 5063
11746 4101 1000 
1 633 333 2587
591 9442 5059 
1 836 633 2587
1089 5058 1619 
1 5859 771 5997
11171 1212 6235 
1 6105 8299 9238
1428 16275 7282 
1 2589 1494 9832
11366 4171 160 
1 8186 6120 9633
7310 16052 2315 
1 5433 4597 9607
5253 16704 183 
1 2590 4838 5433
68 5253 10647 
1 3777 3778 9205
3557 625 18136 
1 3479 2591 6827
5367 6815 7204 
1 3272 3109 9516
3940 2103 18667 
1 2592 2017 5581
7891 2479 11574 
1 619 3860 9332
7559 6265 18302 
1 4749 887 5953
2478 8715 9305 
1 468 8564 8817
16796 -5 3639 
1 4208 143 8976
8042 8235 8238 
1 5633 1347 5782
17927 1880 5591 
1 7369 1347 7872
1880 2355 909 
1 7192 3751 7306
19407 5796 19206 
1 2767 2718 6739
13662 4529 4144 
1 601 1776 7516
11833 11603 11208 
1 5912 6628 6652
11587 9934 13039 
1 3683 2598 7909
3868 9649 4028 
1 8354 4634 9954
5449 13107 19522 
1 6699 5309 8804
9871 17268 1338 
1 3185 3075 6330
3296 5876 11006 
1 1378 361 5771
15859 11373 11312 
1 6497 166 8407
14945 8205 13102 
1 5273 1236 9347
5645 10192 18332 
1 1558 3441 9863
2882 19349 16512 
1 2602 2498 7279
8606 4883 1099 
1 4583 7152 7254
14021 10255 8228 
1 2706 1728 2914
2538 11868 5701 
1 2422 535 4741
9061 9288 6312 
1 4314 1885 7047
13942 4129 13816 
1 2985 1634 3245
19008 4438 19306 
1 2035 5392 6004
12557 2769 10565 
1 8183 8424 9146
7876 16046 16520 
1 1311 7177 7559
7146 8413 11149 
1 2607 1449 3595
2633 2821 1083 
1 1782 4365 9590
6212 5802 5612 
1 3229 7623 7724
10107 10106 15130 
1 2586 1339 7623
6897 14943 10107 
1 4006 4497 4912
6145 13306 9171 
1 8799 2054 9422
6348 17 10417 
1 7524 4473 8391
1518 16455 11989 
1 3282 6113 6214
16096 8168 13142 
1 603 8911 8971
7740 18425 14954 
1 2120 1573 9499
1822 18633 10220 
1 4275 1358 8191
-6 13205 4518 
1 1614 2311 7305
8675 8371 690 
1 1689 394 8561
14623 11381 16791 
1 759 6597 8352
9726 3826 16379 
1 9357 318 9380
674 8992 15654 
1 1275 801 6489
12712 13304 1366 
1 1434 4985 7592
10371 9191 14886 
1 5372 3510 7486
5185 10526 3408 
1 2817 2816 2916
2841 1809 121 
1 2616 4356 8664
15683 5352 17548 
1 8693 4879 9136
6553 17050 476 
1 7574 7236 8951
14186 10418 10840 
1 6611 7709 9979
12956 15108 15499 
1 1215 4866 9379
18402 18395 14118 
1 6548 1584 9615
3002 3003 15503 
1 6668 269 9813
9375 127 14730 
1 4986 7947 8092
15584 5124 7974 
1 8092 7947 9549
5123 5512 6789 
1 4802 5390 9876
10171 1733 9409 
1 4802 2184 5048
9409 2188 10561 
1 5533 5377 6633
3468 5947 10716 
1 5468 4713 6481
17441 6035 2469 
1 6373 7715 8304
10010 12489 16285 
1 1840 3476 4203
7477 3593 14222 
1 765 1120 8497
6388 15663 12090 
1 297 2523 2624
4019 237 3644 
1 9258 9949 9950
17406 -4 15464 
1 2266 7925 9440
15541 10805 12110 
1 2628 3931 5002
5333 7697 17310 
1 6226 5101 9830
4933 19286 5521 
1 4000 5525 9203
1170 8644 10592 
1 2927 2827 3311
6052 18368 6485 
1 7260 2339 9671
5332 16163 1328 
1 4645 5463 9500
10706 6449 10705 
1 5013 3677 5865
10871 8308 5800 
1 2672 7693 9396
15081 9774 18625 
1 657 3101 4337
535 9139 8495 
1 5002 8447 8825
18845 12022 17310 
1 3057 3031 9006
17386 4350 3595 
1 6890 4276 8689
16258 17042 14803 
1 8290 7757 9668
3199 18966 15350 
1 7260 8242 9059
1328 11296 4780 
1 3536 7488 8426
8616 11480 12559 
1 2325 1065 3997
9487 7828 5749 
1 2938 3997 7622
5749 5748 4643 
1 1153 1665 9135
17564 1152 7 
1 2934 6248 7183
3594 5575 14082 
1 558 4180 6385
3463 2352 12513 
1 4843 2325 9849
6574 19324 13100 
1 863 5147 9030
14522 8126 17276 
1 8934 8808 9447
8512 1435 10676 
1 4891 4804 8171
7629 6345 4283 
1 6219 4093 7982
11356 12186 17223 
1 4971 4428 8625
11785 8815 9729 
1 4686 2286 7035
4472 9181 1462 
1 4424 5474 8067
9206 6861 5833 
1 2640 5833 6284
8886 4299 3880 
1 7286 635 7469
4409 10275 4998 
1 8068 3978 8443
16014 13889 16558 
1 2738 4731 6996
9268 6717 6418 
1 3375 3907 9529
17528 18773 354 
1 472 5591 9795
12189 19217 10959 
1 2643 5629 6220
13461 13072 4967 
1 4267 1599 5021
16541 15896 8355 
1 4525 1709 9362
1413 2883 1987 
1 2645 2202 2855
6402 1636 2272 
1 7424 4898 7728
1235 9229 14062 
1 6024 3897 6440
12316 7143 7632 
1 7423 3317 9596
2930 8947 11641 
1 9141 5633 9722
17927 17887 7959 
1 7463 4909 9531
9616 18698 1742 
1 4377 7215 7472
14145 14144 2876 
1 1476 4032 9256
16432 14646 3157 
1 2863 8917 9158
17491 15023 5601 
1 1695 4902 7241
6010 6006 10251 
1 4709 3361 9048
2660 17747 3958 
1 5812 7939 9048
1175 3958 11396 
1 2748 7856 9253
15406 9419 18148 
1 1444 3510 5372
5765 5114 5303 
1 3697 3005 6369
11569 12481 5033 
1 2542 6686 9190
14553 1580 3828 
1 6957 7057 8334
13439 13442 16344 
1 2653 4373 5304
5737 4594 5806 
1 4876 6823 8255
9301 95 16189 
1 4109 6503 7083
12742 3596 13887 
1 8280 6279 9740
16238 5850 1594 
1 5687 1136 6618
11609 15824 11146 
1 204 6148 9580
14529 5584 18793 
1 5516 7928 8614
4494 7450 15126 
1 3155 8018 8237
15720 11861 4495 
1 1174 2658 5845
860 809 2041 
1 2821 5329 8857
4910 4418 7473 
1 945 5988 9923
1643 7003 10097 
1 7245 3740 9758
11537 1842 19145 
1 4369 3824 8437
3678 10892 16546 
1 9014 2492 9710
3929 15167 2211 
1 6745 7755 8769
803 6927 9964 
1 6911 3893 8021
13547 2944 2945 
1 2662 1602 7579
4114 14859 2233 
1 4770 4870 8742
9346 14851 12554 
1 8110 3612 8831
18347 6516 17322 
1 2708 2965 2966
14650 16225 5803 
1 5125 4329 8512
15777 1098 16695 
1 7328 2368 8211
7263 13516 16102 
1 8637 8518 8644
12311 6718 19489 
1 3526 5890 5978
11546 11545 11452 
1 1295 1118 7362
8463 14430 15423 
1 814 8303 9628
-5 10253 16675 
1 2033 4050 5943
173 10885 13842 
1 3774 2080 5399
9651 5754 3258 
1 5998 5537 8117
11754 5305 11600 
1 5971 2866 7438
1558 17577 14124 
1 1342 2418 8307
4725 4467 14297 
1 2265 995 7912
15322 15317 2525 
1 4431 2878 6031
743 156 5629 
1 2670 1142 3671
11819 501 9609 
1 4259 2907 5360
18297 8340 10502 
1 1092 1233 5171
18022 16564 5932 
1 3438 1037 3863
16735 4213 7566 
1 7440 7693 8594
10493 15081 14585 
1 3782 3945 6903
393 843 13531 
1 2930 345 3793
4389 857 5732 
1 3698 4726 6621
7297 7241 18491 
1 8156 1413 9715
7242 19058 10826 
1 5613 5709 6967
11001 11002 4243 
1 1144 977 4352
13373 4991 3726 
1 5324 339 7395
9421 4311 14496 
1 1100 5860 7521
11486 11304 6626 
1 1388 2228 2677
1477 5236 7216 
1 2228 763 2677
3506 3895 5235 
1 1307 99 2706
8898 2538 5491 
1 39 1070 2678
3691 3262 3374 
1 6684 837 9425
8409 14689 18486 
1 4539 4631 9425
8398 18485 8212 
1 2490 5454 6697
13540 13126 4867 
1 2680 1337 9047
11554 1494 7362 
1 3360 1183 5787
6579 5697 5244 
1 4315 3360 5787
3959 5243 9456 
1 2638 3639 4093
7375 12186 8014 
1 7767 2004 8128
2316 15228 6513 
1 4343 2487 9438
3300 683 4861 
1 744 2619 2683
19254 959 18511 
1 2629 3187 9447
1521 10676 18529 
1 4457 4458 5643
2714 8731 16590 
1 944 2324 6069
11265 322 11894 
1 3604 2685 8214
11893 1132 14 
1 4838 4597 5433
10707 5064 5065 
1 2246 18 7244
10060 4388 1686 
1 6398 2687 8459
17455 5878 5915 
1 7759 3186 8461
15211 3981 11062 
1 187 4068 8944
14259 4832 17542 
1 6691 4962 9790
13166 11255 19208 
1 5742 8649 9283
16963 6433 18207 
1 8317 4313 9556
16311 10229 11790 
1 1529 1025 7795
7040 15284 712 
1 5201 2886 9347
15526 15229 10193 
1 4516 608 8311
7077 11352 16299 
1 5151 1813 8469
2869 4195 3943 
1 4982 3474 5824
64 7349 11416 
1 2011 2693 9872
8529 382 19368 
1 8499 8914 9678
1425 17485 8086 
1 7736 497 7837
15166 15367 14244 
1 5366 2093 8922
740 90 9693 
1 2116 4891 6083
14400 4283 11921 
1 44 7808 8119
9386 9086 6085 
1 1340 5008 9786
12783 6926 1022 
1 1245 580 3710
14180 579 7265 
1 8989 8729 9807
13694 17509 14089 
1 8329 6642 8787
703 16727 694 
1 6739 3801 8586
7444 16646 16840 
1 6681 5789 9043
19395 277 777 
1 294 2056 2699
7018 5279 10035 
1 2056 1094 2699
4598 10904 5278 
1 8501 3045 9726
17176 15800 18732 
1 4588 5217 8633
18480 16933 3488 
1 2699 4173 5120
18868 2984 10035 
1 2353 2701 3067
6074 10141 99 
1 1696 4232 6532
18678 3624 9893 
1 1425 681 8695
17902 17054 2324 
1 3276 591 6305
12142 5818 12356 
1 2825 7110 7210
14934 991 12718 
1 1322 1507 8403
6323 10143 9330 
1 3419 8286 8387
13003 6696 4093 
1 1411 2600 6646
18211 3458 13027 
1 3460 4463 6483
17459 18105 12705 
1 6056 7144 7750
11355 14006 15194 
1 1890 39 2706
3760 3374 5701 
1 1582 1482 5660
833 8303 832 
1 5300 1908 8328
8131 16332 6837 
1 5327 7089 8422
6475 10436 11668 
1 2732 2943 8110
5758 5344 17322 
1 5212 2779 7349
1193 9935 10212 
1 5113 926 6692
10021 9826 13116 
1 3605 6096 7677
7060 11947 15050 
1 2937 5718 5817
1837 1709 16456 
1 1438 3783 9623
139 18879 3641 
1 4845 1444 5372
8837 5185 7806 
1 2412 7279 7534
6275 4883 14771 
1 5537 2155 8117
10644 15915 5217 
1 7729 3032 9975
15152 882 4262 
1 9147 1073 9211
7844 17938 5935 
1 3554 363 8389
8174 3613 16452 
1 2557 3545 7205
8041 11700 7798 
1 2725 4400 6586
2909 14740 10882 
1 2395 2725 6386
2164 10883 12515 
1 1109 2716 7882
9676 6653 6654 
1 4239 4139 6941
14766 6536 4736 
1 941 7560 9696
12230 4030 18822 
1 2023 941 6333
19223 4730 10652 
1 4736 1194 6681
18804 13095 12772 
1 3214 393 7864
2745 13209 15422 
1 6229 4671 8650
17667 4950 9507 
1 4942 4979 6230
18 15280 3683 
1 4972 2439 9441
4766 8752 4765 
1 2936 3678 8536
8460 8256 7203 
1 1009 3879 8217
7597 13149 10750 
1 1772 8981 9080
15121 9520 14835 
1 2722 835 3205
8927 3765 8471 
1 2076 1928 7698
15293 12618 9525 
1 2737 832 8731
3390 -4 5353 
1 672 1924 9679
11311 2502 16553 
1 5428 4991 8442
1245 7175 2296 
1 2777 5380 6295
12738 10541 2144 
1 6588 6587 7984
1360 12908 12716 
1 2715 6386 6487
14612 246 12713 
1 2339 7260 7365
5139 4780 14436 
1 3931 2628 5763
5135 8660 6263 
1 4930 2727 5720
2597 11212 14339 
1 1404 7550 9035
8369 7335 12690 
1 3685 4937 7765
11637 1568 12864 
1 7209 4581 9338
14133 16308 358 
1 1000 1262 6730
18995 13191 2581 
1 2874 2432 9680
440 18991 11454 
1 3731 4569 9255
2387 8943 7308 
1 2292 5302 8353
18185 8075 1650 
1 1892 500 8134
11101 9225 11397 
1 5725 1489 5766
17650 16205 11303 
1 2943 5488 8110
6474 18348 5297 
1 3062 4022 8917
6193 15023 7874 
1 5891 2541 8333
4969 11547 953 
1 2254 6537 9414
918 3673 12810 
1 7825 7414 8535
3423 4711 1526 
1 2223 2735 3518
6685 2278 7373 
1 1032 6987 9930
6488 19479 12865 
1 1982 1293 6334
5506 6250 5374 
1 4356 5908 8664
14919 11580 5116 
1 2723 2737 8731
8623 5326 19378 
1 7781 6041 8844
18778 6215 11970 
1 3430 606 6407
11814 12556 18519 
1 3376 249 8936
13471 5828 17527 
1 4968 1427 9868
15550 7116 19360 
1 42 1064 9503
6870 4383 7411 
1 2920 3983 8491
4499 8098 8861 
1 6018 2740 7936
11794 666 15563 
1 2741 164 7143
16436 11495 8714 
1 287 3380 5681
4076 4075 6619 
1 9589 3365 9746
6590 6072 9349 
1 7059 4337 9746
13839 9139 19121 
1 8322 6932 9836
16321 3947 4219 
1 2178 3432 6419
15342 6720 4932 
1 2591 3479 5348
5067 8490 8321 
1 3481 1018 3482
13381 1973 3707 
1 540 2320 6273
4535 12293 3024 
1 2745 6273 6472
15501 12293 12683 
1 651 1142 2746
501 5372 3144 
1 1142 457 2746
9270 5895 5371 
1 3803 3414 4837
108 17301 9476 
1 1982 6334 6752
5351 5897 1999 
1 6137 8033 9253
8134 12025 9419 
1 2711 1175 8924
9217 17503 9420 
1 4934 2749 6423
12306 6046 592 
1 493 2970 4973
5812 10451 8445 
1 8380 7594 8788
3714 5047 6732 
1 6875 5611 8796
9585 17254 19120 
1 2379 592 3289
11392 9471 1575 
1 5915 1210 6598
5433 15 12932 
1 5967 2961 7085
11692 8319 7070 
1 3261 6063 8730
6462 561 8057 
1 7169 2922 9489
6124 16660 3588 
1 3420 647 8196
4743 14216 10773 
1 1312 6683 9658
13099 16714 1576 
1 626 421 2754
15923 3278 15836 
1 4593 2330 9183
11723 49 11529 
1 5779 8212 9888
6917 3125 10731 
1 3051 3101 4772
17253 535 1334 
1 2400 2757 6108
5393 6883 4273 
1 2400 492 2757
6884 3249 5392 
1 3177 3936 9637
7708 8393 18906 
1 3894 714 7493
4544 15320 2749 
1 1826 578 8064
11581 9024 15812 
1 2594 4405 4505
3638 18142 8825 
1 264 8487 9666
-6 2210 16645 
1 3698 9428 9715
18491 10826 14941 
1 3120 5484 5707
3180 1218 10748 
1 5526 5687 5688
11770 11146 2154 
1 2532 2547 5650
3668 2689 11076 
1 4474 1753 4600
8764 5441 14532 
1 5772 2763 8341
11512 18719 16357 
1 4199 3442 4548
4159 14292 8911 
1 2469 880 7452
378 18468 3318 
1 9140 608 9597
11352 13366 2404 
1 6615 1256 8510
830 12976 8049 
1 1896 2012 2765
4642 1385 11755 
1 1948 2133 8668
17440 1475 17002 
1 1845 7329 8551
14366 12375 3129 
1 1497 2718 9753
15421 13662 19174 
1 3115 1126 8503
15359 16677 4145 
1 2338 8888 9546
10691 -4 17876 
1 4280 6515 7799
18897 12693 6286 
1 2882 1007 5110
5929 10014 9569 
1 4732 2436 7503
9271 5571 14709 
1 1722 3795 8180
2973 3246 10761 
1 4140 6632 7267
12802 13 3400 
1 2771 3519 9935
5941 12310 11165 
1 5232 3070 9805
14196 3257 5816 
1 4817 1401 5006
8988 16622 5423 
1 3092 4817 5006
1104 5422 9806 
1 6981 206 7081
8620 13883 12296 
1 3213 4852 6529
1566 8266 14817 
1 4468 2151 6886
6146 16183 9170 
1 7206 976 9545
11663 9391 262 
1 5819 5733 6893
11630 11406 11237 
1 1854 1579 8276
8469 7779 7702 
1 5046 984 9568
9927 1702 1908 
1 862 1169 8431
8711 1703 16534 
1 4779 709 5428
8575 1245 10637 
1 1210 5915 6500
5382 2548 7138 
1 817 5053 9387
9901 3263 12283 
1 4567 2221 5053
1582 3263 251 
1 2848 2138 5056
10398 550 9907 
1 3114 882 9619
1192 16673 11402 
1 6338 5503 9616
16809 9852 17265 
1 2182 7974 9701
15635 537 12431 
1 3004 4654 8190
17371 9364 3966 
1 1753 1605 4600
4802 5880 5403 
1 2782 2117 7678
8277 4708 9559 
1 3475 6321 8693
7458 6005 17051 
1 6029 1160 9878
5658 19379 14790 
1 2173 1788 4825
4566 9453 9552 
1 1861 8057 8968
15798 3635 10854 
1 312 5155 7249
10074 1543 14212 
1 5557 7611 9383
765 10891 18403 
1 8309 4634 8354
16295 5081 4722 
1 2955 1230 4566
4893 9143 8551 
1 5364 3590 7008
7031 9530 10124 
1 1513 3332 7907
6523 4241 2864 
1 6755 5770 7498
2816 9825 6232 
1 3283 6559 8832
14858 1486 17323 
1 2953 497 4628
15367 15166 1592 
1 2020 1790 5722
15031 3494 4712 
1 1057 664 2789
13463 1895 11216 
1 4027 872 8964
12435 2051 1281 
1 7198 3570 9636
12370 13310 15270 
1 5289 4632 6582
8242 13291 12900 
1 2412 7090 9207
14771 2999 6275 
1 1590 274 5579
11859 14582 519 
1 5528 6388 8256
10832 11683 16191 
1 3969 2720 9441
10523 4765 18518 
1 4619 6721 7562
5965 13173 10877 
1 3241 1020 3489
2086 6084 18591 
1 6972 1355 8792
1079 12419 17246 
1 2259 5642 6740
11060 13212 6621 
1 5369 4090 9972
10519 10068 10086 
1 2796 7803 7951
6929 7079 3802 
1 978 3459 3506
16913 66 6772 
1 6377 7790 8113
19366 3298 4328 
1 5714 618 8661
9344 16987 11401 
1 4159 2824 9186
15821 8144 5475 
1 3934 4159 9186
7949 5474 8423 
1 496 2925 3906
12523 5723 3427 
1 5190 104 5387
3860 3973 3859 
1 4883 1403 6431
3743 12602 7975 
1 8364 5129 9498
10052 18631 1905 
1 2573 4020 7149
5031 -6 6860 
1 6502 6501 9173
14573 3330 -6 
1 6430 106 8708
1900 13570 12600 
1 3090 2803 8708
10649 18047 13570 
1 2826 7823 7922
15339 10338 6320 
1 8009 2486 9605
3035 17119 15684 
1 3547 565 9035
12194 17721 7335 
1 3946 6970 8624
18568 16916 13765 
1 1733 2806 4419
6813 3384 7901 
1 3178 3874 9900
18234 14152 1466 
1 1020 2166 9200
7630 1108 897 
1 1307 2706 2807
5237 1977 18044 
1 5339 1398 6299
11943 5608 10460 
1 2841 1843 4796
2719 4464 9397 
1 4324 6722 9642
1100 1818 13175 
1 4368 2809 8065
15496 2877 13086 
1 4342 741 9435
8504 8304 8112 
1 4144 4143 4243
366 8104 8309 
1 1029 2543 3703
17487 1122 3319 
1 4945 6687 8611
16300 16382 12140 
1 3157 96 6247
16953 12241 18831 
1 6427 2771 6833
5941 13391 13392 
1 5919 423 6842
11599 1025 1891 
1 4338 4070 9911
1138 4285 9029 
1 219 3886 8086
404 20 11492 
1 2223 6565 9930
4440 13698 6685 
1 1293 1982 4158
5351 2511 13275 
1 8947 8609 9510
11201 6409 16304 
1 3447 5675 9405
435 3108 6829 
1 2816 2815 6011
16885 11780 1809 
1 1287 2010 2817
2279 3554 121 
1 1564 2818 5703
8480 7984 4948 
1 7947 4073 9549
15585 4846 5124 
1 2024 3085 9751
11667 7791 11315 
1 4792 4561 6990
8532 18446 178 
1 8126 775 9784
10421 16061 14320 
1 373 100 9960
13990 17345 4468 
1 3764 8078 9558
4360 18749 15878 
1 448 3037 9101
8936 8079 17850 
1 5576 3488 8349
2059 10929 16373 
1 2822 3979 9751
4666 3645 19131 
1 4064 6226 9830
5923 5136 4779 
1 6902 4161 7037
2702 7036 6571 
1 4458 1900 9518
3122 18671 1015 
1 3159 1739 6852
8124 7544 13430 
1 515 9227 9927
18096 13225 14134 
1 7210 515 7310
18096 702 14330 
1 7718 5277 7722
15141 11248 6321 
1 1971 253 7718
15703 12686 10337 
1 1825 83 8560
11014 5984 1263 
1 5763 4421 6504
8660 1230 14615 
1 48 1805 2828
9539 5532 7435 
1 1805 1346 2828
16990 3879 5531 
1 2247 3347 9922
170 15123 9292 
1 7341 2157 7363
9812 14389 19218 
1 5645 708 6338
4792 7620 12421 
1 7018 6550 8763
18623 4220 12414 
1 6239 3880 9711
-3 13660 7499 
1 613 3538 7543
13963 13532 14788 
1 1974 2832 3100
9551 571 6070 
1 1137 3100 7703
6070 3728 15099 
1 3749 1163 9307
13167 4251 18255 
1 893 2764 5222
8022 6075 3018 
1 5359 5360 6662
4505 10500 12067 
1 9282 7591 9829
9708 19285 9132 
1 109 3415 7530
6688 9114 14763 
1 5622 2835 7358
4824 8785 11197 
1 3503 1354 3902
6859 2001 9755 
1 1354 4384 5890
2483 7424 11546 
1 8957 8956 9260
7621 9713 7622 
1 224 5401 8953
17883 17560 11143 
1 5034 7792 9560
6690 9863 6136 
1 2838 4998 8039
3761 8065 15763 
1 8041 9192 9901
14757 14756 5651 
1 6641 6541 9193
14472 11029 5956 
1 7427 1160 9994
19379 6024 13315 
1 5483 3519 6427
14665 5941 10252 
1 2241 6299 8973
12345 2760 15625 
1 2841 654 5336
9397 3599 2050 
1 9363 1852 9958
18364 14094 1448 
1 1348 1349 7189
100 2982 2981 
1 2976 435 8105
8747 15893 9650 
1 4131 5656 9997
130 13301 12571 
1 2248 3660 4082
10831 6968 4686 
1 4436 2575 8404
3569 1755 678 
1 2711 3883 8279
9420 15750 9454 
1 5332 4297 6153
6540 5955 7128 
1 1986 1450 2846
18092 5568 2904 
1 1450 2196 2846
2230 1478 5567 
1 4292 1659 4642
14795 8243 19227 
1 820 4844 6896
1595 4608 9642 
1 2436 5207 7503
8680 10203 5417 
1 2054 2710 6096
6348 5636 7060 
1 5520 1077 8902
10817 17461 7925 
1 688 4121 6260
8069 8901 9843 
1 6248 3344 7183
6547 2236 5153 
1 5082 3134 8969
11493 5738 12243 
1 9520 9521 9898
15128 632 11421 
1 9724 4901 9824
1286 13776 11597 
1 849 3542 9647
6936 8585 18927 
1 207 8891 9649
340 3604 3806 
1 6030 1012 9924
794 3078 11613 
1 5936 5935 6036
4221 285 11441 
1 2099 840 7129
16911 1949 2198 
1 6148 6602 9580
1221 12047 5194 
1 2445 2202 7565
1636 7998 12814 
1 4085 3985 7565
3748 12814 557 
1 5852 1847 7327
15567 5045 9498 
1 1570 422 5747
15237 7058 6543 
1 2857 3642 8251
12727 12406 7465 
1 3642 6915 8318
12727 9765 370 
1 2647 5633 5782
17887 5074 1681 
1 1744 2273 2858
8292 1489 9524 
1 9149 7025 9150
3170 8514 13964 
1 6636 5145 9258
164 9054 3356 
1 3047 4819 6721
4492 9440 9049 
1 8673 4987 9084
9441 17011 9008 
1 3967 4675 6209
1498 11036 18858 
1 6063 228 6162
11881 7751 2129 
1 4835 7553 8263
9472 11775 1184 
1 3161 1415 3262
18941 2796 381 
1 7663 2863 9158
1525 5180 13417 
1 8052 7232 8827
9002 13193 17282 
1 6168 6097 6943
11949 6615 11016 
1 5965 7043 9666
9876 18962 5674 
1 6171 6172 6347
14543 8805 16631 
1 2473 1586 8961
16827 9527 15589 
1 3319 1420 5423
6500 10461 4378 
1 1398 4267 6299
16542 3118 5492 
1 1376 764 9011
1480 17673 14914 
1 5731 2868 6784
11233 8493 9630 
1 2943 950 5955
7875 12992 6474 
1 8397 1782 9590
16467 5098 8549 
1 4789 2870 7195
14382 -3 10018 
1 1548 2434 6821
11966 4356 3016 
1 6092 5912 6402
11018 6096 10 
1 488 2861 9552
12167 11025 11286 
1 5880 2580 6755
6257 11274 11525 
1 4066 9149 9505
17942 13964 5682 
1 9451 5105 9956
18537 3372 10257 
1 1528 1428 2874
9555 1410 5621 
1 2123 1528 2874
1016 5620 17247 
1 1837 7127 8127
13973 10200 15936 
1 5285 1740 5984
14862 10352 3602 
1 9113 8936 9496
343 8491 3067 
1 7302 3278 8027
18628 19412 15739 
1 4200 782 9864
17501 19351 9791 
1 1153 3344 8955
2236 17109 17564 
1 4697 1502 5405
2100 8681 7950 
1 3461 4431 6031
12985 5221 10204 
1 1053 1241 3662
10028 18554 3956 
1 2025 2879 3662
3102 3956 4576 
1 9191 5736 9661
2659 11243 6865 
1 5814 2220 8224
15948 9779 3695 
1 2881 4566 8233
8551 5782 5635 
1 3659 2881 8233
15678 5634 7164 
1 6096 2710 8388
5572 16449 4329 
1 1612 2769 4681
3566 5872 13254 
1 3248 936 8798
837 17257 16580 
1 734 834 3209
7296 6281 6282 
1 2734 2090 8232
3429 12617 5846 
1 3469 8603 9209
3597 16328 18059 
1 2235 6829 7204
-3 534 14123 
1 4084 452 8751
11189 11673 4723 
1 1300 7258 9404
2399 18444 13680 
1 2601 1236 5273
4770 5086 10330 
1 2887 9693 9865
19016 11926 10468 
1 2529 6086 9865
11927 10468 17806 
1 4859 5810 8683
1629 3092 17032 
1 7891 7890 9554
14960 3242 115 
1 6780 9464 9777
18564 8717 12592 
1 7527 8041 9901
3785 5553 18027 
1 199 1933 8318
3776 370 16312 
1 5639 4985 8613
9191 9721 2791 
1 7735 4628 7736
4897 15166 6428 
1 7820 5020 8614
7449 15126 15547 
1 2243 2244 3194
16567 6593 5657 
1 79 2243 3194
8157 5656 6251 
1 1160 6029 9442
5444 1693 12555 
1 9562 3503 9970
18756 9755 7641 
1 51 6270 6294
13359 12287 6874 
1 5424 6816 8617
13360 2627 6514 
1 1152 1480 2895
18361 5663 12531 
1 1480 624 2895
2814 14410 5662 
1 6388 900 7009
12519 10833 11683 
1 1492 1250 3292
376 6447 925 
1 5519 6293 8291
7778 5050 10078 
1 6986 2189 8286
10158 2743 4276 
1 8108 9037 9085
13935 13819 17819 
1 6328 4547 7448
11982 10225 19020 
1 3621 5612 6560
2333 12487 12856 
1 35 296 7133
40 8647 11541 
1 315 6741 8933
13214 10289 17522 
1 3618 4707 6904
1573 1572 13533 
1 8421 5965 9666
5675 5604 62 
1 6387 5965 8421
12517 5674 10354 
1 326 4148 4789
41 10269 9383 
1 4771 3763 8893
13431 3767 5848 
1 1888 3887 4470
17038 3688 1851 
1 733 5353 5452
10489 7761 530 
1 8507 3295 8530
16684 16685 16881 
1 8607 5501 8608
13502 16884 10781 
1 4347 4066 9505
17234 5618 7961 
1 5785 5607 8851
17945 4475 4121 
1 4276 3507 7028
16257 10314 17042 
1 5240 4994 5732
10266 7547 11879 
1 7642 3337 7958
7032 14279 15606 
1 2528 828 7297
6534 14304 14299 
1 2908 1385 9889
2494 19401 1045 
1 349 1386 2908
9047 2494 152 
1 4875 5849 9391
2954 8335 4054 
1 2072 1788 2909
15521 4566 4567 
1 622 73 5505
9568 9175 10789 
1 4389 4289 7496
10553 387 1735 
1 2768 2911 4499
4067 6240 8813 
1 1205 398 4088
9465 2340 2471 
1 2027 2379 5026
17342 2137 13871 
1 1183 2572 5787
6441 11343 5243 
1 1173 1260 2913
12132 5699 4124 
1 1260 1874 2913
9186 3935 5698 
1 6535 1076 8178
16355 11556 16036 
1 1890 2706 2914
5293 5090 8668 
1 873 7700 9815
10596 6691 7092 
1 547 2519 7255
19172 11549 19369 
1 776 1054 2916
18175 5705 13235 
1 1054 1287 2916
2279 121 5704 
1 1146 5154 5894
5824 2251 17896 
1 2579 7771 7806
2497 12348 15306 
1 2918 7552 7726
14806 10560 11564 
1 5389 1388 6185
1863 7216 11121 
1 3882 904 7542
3022 17027 4143 
1 609 8841 9208
17341 615 8939 
1 1921 7229 9281
14173 3076 3752 
1 4136 1396 5307
6340 16602 8097 
1 1174 5274 9423
10332 4345 860 
1 4685 2392 9860
17505 3953 7956 
1 9076 9241 9489
16862 3588 864 
1 283 1184 7251
4297 2903 18613 
1 7611 2618 7711
14920 10890 10891 
1 7814 36 9379
3419 9533 18396 
1 3604 7389 7540
14 4542 14752 
1 5540 5539 7044
2913 10425 1839 
1 2925 1768 3870
8869 11299 3627 
1 2925 1937 3906
3627 7273 5476 
1 5246 4360 6164
12767 18109 12079 
1 7004 5573 9543
13062 11944 8248 
1 3760 2392 6850
3953 15147 2717 
1 1723 1389 8925
12238 9178 3564 
1 2628 8825 9365
17310 8661 6484 
1 2957 2339 7456
17664 11297 14616 
1 8031 7817 8860
13370 4755 12364 
1 3180 5670 6606
14555 4463 940 
1 1133 2930 3793
13005 5228 1124 
1 147 6449 6635
13530 1508 656 
1 3199 5609 8514
10993 8327 8326 
1 2147 5592 8717
989 14926 6262 
1 1422 3621 9766
2333 9898 3158 
1 4373 2653 8334
5189 14034 13638 
1 3134 3135 8969
6527 9862 5576 
1 2850 3344 7844
18752 6547 15382 
1 653 492 9059
17914 13527 17148 
1 5961 8714 9864
6537 11680 9790 
1 3138 518 6744
14940 15264 6141 
1 348 6975 8736
13673 192 10161 
1 2297 3678 4320
8256 1332 6618 
1 194 2793 5832
1800 7627 11431 
1 5006 40 5421
9436 13736 9806 
1 3850 5620 6124
14734 12000 11209 
1 3997 2634 7622
15217 19059 5151 
1 2938 2325 3997
19324 5150 5151 
1 1222 441 9340
18573 18317 14535 
1 400 5601 7064
3686 13848 11120 
1 4967 3564 5769
6980 5999 6585 
1 3172 606 5483
12556 1757 10746 
1 2080 3992 5399
13782 17118 5216 
1 2917 4461 8727
10575 8737 10578 
1 2942 4705 8327
6781 2799 16331 
1 4198 5546 6912
6062 10868 8232 
1 2943 2732 7663
5297 1525 7875 
1 8283 7474 8917
1841 7874 17491 
1 7033 5102 8262
13788 10056 16203 
1 508 6277 7914
9227 16717 15520 
1 1064 597 8418
8216 2819 7410 
1 2757 1955 5014
1076 4274 9823 
1 9414 1298 9501
11934 16893 4989 
1 3510 1444 9329
5185 15497 13202 
1 6415 3824 9997
5948 3678 13301 
1 9210 1694 9225
2314 18062 3525 
1 6450 2875 7580
12640 4038 9733 
1 7648 321 9216
3313 14378 3782 
1 6424 4181 8267
13606 4775 14419 
1 7356 6013 8203
7656 7312 11783 
1 2950 520 3580
6898 1485 1001 
1 4635 6430 7373
5056 13774 9079 
1 6710 1993 7619
5775 12130 13151 
1 5631 1993 6710
11038 5774 1105 
1 3456 1909 3584
17258 6766 205 
1 235 1652 5628
7266 8679 6359 
1 2694 2143 7837
10403 3325 4186 
1 4042 569 7736
14574 6428 9066 
1 920 1188 2954
2173 5781 15665 
1 1188 199 2954
1426 16312 5780 
1 4566 98 8233
9142 8944 5634 
1 9089 8020 9829
2393 14884 18204 
1 5575 4047 9679
2680 7923 2502 
1 8674 4047 9677
7923 2680 6297 
1 8560 3652 9617
5984 12745 774 
1 5082 406 8363
12243 5985 11013 
1 5271 655 7804
895 15301 13239 
1 331 4021 5073
7873 6166 2167 
1 1856 8166 9224
19179 3 8953 
1 1793 4503 6336
640 11849 12417 
1 6815 2033 7771
13358 13842 17229 
1 3402 5602 6367
6662 1972 12478 
1 3337 9248 9393
17677 369 14279 
1 3958 517 5362
15857 10505 7750 
1 3751 407 7306
10653 14321 5076 
1 8396 3953 8971
16465 4592 18420 
1 2963 4555 6963
19023 8923 17383 
1 2214 3466 8862
3999 7172 3712 
1 4345 5013 5865
14242 5141 12826 
1 3073 3823 4841
1280 7486 4937 
1 4365 2940 9590
5804 5810 5098 
1 389 2708 2966
16516 5208 14349 
1 2940 4365 6629
5802 8388 19303 
1 2966 8273 9838
16225 742 14349 
1 2653 5304 6859
5189 13441 14034 
1 5612 2967 6372
9610 7820 12487 
1 3743 2289 6401
18084 12544 2487 
1 8456 6043 8557
16584 4474 13070 
1 2940 2869 9590
2401 18812 5802 
1 2969 541 3174
16466 801 6856 
1 493 1078 2970
13636 5813 5378 
1 1078 877 2970
9681 3893 5812 
1 7120 7612 7656
6640 8418 13769 
1 4299 2971 5275
14922 7367 5834 
1 4284 5232 9805
8389 5421 6208 
1 3371 3372 6023
15376 6601 8520 
1 591 6304 6305
12355 6415 5286 
1 5230 5906 6005
10248 11575 6414 
1 2974 356 4213
15670 8119 8120 
1 6365 7992 8149
3514 6176 15125 
1 433 8771 9175
17203 11733 1396 
1 3829 2494 8370
2105 16414 7497 
1 5154 1146 6639
5706 11390 979 
1 2080 4926 9296
9651 1771 13782 
1 1211 4579 9321
5959 14074 1990 
1 5406 3890 6075
18048 8519 10593 
1 249 4335 8936
626 8491 5356 
1 4249 3479 6738
13470 6816 2121 
1 5027 4344 5126
8508 2961 7737 
1 610 8065 9068
15814 15693 13087 
1 2981 1515 5229
7359 8608 4348 
1 1051 4424 8067
18885 5162 8557 
1 4299 5275 5627
5815 4913 11030 
1 5229 5986 8437
16832 8558 15817 
1 5133 18 6635
-3 10060 1508 
1 6903 778 8498
14706 3431 16667 
1 3182 2983 4407
7695 6032 3863 
1 6738 2744 7669
13208 6229 6812 
1 3056 5764 9310
4278 15914 18622 
1 332 7807 9318
15308 3534 18275 
1 2271 3245 3501
9963 6352 6855 
1 259 5189 5942
16510 10818 11644 
1 4851 3420 9660
4743 18951 8670 
1 2986 6134 9660
9504 8670 6698 
1 2884 2734 8232
4801 5640 12480 
1 7935 3469 8367
3597 3090 6792 
1 4441 4771 8893
8700 5677 13452 
1 4771 5776 7429
103 3339 13431 
1 6279 4640 9740
15806 3968 5192 
1 2496 5781 6458
11331 6300 12656 
1 2691 3643 9743
22 10236 4721 
1 2886 6978 8015
10368 2141 15716 
1 5170 4124 7555
245 14811 10131 
1 402 507 5489
4807 6434 3885 
1 3564 3530 8106
6980 929 6456 
1 5792 5461 6810
19070 6515 11354 
1 2993 2138 4295
550 2927 10985 
1 4295 4697 9745
4006 15705 10985 
1 673 4764 8221
17035 3451 2257 
1 2994 203 8221
17466 6676 16121 
1 5558 4202 6658
2118 414 10188 
1 4451 5338 9946
13016 14075 19509 
1 4391 3280 5641
8601 3934 6423 
1 648 2996 4001
18268 326 19492 
1 1027 927 5200
9449 3336 10191 
1 1623 1624 7972
13434 15632 3173 
1 1406 8274 8374
16227 16226 8964 
1 5072 7150 7355
16223 14017 14417 
1 793 4028 7873
7885 16293 2067 
1 579 2999 8993
13877 12626 19534 
1 2769 3011 4681
4760 3584 5637 
1 480 2882 7503
5930 14708 6777 
1 789 1135 3001
10694 5875 11092 
1 1135 1568 3001
10887 1604 5874 
1 3075 1229 6330
17745 3050 5083 
1 3185 8299 9047
16275 7362 3296 
1 2687 8210 8459
16099 5879 5255 
1 8459 8210 8870
5878 8288 3711 
1 4600 1605 4712
5441 9012 2522 
1 1172 2361 8856
15084 609 3225 
1 845 726 3005
9399 12481 5883 
1 2574 845 3005
17352 5882 16068 
1 1931 1070 5076
3262 9946 2060 
1 1049 575 9675
3502 265 1313 
1 4560 3335 5698
16696 8933 13311 
1 1565 6392 8561
12527 7353 12136 
1 429 6490 6844
12719 819 8350 
1 7979 1944 8375
3798 14518 847 
1 7324 864 8168
8812 7195 10778 
1 4586 800 9320
15315 10242 17299 
1 3010 846 4988
13838 6071 1270 
1 6118 5341 7303
10464 14316 9771 
1 5305 5405 9916
10392 8681 19453 
1 2746 457 3011
5372 1794 4760 
1 1122 3012 9478
4232 8050 1760 
1 6752 6334 9112
5374 1998 12413 
1 5581 3272 5905
3940 18667 11574 
1 1635 535 7333
9288 9061 9582 
1 8757 8661 9619
11017 11402 6095 
1 7224 2599 8453
14163 16577 4347 
1 838 462 6389
1622 15912 7354 
1 4429 1308 9673
10704 10163 8677 
1 3686 2279 9995
19480 19593 7837 
1 9359 3981 9457
3809 18550 3962 
1 4240 7300 8261
9985 7439 16201 
1 8056 8055 8155
162 3361 15991 
1 2555 994 7661
15426 15019 1002 
1 8350 8360 8471
16202 917 16394 
1 548 853 4800
16384 9316 11740 
1 6381 7556 9110
14813 17868 4237 
1 4255 2139 7782
14121 8332 2977 
1 1542 7617 8444
14540 3036 14541 
1 4439 3603 7421
7848 9902 11746 
1 6398 8459 9697
5255 19024 8729 
1 4156 8451 9803
16947 9183 9182 
1 3954 222 8071
16159 15826 8984 
1 3009 4586 8071
15316 17299 7742 
1 4261 641 8382
379 8678 7851 
1 3233 2099 8135
16912 8488 836 
1 3096 1620 6225
16745 2280 7821 
1 9623 3247 9816
11510 6356 15304 
1 4064 3760 6226
19344 3780 5521 
1 702 2927 3026
16789 705 260 
1 3819 5545 9540
16503 10055 18715 
1 3103 5222 5791
16802 6075 18260 
1 5759 3941 6205
3353 12159 3580 
1 3634 3910 6205
9979 1846 6162 
1 1007 2882 3029
5416 5930 17597 
1 2882 480 3029
5873 3585 5929 
1 8430 2454 9257
16532 4481 9665 
1 3030 1092 5171
16348 5224 12459 
1 2933 8242 9671
16164 1328 3432 
1 3652 83 6261
5984 12268 7150 
1 1559 9147 9211
17939 5307 18064 
1 8786 4005 9147
13237 7081 17939 
1 2789 1156 5722
1476 2243 11216 
1 5749 3033 6397
11891 3495 2852 
1 8209 7293 8309
15900 16097 9078 
1 1469 4264 7611
6982 999 765 
1 3519 2771 6427
5420 5501 5556 
1 1990 3070 4350
3257 9603 8521 
1 2748 2421 6735
18148 460 8586 
1 1611 2158 6735
71 2561 3159 
1 3816 4562 5268
8937 18372 10321 
1 5969 6019 9101
7372 1976 7084 
1 5377 4466 6633
10466 4646 5127 
1 2980 3824 6415
10892 5766 12572 
1 6276 4778 8197
3490 13354 16074 
1 1080 695 9021
4522 17693 2848 
1 4379 758 7238
14380 5952 4957 
1 758 3040 7238
6503 14387 5951 
1 1218 9470 9579
1135 1843 18791 
1 5193 3628 9108
119 7328 10176 
1 4297 4929 6153
3916 19497 5566 
1 1912 6641 9193
6459 5554 8718 
1 1267 7024 7612
7393 8418 14923 
1 1564 5694 6921
4948 8768 4245 
1 4579 1211 4694
5826 8969 1660 
1 3029 2215 8972
876 10406 17597 
1 8501 7054 8757
18732 11017 17176 
1 8794 1199 9039
10395 17729 4640 
1 875 148 9242
1959 2176 8726 
1 5016 2700 5017
10024 9634 7772 
1 4619 5832 6721
8316 8658 5465 
1 752 2300 5777
14261 1288 16527 
1 752 6433 8007
14448 18227 1720 
1 4138 1131 9957
13293 2731 19526 
1 745 2158 3049
2062 71 7766 
1 7053 1634 9689
7422 19008 3849 
1 2103 4684 4878
10712 4106 9558 
1 1685 746 8549
13474 14916 16767 
1 2756 3129 4003
-6 3112 14384 
1 7625 3875 8512
17832 14947 2835 
1 9398 7491 9862
7590 4280 1741 
1 993 992 6942
12436 2915 1570 
1 4464 989 7017
8744 10845 13756 
1 3054 2734 7235
2453 14185 17166 
1 6570 4853 6870
1087 11360 11361 
1 91 82 7371
2805 14058 16528 
1 7469 1749 8219
10275 15086 16118 
1 2190 6546 6571
1730 312 7570 
1 8324 4949 9608
7344 18849 16325 
1 83 3652 8560
5934 5786 5529 
1 406 2251 8363
14233 16400 5787 
1 338 1752 6073
820 391 16900 
1 6130 4172 9802
12012 14877 12770 
1 4170 3914 7968
15432 8164 16557 
1 6277 8836 9125
17332 15807 16717 
1 2792 5593 8246
10962 8829 16171 
1 5284 159 5571
14594 10918 98 
1 1720 3061 8146
2956 19204 2374 
1 8148 3061 8248
297 2956 10135 
1 2732 4904 8283
17321 16243 11353 
1 3363 1436 8779
9731 6586 18788 
1 3403 201 6441
6665 12622 2132 
1 1667 9138 9907
17920 405 19435 
1 8697 9578 9932
14489 14632 6181 
1 3564 1789 5769
6456 18682 5752 
1 6629 389 9838
1256 14349 19303 
1 6609 6507 8227
70 9413 6115 
1 353 1248 6523
9130 12782 1812 
1 2067 6689 7577
13111 7305 6160 
1 5475 5476 8270
16021 8910 6330 
1 6321 5475 8693
4135 6553 5443 
1 4902 4350 7241
9358 9603 5181 
1 3166 6507 9269
12641 70 3309 
1 7339 2535 7340
15770 7259 14190 
1 3707 7140 8547
9956 3984 3155 
1 4902 1695 7851
5181 6600 9358 
1 729 4777 7851
19517 15396 1840 
1 2200 2801 3071
10118 6013 4694 
1 2801 2301 3071
8570 8569 6012 
1 4599 558 4698
3463 12513 9204 
1 5929 7179 9218
4182 12769 11204 
1 587 4841 6022
2614 11802 3865 
1 5973 3581 7995
1066 10102 15677 
1 7194 4910 7634
826 14965 11167 
1 7194 2354 7295
13394 14300 826 
1 692 1831 9536
2598 16975 3575 
1 1806 5615 6392
6234 7353 12331 
1 5993 2052 9779
3876 1128 300 
1 3631 1834 6142
2886 7114 2885 
1 1160 2876 9994
12555 1692 5555 
1 391 3375 9403
6610 354 6605 
1 2775 2169 8014
19468 9808 1324 
1 1206 1741 5477
1177 8106 10734 
1 7095 7461 8789
13910 13911 1271 
1 1435 1944 7662
14518 15021 13926 
1 5921 1776 6038
11603 11833 11602 
1 4769 9550 9726
17468 16672 15800 
1 2983 3083 4407
10531 7438 5838 
1 816 4407 8410
8632 7438 1407 
1 6349 3123 7679
1609 13946 10715 
1 4713 125 6481
10842 4533 5128 
1 1171 3482 9488
6818 3470 1637 
1 298 2517 9703
13569 4063 16491 
1 1468 2520 6813
4926 9360 8293 
1 6462 5370 8323
3455 6675 4048 
1 3139 4792 7610
9389 14918 1048 
1 2736 2010 3599
3554 1503 3533 
1 2562 3468 4563
6790 -4 8938 
1 9020 272 9869
2413 19361 11654 
1 1967 7859 9475
8664 7395 782 
1 3346 3088 6589
12307 13923 10061 
1 2749 4580 6423
10183 2282 5377 
1 754 2106 8271
218 778 16221 
1 3664 4378 4779
19127 9362 2363 
1 2100 34 8385
9920 4621 3366 
1 6923 595 8708
17400 12600 17080 
1 2957 6504 9617
14616 18867 16788 
1 2827 2927 3091
5138 4573 16566 
1 2059 4572 5419
4011 8955 3206 
1 1177 6943 9266
13610 15428 8509 
1 3471 4629 8671
16092 9068 16861 
1 8206 3471 8531
16092 11067 12005 
1 4165 1282 6403
4181 8155 12548 
1 6695 2545 9539
18456 -3 584 
1 6742 3095 6743
16998 4701 3156 
1 3667 1618 7040
13216 13801 4324 
1 1175 7805 8643
18878 6550 17503 
1 5546 4198 8538
5757 6157 8219 
1 355 4207 5473
8237 10726 6770 
1 1590 652 9587
10919 3988 11859 
1 3188 6600 8997
-4 2341 6066 
1 4499 3188 8997
-4 6065 8813 
1 5745 4059 7800
15688 2958 102 
1 3288 7710 7800
3341 102 2436 
1 6471 7359 8357
8588 14071 8334 
1 1137 1974 3100
2632 5539 5540 
1 4988 846 9299
5892 12968 4362 
1 3365 6875 9746
3104 19120 5363 
1 5376 3067 7003
8170 10141 16218 
1 2701 2353 3251
5283 6365 6364 
1 5222 2764 5791
5542 11351 5926 
1 1857 844 4282
10782 2302 15913 
1 3104 1313 3485
290 291 2366 
1 3169 3198 9547
16888 6203 -5 
1 3871 7794 9431
15282 14155 7783 
1 5080 1200 7893
9955 6560 7342 
1 3656 7700 9764
723 10596 19156 
1 3106 2915 6800
7093 6118 515 
1 5670 2283 6649
11116 13032 4463 
1 1020 44 3489
9386 6085 5466 
1 3489 44 8119
6084 5271 3025 
1 1801 2370 9318
18081 13263 3534 
1 3109 1810 9416
18274 2950 2103 
1 5847 4293 9862
3044 1741 17366 
1 7086 706 7547
14088 13405 13892 
1 3957 6934 9114
4610 7748 11932 
1 419 1454 9432
3858 4437 14433 
1 1034 2491 8750
4869 17162 374 
1 819 551 9885
13336 4173 922 
1 7934 6323 8035
717 907 5023 
1 5817 8757 9619
17175 5900 11983 
1 5912 5911 6402
13039 17823 5615 
1 1350 8413 8484
16498 451 16640 
1 3214 1497 9773
15422 19174 233 
1 3116 5806 6792
12921 13705 6100 
1 5560 3116 6792
15452 6099 13312 
1 5167 3534 9908
10126 19436 12529 
1 4996 998 7179
8146 7542 9786 
1 5766 3987 8982
7808 11302 17617 
1 3118 5040 9119
13428 9874 17884 
1 3140 2151 4814
13831 6146 18517 
1 8536 4317 8940
16742 3350 1042 
1 4012 5177 8670
7017 10944 7033 
1 6085 6579 6905
11925 1440 8592 
1 260 3426 4432
563 329 6110 
1 1723 260 4432
3564 6109 11737 
1 4108 5150 9918
19171 3435 10093 
1 61 3122 3807
858 8554 6863 
1 2228 4618 6349
1477 2677 12443 
1 7929 189 8558
3483 7407 4541 
1 638 6609 8227
12953 6001 16134 
1 3164 3064 4022
1168 17490 2893 
1 4186 7675 8663
-4 3955 1373 
1 2915 710 6800
16992 13327 6082 
1 1781 6362 6411
6174 18742 2232 
1 3030 795 9257
15435 18021 16348 
1 7760 7445 9891
3989 3100 274 
1 4946 2322 8653
10415 18301 9690 
1 554 174 3128
10286 529 1717 
1 2922 7169 8500
5385 3713 3111 
1 674 3626 7965
7099 2091 1173 
1 9317 5693 9848
-4 2969 18273 
1 270 4678 5696
16929 8774 5007 
1 4322 4081 8652
7553 6885 8464 
1 3132 1645 5547
14587 4800 1672 
1 4970 1645 7441
9738 14587 14586 
1 8733 879 9664
7369 10767 16110 
1 1010 4147 9039
9983 1830 17249 
1 5993 5653 9691
300 19011 6327 
1 953 1943 5864
11379 6135 11494 
1 1943 3334 5864
10936 3694 6134 
1 2850 5034 9560
15382 5551 18752 
1 8293 4393 9116
16263 15700 12080 
1 5996 1261 8783
15597 17227 13878 
1 2281 3137 7404
4459 6140 2688 
1 3137 187 7404
14258 14513 6139 
1 6443 3138 6744
8871 5742 8278 
1 793 470 4609
16106 19443 7885 
1 5954 7536 7610
3033 1048 11579 
1 2021 7317 9836
19198 4219 10208 
1 4006 940 4497
13115 8810 5101 
1 2151 4468 4814
5426 8809 6105 
1 6576 6805 8038
1005 3135 11505 
1 4636 3692 5645
11830 9853 4695 
1 1597 3695 5500
16762 7180 3113 
1 3142 71 4477
10780 1008 17763 
1 2240 3708 9151
19403 7739 7262 
1 5358 3197 5457
4265 4377 2201 
1 2207 6992 9062
3687 4312 10546 
1 9062 5382 9640
17774 18912 6266 
1 132 3593 5934
1586 15721 1449 
1 5541 3493 8922
13279 9693 10513 
1 4198 6434 8538
15964 8642 6062 
1 5067 3520 8732
14160 3509 6945 
1 7062 4374 7233
4037 13845 3398 
1 1423 2067 7577
12639 6003 14855 
1 3484 1604 8990
9978 17632 1129 
1 1481 3634 6205
1103 5928 1515 
1 9017 8234 9025
8954 7402 16148 
1 1426 3735 9229
13264 12254 7315 
1 5923 9128 9401
9940 15103 15107 
1 5073 4021 5923
5789 9941 15107 
1 4577 3421 6267
9 10050 15554 
1 2284 3421 9842
6699 4604 2235 
1 2954 6307 7989
6512 1562 15665 
1 4274 3651 8205
10187 4787 8101 
1 4813 3905 7839
9429 3236 7896 
1 6954 3556 8139
19578 15959 10861 
1 5394 4471 9555
10174 10386 8757 
1 6362 1781 7575
6119 2301 10387 
1 5527 5542 6192
6963 7469 10860 
1 7992 2575 8149
15671 3569 5821 
1 4258 3156 6748
17808 1994 19562 
1 2177 954 9976
10772 10949 4999 
1 2470 2812 6247
13646 8550 12241 
1 6833 5697 9590
14664 8549 18813 
1 7465 8697 9932
14633 5998 4842 
1 736 205 9137
6373 17918 17484 
1 4060 5753 7924
3443 11647 9751 
1 6852 4687 9803
7148 9354 4476 
1 4316 901 4416
13469 8257 4490 
1 3379 3191 4983
17534 4493 1745 
1 2537 2546 9655
8485 19483 8484 
1 3162 3262 8779
381 18789 6194 
1 3162 3124 4022
6194 2893 6193 
1 3162 3062 6846
6193 9607 4096 
1 2697 3256 7187
1883 9282 14090 
1 2959 3149 9025
8820 17685 8054 
1 3062 3162 4022
6190 6189 5345 
1 3124 3162 8779
6189 6188 17220 
1 793 6348 8213
12440 12441 16106 
1 2320 1583 6472
4534 16287 12293 
1 1436 6451 8138
2781 6979 3308 
1 5769 453 8227
18681 16133 12952 
1 3512 4279 4999
8379 8378 9793 
1 2488 5045 7243
11865 7455 12418 
1 807 1577 9730
1612 3870 8713 
1 6766 1880 7221
7757 3302 2649 
1 3198 2337 9547
10793 18727 6078 
1 4289 8125 9142
8597 18739 387 
1 7097 4218 9106
10563 1408 17860 
1 4682 4133 7762
4061 6486 7926 
1 2674 8156 9428
15993 10826 8092 
1 6427 4284 9805
13392 5816 10252 
1 1990 2577 3190
8521 3887 19237 
1 2660 716 9571
11730 2995 8607 
1 3921 6624 7449
12982 12516 13049 
1 4365 1782 7089
5098 13898 6475 
1 3112 5889 6961
16626 1343 7041 
1 3399 5203 9370
692 15847 1679 
1 6041 6531 8844
18580 17348 5354 
1 2807 2678 7347
1977 14401 9019 
1 3006 145 4791
10675 3692 6879 
1 8179 1361 9553
16037 10340 2379 
1 2380 3170 3177
14688 4758 18906 
1 5737 6510 9507
14931 14937 10369 
1 4626 6322 6422
12196 14748 12585 
1 97 1705 8071
17957 2153 15826 
1 5258 179 9604
10301 8394 15931 
1 7908 6821 7923
12547 4356 9588 
1 7188 7453 9179
3409 12363 11571 
1 3435 5257 7983
13986 15652 6227 
1 6935 3435 7983
1034 6226 8769 
1 3081 208 4407
10981 3863 8633 
1 2744 1171 7669
6818 11346 5839 
1 125 2323 6395
2953 9233 574 
1 3774 1267 4926
7393 19425 9651 
1 5752 6755 7498
11275 5453 11658 
1 3184 2685 6069
1829 11893 560 
1 5615 1806 6330
6021 11005 3050 
1 2588 5859 5997
2809 5060 11752 
1 6538 2464 8899
17395 12550 7932 
1 4494 544 6538
8804 4477 7932 
1 656 5018 5463
9831 2747 10706 
1 57 2197 7487
544 6645 14676 
1 2911 2082 4499
2470 -4 5694 
1 6228 7052 8819
11817 2900 13825 
1 2604 7047 9584
13815 932 13974 
1 874 3172 3190
6913 6244 1667 
1 3172 650 3190
10746 19238 6243 
1 4438 4217 8536
8455 16742 7202 
1 4422 110 7563
8862 8855 7628 
1 4989 4892 9077
9586 19113 17803 
1 1685 659 8688
16767 3288 6795 
1 4158 7576 8569
3230 8142 13275 
1 1293 3193 6334
13276 16629 5351 
1 79 3194 3367
5657 4385 673 
1 3367 2045 9827
3995 12376 19280 
1 4483 19 7253
10846 4650 7505 
1 3043 6674 6777
7333 17754 13282 
1 3848 284 7974
1056 10785 15636 
1 1341 5251 6590
9312 10288 10064 
1 5452 2580 5880
10684 5617 530 
1 276 5071 5457
10698 2201 10497 
1 3104 1219 9547
2366 -5 18727 
1 3169 6102 8610
-5 11957 16888 
1 1058 2931 8514
16609 3541 6667 
1 8469 2147 8717
14652 5735 15161 
1 3931 5763 7613
5333 12744 13526 
1 9544 2446 9612
18333 16523 3563 
1 9332 3860 9767
5070 3664 16971 
1 3342 9062 9640
10546 6154 17089 
1 6288 4821 8395
9445 9444 16463 
1 8142 8080 8245
7135 8415 12830 
1 986 2309 4706
3674 4515 6296 
1 8478 5792 8831
19071 4095 10701 
1 9678 1121 9872
18987 11876 16669 
1 6733 4274 6783
9613 8101 12295 
1 1711 690 7220
6367 3320 3133 
1 7866 533 8938
-6 10111 9590 
1 7279 2412 9207
5304 5461 14077 
1 6979 206 7787
1456 13681 13678 
1 8455 6524 8456
8534 16584 9317 
1 1853 8155 9023
15991 2267 17698 
1 2341 3208 3662
14739 4576 7171 
1 7518 1046 8184
14738 1350 14486 
1 3209 834 4786
5639 16303 1220 
1 735 734 3209
1424 5639 17574 
1 1304 6525 6542
12628 7536 12821 
1 2182 6340 7956
17266 12425 15602 
1 3211 1800 9588
18282 9212 11250 
1 3237 4280 7799
9538 5415 6337 
1 4388 1501 5357
14968 9371 8595 
1 3020 220 7782
3337 2580 15258 
1 6608 3444 7783
424 2937 12950 
1 1456 4329 5634
1098 9185 6743 
1 8737 6167 9773
17136 2916 12085 
1 1405 2317 3214
16150 2745 233 
1 6051 5848 8281
4256 16239 16240 
1 3091 4421 9365
1230 6484 16566 
1 2414 217 4942
15903 9682 4718 
1 3203 986 4706
8012 6269 1912 
1 4402 8674 9677
1299 5785 10926 
1 7731 1737 9575
15156 1298 1499 
1 5561 5688 5689
2154 13836 11151 
1 5781 6187 6458
2386 12123 5851 
1 2449 4553 8392
484 -3 16457 
1 5593 3219 8392
4785 16457 8829 
1 3220 1461 5274
14781 861 3925 
1 3434 449 7539
7094 8682 7290 
1 3601 1097 9733
11846 7054 1032 
1 3222 243 3605
19080 6472 15050 
1 8058 7054 9726
15049 18732 19081 
1 4471 5192 8780
10174 8753 8758 
1 6569 1848 8124
8589 11164 10879 
1 3602 3810 6045
-6 1620 7461 
1 3224 3301 3425
2126 6465 1920 
1 3637 2422 4741
964 5091 4128 
1 5921 3637 7931
11602 4128 211 
1 8443 8389 8626
13889 10608 15820 
1 363 5039 8264
19494 2254 3555 
1 3998 7832 9629
15995 13283 7316 
1 1610 3249 7840
760 15373 13267 
1 9737 4401 9982
1358 1602 6909 
1 3228 3592 5619
527 301 7035 
1 6474 2826 7922
11249 5484 15129 
1 5157 7718 7722
18650 5527 15138 
1 1322 707 3230
9157 2568 6323 
1 1507 1322 3230
5288 6322 2108 
1 5010 5400 9975
17540 4262 2054 
1 1625 3260 8532
5008 12111 6445 
1 370 3076 6619
11082 4008 10937 
1 952 5993 9691
11744 6133 11378 
1 8275 2275 9987
621 6329 19582 
1 2275 9659 9987
18948 17170 6328 
1 4879 5475 8270
6553 6004 13728 
1 9484 8037 9765
11127 10916 2964 
1 4869 48 9316
9539 7488 6333 
1 4390 4869 9316
8599 6332 8088 
1 7219 3480 8154
19423 14153 7607 
1 1751 6978 7408
2141 18445 12461 
1 5740 3828 6616
18958 17055 4784 
1 7596 3237 7799
10770 6286 14892 
1 5630 5661 6257
7769 1158 13400 
1 5074 589 6558
19160 12851 1497 
1 1396 4136 6191
5713 7309 2447 
1 5970 6263 8465
11698 281 14038 
1 4836 6156 6285
10318 6343 2491 
1 6285 6156 7752
6342 4903 14491 
1 1044 4279 6208
8378 7303 12165 
1 4804 1063 8171
9411 4132 5158 
1 3467 4790 7088
8994 13897 9385 
1 3023 8820 9320
9174 15825 10242 
1 2710 2054 8799
5572 5102 10217 
1 3243 2609 3267
10020 3489 10604 
1 5067 1139 8423
9929 16517 14160 
1 1448 46 6225
13640 4941 12199 
1 3245 3050 3501
4438 14721 5842 
1 6409 7428 9909
7831 18852 13482 
1 3246 5523 6098
10823 11951 11187 
1 2581 3365 8688
3104 6795 17041 
1 3247 9198 9816
18039 872 5922 
1 1864 559 4177
7918 3529 13954 
1 3436 8454 9389
2417 6728 18414 
1 235 5628 9389
5777 18415 6729 
1 6025 4353 8137
8526 1746 15955 
1 6046 8351 8992
11848 635 2106 
1 4543 5024 5299
12267 17256 5053 
1 6461 2584 8797
2655 3883 1340 
1 2701 3251 7003
6074 6804 10141 
1 2353 1330 3251
7758 4562 6074 
1 2028 690 3975
15090 6367 13506 
1 690 1711 3975
6273 18498 6366 
1 1336 4149 4285
14335 6369 3395 
1 4149 3253 4285
3396 6763 6368 
1 5720 5198 9851
10186 7149 14339 
1 3454 1783 7315
16981 7154 6762 
1 4302 5328 9263
2307 3095 927 
1 205 736 3255
6182 926 14477 
1 8726 2294 8826
19166 3550 17116 
1 1425 7296 7510
2324 14303 14723 
1 1430 2451 7096
2019 4432 13912 
1 1934 184 5776
337 3339 11322 
1 1203 5951 8416
11660 10866 10058 
1 1203 6464 9728
10058 7478 11976 
1 5384 4170 8626
15433 15820 8165 
1 8066 1648 8167
1054 15819 7789 
1 2570 1719 9754
19132 19137 5024 
1 3411 3260 9754
18515 5008 19334 
1 600 3300 4748
12073 8056 9303 
1 3772 5362 6064
7750 11884 2825 
1 2992 3363 9578
9732 18788 14489 
1 3562 2369 7545
4812 6975 228 
1 1120 765 7216
5131 14146 2485 
1 967 1473 3263
3167 841 8435 
1 6805 5945 8805
91 11253 11259 
1 376 456 8393
18289 4040 11317 
1 2344 4594 7384
1452 14474 676 
1 3265 4141 6703
3131 167 8107 
1 5862 5480 8468
4108 2730 10153 
1 7511 3131 9602
11271 18836 4431 
1 3011 3000 5110
1432 9569 3584 
1 1690 5412 8972
10605 3299 10406 
1 1330 3962 5079
7758 13805 9953 
1 1164 5079 7636
9953 1673 14970 
1 7666 1842 8823
15561 17305 11268 
1 4501 2411 6068
16740 16874 8044 
1 2202 2645 6369
5172 1234 5006 
1 2202 3270 4322
5006 8465 7990 
1 7004 6664 9235
4783 8540 13062 
1 6058 2926 8164
11871 639 4761 
1 5905 4031 9718
7892 14627 19065 
1 4527 1768 6390
11021 8869 15007 
1 934 2616 9510
15682 16304 16994 
1 8609 3273 9510
199 18656 5507 
1 5827 2017 9718
3310 7891 11573 
1 8118 9718 9817
7667 14627 15525 
1 6772 667 6856
13272 10662 18382 
1 8304 6561 9843
12288 13074 8229 
1 5230 6005 6196
5819 9544 941 
1 6305 6304 6509
5818 554 12354 
1 8036 4184 8104
4776 2229 14284 
1 2209 4134 8022
17696 15729 775 
1 2738 6996 9570
5166 17874 6606 
1 6873 5348 9894
1520 8490 15738 
1 3105 4862 9968
3221 19545 14497 
1 5806 6828 9361
14277 18360 13705 
1 7193 6661 7247
3453 804 7624 
1 371 4391 5641
14209 5864 11058 
1 4193 3281 5088
6425 607 17951 
1 3281 4193 9019
6424 4631 8210 
1 3114 5621 8208
16988 1013 1192 
1 6214 6215 6705
5026 2370 13142 
1 569 7735 7736
15163 5654 5779 
1 2136 4475 7732
8030 14764 15158 
1 1167 385 9159
14254 12774 9698 
1 1699 404 3284
18160 4525 7332 
1 6712 6914 8649
17244 9154 16964 
1 8649 3285 9283
5037 16899 5259 
1 507 3473 5489
2381 6799 5855 
1 2577 5966 6023
11689 8520 928 
1 6358 5345 8656
2388 18431 10123 
1 1392 4227 5269
16978 18316 4043 
1 4851 6134 9996
8670 9504 3961 
1 3748 647 4162
14216 852 8150 
1 924 5814 8198
17748 3695 7825 
1 2572 1183 3289
5697 2297 9457 
1 992 6346 9473
3376 13755 350 
1 4937 6185 8950
12121 7217 12120 
1 2507 698 7426
17761 13965 4900 
1 2570 1625 8532
5024 6325 2853 
1 960 9143 9511
4286 1915 1914 
1 3292 1250 5809
5665 2907 8828 
1 1876 5640 7487
14905 10414 6576 
1 5463 57 9500
544 9017 5140 
1 7382 1368 9226
12746 14470 5028 
1 2108 5663 7382
7080 7681 2891 
1 5869 8905 9377
4531 7721 4343 
1 3353 4168 8116
9974 6565 16324 
1 3727 4030 9714
2178 16989 2716 
1 3296 6508 9714
12753 2179 16989 
1 1789 3564 8106
5999 5856 6911 
1 2242 4196 8106
7383 6911 6912 
1 5044 464 7670
7816 9904 6899 
1 6641 1912 6839
5956 13017 6644 
1 2854 7200 9181
9286 1627 431 
1 330 1005 3299
9480 4230 18005 
1 6063 3261 7646
5384 9496 11881 
1 2899 4414 6161
193 11882 12070 
1 3224 990 6141
7298 -6 2126 
1 3425 3301 8288
6311 13807 16254 
1 7502 2885 8642
4724 3725 13925 
1 2417 3302 8337
2197 16349 4990 
1 5088 1734 9016
607 9971 3516 
1 5224 1700 8516
11707 12666 7533 
1 2829 135 6772
12469 13271 6476 
1 7254 167 7573
14223 1375 4225 
1 243 1643 3605
18733 9719 6306 
1 926 3243 8388
10021 11946 16450 
1 5488 2943 5955
5344 5611 16198 
1 5327 4365 7089
8388 6212 5296 
1 5441 2829 6772
4934 6470 18381 
1 1019 266 9288
2309 18216 1885 
1 2268 1066 3792
2694 11140 2921 
1 5149 586 5440
17796 189 10091 
1 3399 4238 6760
1679 4632 13249 
1 471 2835 3901
8785 14776 2508 
1 3979 3310 5288
9996 17293 3818 
1 617 1954 5288
14774 10358 3954 
1 4421 2628 9365
8660 5728 6294 
1 234 2927 3311
705 5138 12200 
1 7762 4133 9715
6206 14941 15992 
1 3540 6010 7670
6931 9882 9904 
1 6987 1032 8821
5350 11795 6887 
1 3803 3313 6208
9476 8051 7303 
1 121 5511 8086
2890 7610 219 
1 3832 7602 9947
11997 4406 19511 
1 3381 17 5642
11834 2194 7692 
1 3844 263 5078
18354 9145 9951 
1 7409 1930 7571
10311 14523 10209 
1 3897 8865 9723
12271 9999 7143 
1 6024 2646 9066
17970 1691 12316 
1 7330 3318 9415
9512 4620 18466 
1 6218 5899 7330
14987 9512 912 
1 6094 7972 8107
48 4146 18349 
1 1420 3319 6299
5607 10460 12345 
1 5816 7539 8097
7290 7288 15590 
1 2223 3764 9527
4360 85 4440 
1 3040 758 9897
5952 14577 7646 
1 3153 7627 7839
10858 7896 15372 
1 1833 339 8573
12256 9421 16814 
1 6255 2198 6801
12257 3622 3219 
1 5870 281 7525
12039 4543 9415 
1 1303 7077 7699
2583 194 15093 
1 9145 2680 9974
11554 11751 7571 
1 255 3324 5997
1493 19558 7005 
1 5639 2946 7592
2791 4988 9191 
1 2954 3325 6307
16313 1223 6169 
1 1946 7767 8128
2710 5246 15937 
1 51 5424 8617
8342 5661 13359 
1 5461 1922 6810
6905 10702 5857 
1 3612 217 8831
9682 15903 5207 
1 5088 1243 9153
3516 18076 17951 
1 1524 1514 8873
10211 17404 10938 
1 6397 1464 6869
16879 6520 2048 
1 1464 6155 6869
9631 11215 6519 
1 2844 6376 8740
16480 7352 16847 
1 4147 131 8838
9982 2329 8249 
1 1513 2430 3332
12448 6524 5452 
1 2430 20 3332
16973 2948 6523 
1 301 6775 9279
292 8925 18199 
1 75 7615 9858
-3 3661 287 
1 3135 3134 5864
5738 11493 490 
1 3433 5580 6894
12973 900 12158 
1 7194 6077 7326
11167 3043 13711 
1 899 3335 7091
14104 812 13902 
1 1527 3336 6952
12369 11234 3774 
1 1527 3836 7104
10895 2975 12369 
1 918 3287 4663
13991 8276 2707 
1 828 2528 7642
5687 7032 893 
1 2444 3739 5335
17304 6736 10453 
1 4139 4939 6941
7709 12588 5313 
1 5961 7980 8714
2208 2644 5741 
1 3439 3339 7942
6735 14043 7321 
1 863 8568 8624
16803 3669 14522 
1 4340 4297 5332
15844 5566 8218 
1 3480 7019 7109
13565 3334 14153 
1 8462 6736 9277
16595 157 15988 
1 4174 1570 5747
8173 5588 2405 
1 1132 17 8713
12458 11998 593 
1 6022 3889 9303
11801 899 18247 
1 3343 4341 9564
7201 8301 1269 
1 3344 6248 7844
5575 9959 5739 
1 8723 1926 8955
16507 17565 8064 
1 8039 782 8923
19351 17501 6820 
1 7805 4412 8643
8178 9216 6061 
1 5437 3694 6082
10263 11919 7234 
1 7583 3900 9524
2094 18683 8444 
1 5475 4879 8693
6330 5117 6005 
1 719 319 6283
16757 12312 11709 
1 4456 7483 9434
14669 10277 12274 
1 6934 3348 8401
2594 12760 16475 
1 886 2459 7796
3675 42 11638 
1 2728 3349 4464
738 1329 3272 
1 8394 8045 8494
452 16460 3340 
1 1200 7794 7893
13393 12637 6080 
1 1179 505 7351
334 17818 14409 
1 6396 7650 8570
13653 1864 11911 
1 1600 5820 6728
8294 10098 13188 
1 6728 8679 9844
10098 6681 10214 
1 4168 3056 8116
12828 18621 6453 
1 6360 1755 9204
16000 8329 18050 
1 3626 1079 4976
993 -5 7100 
1 7898 9904 9905
9748 -4 7045 
1 4423 5566 7945
16315 1404 15581 
1 1832 5444 7926
10669 10965 1549 
1 3026 6902 7037
13529 5522 260 
1 532 1389 6995
9178 10530 13713 
1 9090 607 9218
552 18077 14073 
1 2325 4843 6075
5155 1621 9487 
1 1876 5316 6955
6576 9878 6901 
1 5316 1876 7487
6575 6448 6645 
1 7117 3578 9731
9626 19091 17538 
1 8261 5244 9884
7439 6853 8302 
1 1183 3360 6598
5243 213 11591 
1 1074 869 5787
3201 9456 1684 
1 500 5736 8224
11243 16128 9779 
1 924 3289 9048
316 9471 17748 
1 51 3362 7175
6874 11398 10628 
1 3511 4125 9556
-6 18744 10229 
1 4967 5769 6451
5752 12952 2781 
1 1436 2663 8779
3308 17219 5995 
1 4595 3341 7019
13165 2996 7587 
1 8218 4036 8978
1030 12788 10721 
1 8206 160 8688
1272 17040 12625 
1 1685 3365 9589
6795 5363 13474 
1 6586 823 6587
16056 1552 12521 
1 691 3015 3366
13384 3526 18473 
1 3194 2244 8296
5656 3994 3142 
1 4437 2043 8813
3990 8692 18073 
1 3368 4286 4502
986 18841 8395 
1 4085 4086 5531
8819 7999 3748 
1 2762 3369 7825
3946 15343 9011 
1 2781 6438 8535
19222 1019 4711 
1 729 638 9952
12953 8058 19517 
1 1695 1237 7851
18178 1840 6010 
1 3372 3373 6023
3721 6602 5817 
1 3373 1270 6023
18442 11803 6601 
1 3450 4120 7841
13485 3977 10757 
1 2258 3370 5966
15395 974 11690 
1 3746 391 9403
7337 6025 7650 
1 3531 2738 9570
9268 6418 6609 
1 1880 3633 6567
13460 976 8194 
1 6866 6370 9233
7980 18107 13260 
1 9113 3531 9570
3067 6606 343 
1 3375 391 5783
6025 11335 6611 
1 3376 3375 5783
17527 6610 10478 
1 5783 1574 6873
11336 745 10478 
1 6573 721 9657
10783 18335 13772 
1 7298 7025 9349
8514 14306 18336 
1 6943 6097 7007
5603 2283 15428 
1 495 685 3378
7539 4270 402 
1 4520 4420 4983
14827 9762 14826 
1 4220 2297 4320
8951 5744 664 
1 287 5681 9467
5362 16435 8322 
1 4452 3380 9902
4075 17394 16100 
1 5741 2259 6740
13867 5468 16458 
1 3315 5540 6997
10857 1839 7691 
1 3039 3834 9021
7507 2848 9361 
1 4977 1454 8182
4437 9750 2832 
1 3383 4096 6823
8019 13374 9301 
1 3553 1100 7521
2131 5234 4678 
1 4180 1774 9512
9010 18659 12906 
1 4392 1334 5665
8603 8408 8893 
1 220 2168 3385
17720 6630 2580 
1 2168 248 3385
450 3185 6629 
1 3748 4828 8196
12636 2744 14216 
1 5519 8829 9427
12332 15774 7778 
1 948 7802 9249
15297 8096 11901 
1 3236 3021 7219
14544 13937 7607 
1 5662 7284 7294
16616 18542 2128 
1 6478 4508 9330
1063 8831 18298 
1 108 4496 7899
17431 7567 8545 
1 4218 1938 7211
10563 33 15287 
1 2071 3390 3798
2375 4921 13545 
1 7612 7120 9598
5814 2460 18829 
1 3554 5414 8368
16452 10544 10609 
1 5522 5367 8884
9641 16692 17426 
1 4157 3744 5632
15313 11040 12818 
1 6641 6839 7383
6459 7568 14472 
1 2197 5316 7487
9878 6576 6239 
1 3823 5042 6955
9684 4293 13635 
1 2210 3394 8790
3833 3628 17242 
1 7039 2210 8591
3833 10815 12333 
1 7861 6753 8747
3643 15415 3354 
1 5790 3960 6296
13921 3642 15681 
1 8073 438 8173
15232 2263 7797 
1 6347 711 8247
8805 14580 12092 
1 2716 347 7882
15890 15457 5312 
1 4339 1109 7882
8499 5312 7029 
1 537 3726 6045
3703 11847 7053 
1 2674 4111 8510
8092 16690 3804 
1 8082 5855 9271
8477 15481 15202 
1 9271 4238 9370
15481 1679 18378 
1 868 7994 9166
11085 12577 17977 
1 2287 3669 9336
138 395 18310 
1 3401 3949 7662
-5 9702 2794 
1 5602 3402 7764
5793 15035 1581 
1 3402 5186 7302
12478 3068 14315 
1 2719 7793 9213
15279 4653 12653 
1 101 201 3403
4523 5996 78 
1 6511 1670 7734
7970 1209 16161 
1 4252 1058 8514
14927 6261 8327 
1 511 3405 7340
1903 7181 7259 
1 2535 3321 6432
19418 983 12605 
1 3406 6990 7482
13703 18447 6671 
1 4582 3406 7482
3532 6670 14667 
1 3944 3522 8898
7898 16841 13252 
1 6634 847 8486
16250 16447 2697 
1 1409 2295 9702
4487 13345 19033 
1 5370 2404 8323
445 2579 6039 
1 203 3409 8221
-5 2257 5861 
1 5130 401 9540
12105 8128 10055 
1 5960 1105 8015
4027 15715 13679 
1 7385 7121 9050
13627 9518 18751 
1 9856 9855 9955
8722 19338 715 
1 8679 3352 9844
17023 10667 6564 
1 4236 413 7319
275 11407 14347 
1 2648 7855 8379
1653 14647 16431 
1 3413 7854 7953
15402 12543 15397 
1 2735 2223 9930
5349 5505 19478 
1 3729 680 3803
896 108 7304 
1 8701 1867 9176
9986 14762 3937 
1 3415 109 4585
5545 11020 2501 
1 4119 4998 9560
1222 52 12612 
1 7792 5034 8835
5551 4889 4888 
1 7700 6761 9815
7684 -4 5702 
1 3175 5940 9569
15482 17213 419 
1 273 3898 8481
18954 1317 4300 
1 8382 4009 9197
8678 16937 687 
1 6169 6227 8486
4394 1368 8827 
1 8286 6634 8387
16250 2697 5289 
1 5497 1762 8196
10774 16071 2744 
1 4426 2986 9660
13514 5845 4744 
1 2284 2808 3421
4465 6700 6168 
1 2808 3151 3421
8356 10050 6699 
1 9270 3422 9523
17904 17853 11307 
1 4196 669 9523
17905 11307 9414 
1 259 2187 9635
3975 18902 11741 
1 4398 696 7528
14678 14758 13483 
1 3255 483 5328
926 10439 7931 
1 6288 753 6353
16463 1458 8425 
1 2012 2760 3425
3930 6708 16254 
1 2760 537 3425
3703 1920 6707 
1 5773 1866 9860
7364 7956 7365 
1 1866 232 3426
7364 2701 9179 
1 8479 3427 8577
12164 7447 12412 
1 3193 3012 8577
14571 4232 16629 
1 288 1536 5361
9557 7306 10504 
1 305 2696 9786
2605 19199 6925 
1 1975 2034 5387
15530 3859 3972 
1 6393 896 9908
10261 482 19437 
1 4731 6407 6996
18520 470 5166 
1 8518 6282 8644
15556 16954 5211 
1 1875 7822 9823
15337 1255 984 
1 6419 3432 7910
5366 4667 15512 
1 5901 6170 7824
16665 7785 11565 
1 6205 60 6894
12159 13512 1515 
1 5805 5653 6619
19011 10937 1844 
1 6640 1155 9032
18337 2346 7397 
1 590 7784 7950
15261 12342 15591 
1 6485 5396 7031
12708 11562 13784 
1 3566 6831 8466
9511 10573 13786 
1 8454 8798 9389
16580 3718 6358 
1 7417 235 9389
14539 6359 11032 
1 3437 1360 3941
15574 252 3353 
1 7163 5335 7492
4886 6736 3915 
1 6973 8380 8788
13670 5379 17838 
1 1037 8533 8991
16735 2432 12397 
1 4340 5962 8080
2989 8415 15844 
1 3339 3439 3440
6538 7324 2575 
1 5335 3739 7492
6535 72 6731 
1 5147 5263 7265
16915 11434 8513 
1 1479 574 8405
12687 3851 1106 
1 3258 8420 9863
15230 255 8843 
1 921 6887 8721
13499 12100 17064 
1 1521 2617 7350
1351 2562 7314 
1 3443 4094 5904
-5 1165 3228 
1 1456 5634 7585
6290 14871 2503 
1 1088 3213 9755
11447 15455 2107 
1 5825 3445 6530
14609 12796 11417 
1 4362 8791 9537
13553 12567 7169 
1 3544 3644 8555
11682 6940 16779 
1 3745 1797 9035
7537 12690 6946 
1 2159 545 5675
15668 11125 435 
1 5209 6932 8187
13589 13588 8976 
1 4515 1639 8537
8844 16743 15385 
1 6700 737 6908
10880 1427 3198 
1 1648 8165 8412
1054 9694 3216 
1 5538 2125 7604
7790 6959 4452 
1 4116 2036 4120
9359 1166 13484 
1 5489 1227 7841
6799 15375 2466 
1 4017 5343 6959
19354 13642 1229 
1 3020 4823 9034
467 3519 3337 
1 5517 678 7773
10810 2670 7490 
1 527 964 3453
14973 6761 10133 
1 964 2313 3453
9914 13737 6760 
1 68 3454 7315
15458 6371 12294 
1 3253 2011 4285
4511 19368 6369 
1 1319 3455 7683
11193 8244 11194 
1 2057 3455 8951
4420 11193 18115 
1 3584 1909 3920
5776 7019 3070 
1 2952 1138 7417
9810 14538 1813 
1 9882 1387 9999
19388 16241 6834 
1 3457 6026 8581
4739 4277 16830 
1 4660 355 5473
12318 6063 14595 
1 256 4660 8005
12319 761 9128 
1 1892 978 3506
11397 5471 18025 
1 1193 5922 8999
9224 2317 11221 
1 2721 3460 9080
10749 14835 7278 
1 6416 4531 9172
15179 7596 8876 
1 2476 3942 4905
8723 496 9605 
1 5308 480 7503
10399 5873 10201 
1 3568 246 5743
9995 3510 6987 
1 1332 1970 3462
14120 1113 2588 
1 4929 8142 9940
3916 3209 19497 
1 4705 2942 5546
5756 3508 8219 
1 4863 6 4908
17022 902 17419 
1 4908 1030 5096
902 1640 10599 
1 5569 4544 8287
10915 14593 16252 
1 2455 5318 7236
8902 10418 14187 
1 4757 1356 9759
2636 263 19147 
1 80 5059 8504
9913 10427 16678 
1 3467 6675 9908
13083 12529 8994 
1 6412 8092 9549
3708 5124 12566 
1 3468 2562 7886
6042 8017 -4 
1 1757 8371 8603
568 16328 15560 
1 1842 7935 8367
15561 5847 16409 
1 836 6223 9957
1459 19527 1089 
1 3966 4266 6832
2192 3481 13390 
1 3365 1685 8688
6590 6248 6355 
1 1596 6437 8600
12615 2102 14054 
1 3472 7730 8859
15153 17377 14369 
1 971 4616 9583
15741 16334 13018 
1 3473 1227 5489
3886 6756 6434 
1 507 2460 3746
1257 7338 2381 
1 1809 1655 8904
3874 17464 8975 
1 3474 3752 4582
64 3261 8935 
1 8373 5775 9542
11124 11511 16356 
1 3251 3102 7003
12309 13729 6364 
1 1022 167 4203
1375 14223 4390 
1 2521 5174 6877
10631 2070 13479 
1 667 3304 3477
1738 6808 10662 
1 3304 1022 3477
13318 4390 6807 
1 4605 3387 7416
12408 9022 16559 
1 3565 6660 7214
13612 14536 10873 
1 3697 4711 6926
5033 4303 13576 
1 27 6738 7669
14314 5839 15221 
1 2806 1733 9412
5488 7849 4156 
1 9012 4595 9625
9722 17676 17782 
1 2591 3679 6827
7205 2122 5067 
1 3479 1095 6738
7204 13207 5829 
1 5788 6678 9488
13088 11980 11979 
1 1171 2744 3482
6229 3707 6036 
1 8418 2945 9704
2819 19036 3762 
1 3483 8039 8923
15763 6549 1523 
1 8690 1540 9717
1815 19062 13876 
1 3148 1834 8990
7114 3000 225 
1 1313 2335 4025
9947 15609 291 
1 3225 3486 7128
4822 10888 8448 
1 1635 1301 3486
11515 1748 9289 
1 1778 639 9481
7696 2468 4045 
1 3389 4363 7899
13404 15490 7567 
1 2743 581 9836
11566 10208 19299 
1 8187 3447 9405
13588 5508 13704 
1 7433 3765 9478
14853 18592 8050 
1 7433 1293 8569
13276 13275 14853 
1 7050 7005 9515
698 13537 10001 
1 3079 658 7103
14887 -5 629 
1 8284 9882 9999
16246 6768 15666 
1 1786 599 3491
10159 642 12491 
1 4318 1582 9850
4073 832 1591 
1 2707 5300 8328
8748 5295 17652 
1 9620 8042 9985
16192 7119 814 
1 7627 3145 9708
14952 15576 19045 
1 7926 7927 8414
15737 1513 3576 
1 7927 725 8855
15736 9042 1513 
1 2609 620 4884
1793 9423 9570 
1 8034 8738 9311
15752 8239 15462 
1 3904 1003 8079
10256 7454 15842 
1 397 4106 4206
19457 7254 4337 
1 3845 1791 4462
17978 1341 15160 
1 87 8050 8150
15785 13140 4994 
1 7824 3498 7910
12091 16936 4667 
1 1120 3263 3976
2486 2941 7786 
1 4155 1981 4682
2064 2440 7926 
1 4682 3800 4726
2440 9173 4061 
1 6290 4056 8998
12327 3084 10737 
1 5244 1478 9884
14691 19391 6578 
1 1631 1731 3501
16440 6855 4179 
1 1731 2271 3501
10495 5842 6854 
1 2969 3174 3502
5811 6857 13899 
1 3174 2491 3502
17162 2467 6856 
1 1286 2836 3503
15236 6859 18756 
1 2836 1354 3503
4454 5547 6858 
1 5259 2573 7149
4873 5480 10304 
1 5474 5833 8067
4299 2617 5162 
1 3705 1278 7271
7863 3499 757 
1 3806 61 3807
2990 6112 7067 
1 2108 7708 8781
7826 15110 7080 
1 2108 9191 9661
18026 5632 7826 
1 2632 546 3702
7249 7250 11782 
1 9174 717 9741
13379 13076 13777 
1 6843 4559 7124
13412 13966 13411 
1 7124 4661 9337
2778 3404 8931 
1 1064 42 9835
5358 13448 8216 
1 5111 1936 7127
3188 12702 13973 
1 7903 4691 9329
3141 4731 6873 
1 3036 7903 9329
9190 6872 18296 
1 3362 51 6294
6583 5660 421 
1 3773 3729 6055
896 7390 2666 
1 3167 1371 4999
12933 7187 2932 
1 5254 704 8216
9059 8467 16112 
1 1775 5550 6488
1197 9770 8854 
1 3176 3006 4791
9020 6217 15309 
1 5507 3198 9582
10674 2807 2573 
1 2518 1823 5830
13259 355 7782 
1 2383 2518 3974
4923 7782 7584 
1 2757 687 6108
9823 4184 5392 
1 492 2400 3516
5393 4690 4572 
1 4081 4797 8652
2006 4430 6128 
1 5616 3918 6716
1550 10790 11007 
1 5969 6987 8821
19479 6488 7372 
1 2821 5684 5724
7473 8080 7088 
1 7481 7544 7933
6890 4247 18830 
1 7481 606 7544
1757 11814 6889 
1 7223 3520 8423
10463 14160 2820 
1 6924 2527 8423
19551 2820 9928 
1 5028 1268 8202
9851 16084 8265 
1 4627 2163 7785
9960 4226 9256 
1 6326 884 8790
17634 6896 2625 
1 884 2006 8790
2007 17241 6895 
1 1339 2586 5063
5100 8697 3335 
1 520 2950 9297
5772 1148 1901 
1 3524 5044 7670
4898 6458 15038 
1 714 464 7813
4544 7816 15320 
1 3525 1876 6955
4292 6575 4293 
1 3315 796 6357
13211 12457 9685 
1 6471 7178 7256
8334 4455 14226 
1 5978 237 9127
11545 16706 371 
1 1922 5461 9721
6515 19070 16627 
1 986 1998 3527
9508 14065 3674 
1 624 7352 7847
14411 1545 14410 
1 625 2126 7352
9654 3842 14411 
1 827 9737 9982
19102 6318 10529 
1 370 5653 9779
10937 300 11082 
1 4196 1789 8106
9414 6456 6457 
1 1429 2242 8106
7209 6457 15894 
1 3172 874 6996
6243 13715 470 
1 5186 2978 6794
12477 19592 10162 
1 572 4522 8492
8859 3693 16655 
1 585 3634 5580
18369 1103 12034 
1 5779 2755 8212
16620 4162 5390 
1 3583 3591 8639
279 8281 10740 
1 4591 6393 7343
1659 19437 9193 
1 4392 2514 5238
129 10262 8603 
1 1310 2366 3535
1770 6922 4272 
1 2366 1285 3535
10325 12533 6921 
1 5002 2446 9606
7697 18333 18845 
1 2631 6901 8743
4399 3250 4398 
1 1242 305 9786
2604 6714 442 
1 5008 3537 9786
147 442 5272 
1 7755 8222 8769
7085 3277 5203 
1 865 216 8933
19050 17521 16641 
1 2796 3539 7803
3281 15227 5470 
1 4756 8781 8853
14469 15110 17364 
1 3540 563 6010
16178 670 6487 
1 3540 464 3894
9904 4544 16179 
1 1005 6989 7114
3285 215 13701 
1 4224 4928 8344
3832 8270 16362 
1 7856 1444 9647
9492 8837 1516 
1 849 806 3542
12291 4644 5579 
1 2406 6139 8896
1677 4702 13215 
1 6742 4171 8331
3156 2582 739 
1 263 3745 6476
18353 6946 12691 
1 3644 6476 8555
12691 17722 6747 
1 2177 337 5496
17216 839 10772 
1 5971 3545 8575
14124 8041 14961 
1 9577 4382 9738
16969 372 15881 
1 4283 6539 9837
12815 8584 8581 
1 6223 5067 8732
9929 6158 633 
1 6476 3745 9035
6939 6748 17722 
1 4327 1496 9727
8881 8474 8475 
1 1676 7017 9473
13756 1870 18582 
1 1269 1632 7295
9326 987 14498 
1 6863 3105 8889
3184 14497 15722 
1 2627 6318 8238
-6 2517 8645 
1 1373 443 3550
8135 3009 9340 
1 5427 905 6088
18964 10634 10597 
1 710 5868 8776
11501 11639 13327 
1 6580 2384 6781
4659 13289 12899 
1 2250 6781 7403
1785 481 11924 
1 4798 1255 5938
13508 12433 11636 
1 2789 2394 5860
1895 4310 11486 
1 2125 4351 7604
16496 447 6754 
1 1220 6596 9040
12927 17732 10543 
1 8177 6404 8612
12812 2162 4304 
1 5720 3950 9374
3770 18386 10186 
1 5542 5527 6954
6175 7118 10861 
1 6237 4082 8541
15928 6968 3332 
1 7110 7010 9227
14933 13226 991 
1 3008 519 8375
13355 847 16424 
1 3558 5482 9206
770 16561 2955 
1 4082 3660 8541
5563 126 6964 
1 2375 8941 9631
17537 15810 3333 
1 5094 1010 8941
9983 15810 5035 
1 5596 2275 9088
17295 621 7051 
1 5871 7217 9064
12328 9006 17778 
1 5877 7167 7649
2840 3315 1544 
1 1698 3886 5877
3650 404 1544 
1 2369 2478 7545
2457 17655 6387 
1 5944 3861 9001
106 931 17654 
1 6291 2495 7217
7634 11508 12328 
1 340 3563 6758
7916 17824 13246 
1 8138 6451 8227
6197 12952 9413 
1 3530 3564 4967
5856 5752 2456 
1 6736 5237 8378
16595 10260 13747 
1 4264 1469 6490
5940 2359 12719 
1 6536 8176 9418
12809 18471 223 
1 2065 4923 6033
14591 1097 11823 
1 4476 5694 5703
8767 4948 1935 
1 5490 6428 9962
1734 10362 16519 
1 1232 3568 5743
2790 6778 7676 
1 3462 1433 4878
1113 4439 4106 
1 7161 5221 7853
14263 15399 15400 
1 2690 1351 6186
2244 2626 4710 
1 5578 6151 8912
3137 12052 2815 
1 6003 1960 9100
19143 17847 17582 
1 4658 1410 7893
15275 10930 15477 
1 3350 1901 5497
16663 10774 14341 
1 3572 33 5860
10385 11304 4310 
1 6147 557 7046
1073 1161 9250 
1 2084 699 6179
2908 12108 10753 
1 5487 3573 6841
7578 13407 4071 
1 2419 3139 3574
9389 7000 16054 
1 3139 617 3574
14775 4727 6999 
1 2182 6909 8802
12431 2855 17266 
1 5774 5321 5837
7868 4263 13809 
1 5988 9175 9923
17994 11733 5199 
1 5886 6676 6966
13085 13084 8733 
1 5439 255 5997
3378 6510 1212 
1 692 1704 6100
1997 13334 3327 
1 2245 6126 9731
17959 4130 12004 
1 3359 7117 8438
446 17538 16548 
1 9287 9239 9841
9757 12088 15272 
1 8480 250 8580
16632 4891 8360 
1 6430 595 8871
12600 17400 13774 
1 1008 2806 3580
3384 1001 3789 
1 5239 5155 5369
1543 9869 10073 
1 1978 7995 8745
15677 9483 14453 
1 4169 5898 9778
11560 14445 10607 
1 2977 1334 3582
8408 1382 19183 
1 5177 4012 6310
6107 1392 11530 
1 2056 294 5862
5278 4108 11489 
1 1909 1035 3920
3730 7675 6766 
1 3920 5100 5466
464 9994 1119 
1 9148 8631 9602
8036 9165 14724 
1 5175 3102 8347
13729 253 16369 
1 3684 3586 7190
4321 4757 14096 
1 7257 3930 9190
388 13105 18024 
1 2551 7914 8665
15520 523 1564 
1 3587 1910 4123
14129 934 3837 
1 352 2405 3588
13914 8808 7028 
1 2435 352 3588
17755 7027 14095 
1 3397 4339 7882
8503 6654 17804 
1 6486 4534 8676
4918 17017 12511 
1 3590 5364 7642
5451 893 10510 
1 2528 3337 7642
1393 5686 6534 
1 3591 4012 8670
1392 6107 11337 
1 5584 3938 8670
10239 11337 10145 
1 1825 3228 5619
13795 6319 11014 
1 4161 4039 7037
8841 13796 5522 
1 132 2953 4361
15368 15755 1586 
1 5020 6192 8237
7449 3324 16153 
1 4035 6016 9551
16346 7799 18734 
1 1025 1529 9967
5261 13791 5 
1 2269 3112 6961
18500 6213 4828 
1 2470 96 3595
12241 1083 13647 
1 818 327 9386
648 18408 2218 
1 6325 2766 9222
811 485 18086 
1 2098 7898 9905
15617 6568 19431 
1 2484 6645 9155
1688 23 17955 
1 4807 3095 9477
4701 18589 7887 
1 3121 232 9423
2701 2846 4345 
1 1820 3085 3599
7791 2142 18481 
1 3600 4334 8376
1826 2524 8024 
1 239 5596 9088
1228 6971 16228 
1 2453 3221 9733
15057 2669 19095 
1 3224 537 6045
1920 6655 7298 
1 1097 3171 9733
9258 19094 6305 
1 3885 6188 8090
12125 7056 18820 
1 6188 7420 8090
8696 14345 7055 
1 2511 6050 6069
11659 1067 322 
1 5747 422 7389
5588 2353 11074 
1 8906 4572 9550
17469 4011 17468 
1 3605 2054 6096
9718 5572 5300 
1 6800 8776 9667
13327 1753 14838 
1 116 5203 9468
15847 1680 18770 
1 3607 7275 8007
7064 1720 4496 
1 3607 5349 7275
1226 10480 7063 
1 3608 395 5191
2327 3082 2326 
1 7818 4411 8316
5052 15329 7924 
1 3806 3807 8543
6863 17551 2481 
1 4367 7243 8948
12418 7456 8553 
1 475 3455 7085
8244 7070 13891 
1 3455 5967 7085
4420 5383 7069 
1 7969 728 9199
1204 12280 7433 
1 8435 9091 9356
1205 17830 1483 
1 4092 3203 6230
3667 8011 3903 
1 2097 1485 8283
13348 1841 16244 
1 2975 7060 7245
13841 13840 14205 
1 3613 1622 4459
3460 7325 11438 
1 608 4516 4659
5263 17279 8385 
1 8814 3780 9502
1929 17288 17925 
1 7803 2682 7951
15300 15592 5470 
1 5663 2108 8781
6451 6864 17224 
1 4005 588 9147
14007 7844 5936 
1 7867 8550 9652
15427 210 2177 
1 5684 3619 6121
15331 15840 8080 
1 7248 5969 9101
4444 5946 14210 
1 7755 7786 8222
803 15204 6927 
1 7464 5979 7786
11715 15204 15266 
1 7308 3822 7819
7484 14326 2241 
1 3647 2821 5724
7141 6888 11219 
1 1191 7707 7904
18439 19567 14712 
1 6857 6858 9766
16343 13243 13443 
1 5888 5438 6558
14508 2767 14056 
1 873 9815 9964
5702 -4 14837 
1 2915 3106 4440
6082 19541 1500 
1 449 3434 6246
6304 2347 1139 
1 7132 8876 9706
13982 3364 13983 
1 4740 230 8839
13949 1423 4235 
1 6949 7838 9063
7752 13622 3445 
1 3625 6312 6773
13928 18904 3648 
1 3626 674 4087
6125 1301 993 
1 3354 3626 4976
608 6567 15488 
1 5846 379 8962
17969 12270 17579 
1 9162 7139 9163
10184 9795 7911 
1 7441 3132 8572
14587 7336 7126 
1 3641 3640 8822
10027 17303 7327 
1 2355 2333 6696
14833 13124 13522 
1 6592 6696 7377
13523 1319 14460 
1 678 1544 4702
10810 9600 1310 
1 3733 585 6142
18370 12034 1102 
1 3076 1984 8492
4007 16654 8858 
1 1341 1145 6893
10064 11237 11108 
1 172 1854 3973
787 7702 1961 
1 3374 472 6567
12188 18217 976 
1 4185 1880 6566
3302 8194 12868 
1 1834 3148 6142
6822 1102 6023 
1 7356 7744 9366
8187 11784 7656 
1 1427 7648 9868
166 3782 5357 
1 531 2948 3635
3403 2412 11471 
1 5527 2248 6954
10831 13632 6963 
1 8042 1216 9985
9430 15769 6838 
1 5691 2422 5838
13476 11154 9546 
1 3014 5838 6119
9546 11443 1160 
1 328 329 9205
10479 18052 7399 
1 3679 5903 8194
11570 12994 7240 
1 1393 7475 9874
14653 19371 3737 
1 3615 1681 5793
15299 17076 9319 
1 5193 7441 8572
14767 7103 119 
1 3338 2515 7485
9677 2149 17231 
1 3440 5332 6153
10447 5566 10446 
1 3641 3042 5116
9290 8414 10027 
1 76 5294 6915
10370 9765 9198 
1 1263 5411 7197
4767 12728 4514 
1 1300 7918 8728
13680 9147 15527 
1 6948 7312 8312
16297 16494 16301 
1 4668 3316 4742
4836 9144 2574 
1 4297 8080 8142
15844 6268 3916 
1 1429 381 3681
15894 494 7209 
1 4063 4163 6540
17047 2782 724 
1 2777 1210 6500
9847 5433 12738 
1 1312 885 5915
1576 16715 1142 
1 3805 1159 9712
10921 4199 3346 
1 2821 3647 3919
7088 4352 10441 
1 226 1576 9723
17906 17389 11806 
1 6440 3897 9723
5174 6495 19075 
1 6188 3523 7421
8315 14546 8696 
1 4246 1244 5054
15137 14944 9903 
1 1311 4067 7177
18695 3690 5096 
1 3534 3117 7343
10126 8993 19436 
1 4687 6852 8946
6184 7544 8123 
1 5198 3852 9851
7543 11211 6370 
1 3057 3652 6261
12745 5934 17387 
1 2928 2927 8560
4573 16789 774 
1 5876 5205 9069
873 4952 17787 
1 597 6862 9344
19297 4953 4691 
1 1783 3254 7315
12451 1443 6371 
1 3852 3853 8680
1618 17547 728 
1 8144 1246 9535
13793 18705 4393 
1 5829 6249 7034
824 11425 2360 
1 7647 7390 7700
16048 7159 723 
1 7390 2342 7700
17492 7684 7158 
1 326 177 9390
9383 327 736 
1 7228 3333 9879
14170 19381 18383 
1 3351 5264 6078
14997 10313 14804 
1 7551 8570 8949
308 1864 17477 
1 3659 8233 9354
5635 14449 18346 
1 5064 1326 7184
9923 652 14084 
1 3700 3395 6007
8896 3231 11772 
1 1707 2144 3786
4392 7415 207 
1 6613 2229 8675
73 1931 12568 
1 6530 4362 9537
12797 6746 12960 
1 6519 1675 9460
15661 722 9536 
1 375 2341 3662
9517 6279 18556 
1 3466 2047 8862
16247 18672 5799 
1 6562 4954 7070
9709 7862 10178 
1 2014 4391 8021
784 13962 15727 
1 4991 4721 8442
4138 961 5328 
1 3293 3665 5018
7616 791 9018 
1 6603 6711 9078
9267 15730 15456 
1 2273 4932 7098
13353 2506 13917 
1 1600 56 8847
13188 13525 3253 
1 3695 3840 5500
4844 7519 6149 
1 3405 2213 7340
14589 14388 6668 
1 2036 3769 3770
18187 7771 1781 
1 3422 7413 9952
17904 3976 5039 
1 1492 668 7321
4287 14351 3679 
1 301 5721 9638
18199 17515 1294 
1 5679 555 6938
7665 13600 12541 
1 4999 1371 6055
6876 10568 9793 
1 651 1110 3671
9424 7189 501 
1 1110 2476 3671
1258 9605 7188 
1 2518 3922 6765
4923 4808 13259 
1 4271 4272 6414
2300 8368 12570 
1 4210 2358 7897
9093 10360 15486 
1 5125 7290 8046
14291 14290 15777 
1 3674 402 6765
4807 1968 4808 
1 864 1036 8168
3749 16067 5890 
1 7201 4935 9870
8115 12883 13520 
1 5682 2224 6651
1740 11137 11362 
1 3674 3922 9565
4808 2376 18763 
1 4189 3777 9247
3557 18136 174 
1 4345 6545 9447
12826 18530 14003 
1 4341 3343 4342
6546 497 8112 
1 2297 4438 8536
8063 6245 8256 
1 3379 2936 8536
1745 5321 1042 
1 1095 3479 6827
6816 5067 13382 
1 2591 328 3679
8321 2028 6815 
1 4330 5167 6675
13567 12529 8970 
1 842 1028 5694
10181 11160 8767 
1 484 2242 3681
12340 7209 181 
1 2242 1429 3681
6912 7136 7208 
1 1898 1959 3682
10548 4302 7211 
1 2652 1898 3682
16505 7210 17009 
1 6611 4331 7909
15499 12325 12324 
1 4321 292 8109
3720 1635 8462 
1 7211 3389 8886
33 8259 2646 
1 3487 1224 3684
18597 4321 14137 
1 1388 2677 6185
5235 7217 5709 
1 6185 2677 8950
7216 226 6443 
1 112 5220 9931
13286 14072 351 
1 4002 5154 6303
2251 2545 10576 
1 3560 3687 6769
2535 18284 13266 
1 3687 8517 9323
4000 1832 18284 
1 6093 2540 9614
13655 11940 7981 
1 3168 2387 7263
4049 904 14238 
1 4767 930 6241
7927 12229 11610 
1 1656 5172 5907
17151 16371 7226 
1 1763 1656 5907
16961 7225 16562 
1 242 1189 3691
4746 7228 11883 
1 1189 1451 3691
11497 2130 7227 
1 2426 708 3868
12424 12221 7576 
1 9214 5503 9944
11065 16809 4997 
1 4234 3230 4762
19500 2568 4753 
1 5143 4222 6583
10080 1773 12902 
1 3928 5146 8795
17669 10085 10264 
1 4018 5437 6082
17591 6551 9743 
1 5081 3841 7141
9418 10900 13998 
1 7040 3840 7140
13802 4844 10779 
1 2568 2174 9231
5020 14642 18104 
1 1581 395 7470
3082 732 426 
1 2574 8194 8846
16068 12994 17352 
1 1047 3679 8194
2122 7123 7400 
1 4726 3835 6621
9259 8091 5229 
1 563 1413 8156
14942 5230 196 
1 6471 5220 8096
14226 14424 8588 
1 6290 3791 6779
15875 13285 12327 
1 1394 5482 6007
16561 2046 17544 
1 8842 2375 8943
17537 15380 15379 
1 3701 8794 9038
17250 4640 1958 
1 336 4703 9588
3500 209 18809 
1 546 2632 6320
6866 455 9200 
1 546 2397 3702
4684 15335 6866 
1 5068 8719 9630
17102 7252 131 
1 8719 9072 9630
17101 15209 7251 
1 4204 7673 9381
11444 -5 13850 
1 4206 4106 7766
6845 8230 1945 
1 6210 3505 7271
2074 14253 7256 
1 5492 6210 7271
2942 7255 3499 
1 6104 3706 8339
14275 16721 478 
1 1859 715 8339
570 478 3631 
1 2535 511 7340
12605 6668 6008 
1 3142 767 5500
10299 3114 10780 
1 4128 3952 9151
1419 11292 17947 
1 5262 2240 9151
2127 6151 11292 
1 808 2368 7328
12901 5210 11078 
1 5634 4688 6583
9185 9184 14871 
1 235 1245 3710
14539 5273 7266 
1 1652 235 3710
5777 7265 3223 
1 4255 4877 7203
8333 681 14121 
1 3711 7203 9031
3511 1356 468 
1 4212 1399 5931
8639 25 8246 
1 5679 6399 6719
12541 11671 9858 
1 1600 7332 8601
3253 13665 16131 
1 4235 2273 8440
4014 8292 1007 
1 3906 1937 3917
5723 7579 7670 
1 3353 8324 9609
18252 16325 9974 
1 1751 1904 8015
4426 4466 2141 
1 1105 3643 3715
4027 22 15715 
1 6410 5485 8901
8427 8397 8981 
1 2721 9080 9454
6774 17066 18543 
1 1657 2032 7454
12069 14611 12124 
1 2715 1275 8115
12713 15911 752 
1 1031 3718 9437
12143 4866 11863 
1 6197 6105 9238
16276 5061 18118 
1 5798 771 8129
7284 11119 7363 
1 5439 771 5798
1212 7283 1337 
1 4078 6644 9289
11110 18219 10372 
1 4067 5972 8647
12930 15345 13060 
1 4019 4190 7905
8062 3085 7870 
1 7539 3320 8097
11399 2933 6501 
1 3722 3822 6640
14326 7484 3351 
1 5816 3434 7539
19040 6304 6501 
1 4004 5453 7261
7842 -6 8907 
1 2277 3448 4895
9327 8438 3766 
1 6652 8782 9087
14404 697 15274 
1 4799 290 6181
8571 9403 11974 
1 1771 1678 8588
13091 9376 3276 
1 834 734 8588
5639 16843 8182 
1 3698 4133 4726
14941 4061 5229 
1 990 3224 6045
6464 7053 1620 
1 8907 8662 9720
11991 11367 18061 
1 982 5163 9399
17452 4596 4512 
1 1324 1794 3728
3503 7302 17428 
1 1794 1187 3728
3498 797 7301 
1 4279 3803 6208
7304 6489 6344 
1 3729 3803 4279
6686 7303 8379 
1 6689 4374 7577
3717 4037 6003 
1 1536 3730 5361
2993 14856 6713 
1 8336 4667 9189
4795 10065 18155 
1 8775 3731 9255
17212 5340 8949 
1 4136 94 6191
16652 34 6340 
1 1487 6120 8186
12752 5063 2715 
1 3148 1687 6013
225 7312 2662 
1 6013 1687 8203
7311 9057 5771 
1 141 6406 6591
17458 4115 12918 
1 5269 1521 7350
18315 6741 14407 
1 7892 1426 9229
9502 6164 17637 
1 9528 3998 9629
18692 6316 9464 
1 52 1168 3736
14503 7318 15020 
1 1168 9 3736
14323 4995 7317 
1 1125 5598 6222
10943 12466 7320 
1 2145 1125 6222
12185 7319 13128 
1 7492 3439 7942
7324 6538 3915 
1 7455 1717 7485
14614 14673 11288 
1 3640 2485 7492
10026 14687 72 
1 3440 3439 7492
6735 7321 14687 
1 1622 3740 4459
1842 12211 7076 
1 5836 9470 9557
1843 1135 4641 
1 3741 3641 8822
9291 7104 4916 
1 3628 3741 9108
16811 4916 5954 
1 5301 2344 7046
1452 9250 4679 
1 3742 2060 4096
12008 4024 1071 
1 8262 6622 9196
16007 2247 14579 
1 1699 3284 8958
6431 185 17569 
1 3043 3744 6674
11040 422 6254 
1 1947 4209 5124
4330 10043 3803 
1 7550 3547 9035
2193 5486 5335 
1 3132 5078 8572
9950 8111 7103 
1 1905 391 3746
11335 6605 7338 
1 2460 1905 3746
18762 7337 6800 
1 7717 8873 9521
10938 8287 15128 
1 1610 1421 3747
13267 685 19077 
1 4162 4851 6891
852 3961 12020 
1 6448 5080 7893
12171 6080 10930 
1 1163 6718 8909
13167 17475 4342 
1 4949 8324 9408
5983 18252 8384 
1 3750 7575 8742
9744 2301 17147 
1 6643 3734 9171
3424 17986 8221 
1 7192 1819 9990
19583 -4 19407 
1 4311 2698 6518
9278 10796 11468 
1 3474 5315 5824
3538 250 5265 
1 6493 1484 7495
12724 13143 14693 
1 5337 8063 9042
10581 1134 17736 
1 6376 131 8740
2329 4189 6521 
1 6392 5615 8561
6021 12526 5887 
1 3754 838 6389
2475 5902 8006 
1 5284 3127 9891
-3 1261 14594 
1 8515 5231 9792
15788 7357 14815 
1 5231 9067 9792
17783 13604 7356 
1 2839 2239 9777
18029 19181 18563 
1 1515 2981 3757
5832 3813 13288 
1 3022 8451 8845
9183 3928 17349 
1 3758 485 6060
7558 1727 12379 
1 8299 2680 9047
11751 5242 5877 
1 3719 5798 8129
8268 7283 11365 
1 232 1866 5773
6710 6709 4674 
1 2822 5773 9860
19131 6709 11316 
1 4231 1778 9041
11345 69 1304 
1 2971 3761 5275
2461 10333 5815 
1 1039 7187 9807
14090 7496 17509 
1 8632 879 8733
18132 6131 17129 
1 326 2522 8596
736 133 41 
1 182 181 7429
13432 11321 14563 
1 6019 5969 8821
5946 6887 17302 
1 2223 3518 8078
5349 15839 4360 
1 6056 7740 8706
179 15174 11355 
1 3639 2638 6505
5245 1810 15650 
1 3766 282 9465
9553 3615 2219 
1 5613 4747 9791
4243 19209 9422 
1 7769 8073 8174
5019 7797 16029 
1 3767 438 8833
15517 15232 17326 
1 3768 804 7895
1752 18183 11502 
1 9472 6041 9573
18580 18778 18579 
1 8093 861 9273
15869 1411 9240 
1 4196 2242 9130
6457 12340 17905 
1 402 3672 9027
3885 4922 1968 
1 1823 6765 9027
13259 1968 17706 
1 3019 3771 8979
18035 10057 3072 
1 5243 6750 8060
19086 9976 154 
1 600 6160 6161
12071 12070 12073 
1 662 517 6364
10505 15858 1279 
1 3729 3512 6055
8379 9793 6875 
1 4291 142 9304
4655 18248 17171 
1 3757 9053 9464
17757 9889 18564 
1 1267 3774 7024
6231 159 5957 
1 369 4187 6104
17815 8198 1548 
1 7859 3087 9475
12524 18585 6044 
1 8641 1338 9911
16949 9029 8496 
1 4083 6640 9032
3351 6724 2601 
1 3878 8168 8846
16016 16067 5032 
1 3638 328 9205
2028 7122 625 
1 6926 1047 8194
9228 7240 13576 
1 1574 3676 9205
7679 8201 18052 
1 8234 4571 9025
18832 8054 6163 
1 7156 732 9600
14028 18089 18833 
1 3847 4151 6195
2609 16889 3418 
1 6195 8311 9140
16890 11352 4826 
1 2482 8660 9548
16986 12599 12676 
1 189 1508 8558
16985 14086 6114 
1 1452 2238 8151
2828 4372 2455 
1 3782 2673 4132
13531 867 8089 
1 4959 1064 8418
4383 5762 4032 
1 2533 42 9503
13448 5358 8156 
1 45 7752 9066
14491 10485 1691 
1 6262 9163 9648
17971 11805 7912 
1 855 2167 3785
17337 2520 -3 
1 2144 2844 3786
2571 7416 7167 
1 2844 426 3786
16847 16752 7415 
1 1598 8594 9698
14585 4704 19026 
1 1201 5304 6468
13441 12347 3195 
1 4178 1363 5402
7857 17622 10585 
1 1182 1919 9052
16261 4651 4590 
1 9553 5278 9637
17928 10339 2379 
1 1634 7053 8220
5970 2992 11009 
1 288 1903 3790
10504 2207 13828 
1 5890 4384 8357
5548 12681 16389 
1 4256 237 5849
16706 16388 2954 
1 6626 886 9831
4806 12986 4206 
1 1929 3257 3792
3778 2065 2158 
1 6549 1452 6793
2828 2029 516 
1 645 6473 6549
12684 4005 12835 
1 193 7259 7977
359 -3 14231 
1 6927 6928 8095
16177 15874 13185 
1 6928 6244 7741
16176 13580 9080 
1 2808 7969 9199
17600 7071 8356 
1 7348 621 8044
802 15377 14402 
1 48 2828 3797
5531 7436 7488 
1 2828 2947 3797
12485 12701 7435 
1 2941 298 7080
10884 16491 10579 
1 4407 3083 8410
6032 10703 6033 
1 7300 5244 8261
4387 6578 5906 
1 2029 3799 9457
15849 7796 18355 
1 2453 3800 6553
19095 1802 1535 
1 1983 3602 9733
-6 1032 2669 
1 5928 4191 9585
349 749 18802 
1 3801 6739 7864
5276 4529 2746 
1 268 1884 3802
11387 7446 1967 
1 1884 1506 3802
4471 11214 7445 
1 8577 3427 9180
6711 17871 13697 
1 2794 6208 8479
12165 8051 1944 
1 6192 5020 7820
7038 5655 314 
1 7928 1323 8614
18343 16895 5195 
1 4118 4570 5395
8694 4491 8203 
1 5572 3805 8755
10921 8250 7869 
1 1278 8543 9054
2481 12169 10764 
1 1003 6194 8079
8234 4841 6844 
1 5045 3167 7243
12934 2022 6200 
1 7243 1760 8948
14201 17550 7068 
1 6283 3808 8373
12313 11124 11706 
1 6321 3475 9700
5443 10730 9560 
1 7739 5245 8219
11869 14641 15086 
1 3809 2567 5245
16995 3612 11870 
1 3601 3602 6045
1032 6310 11846 
1 8915 3811 9015
8958 17486 4973 
1 4573 6195 9502
3418 4826 17288 
1 2385 3158 4874
144 15622 2560 
1 6183 2857 8251
4660 5589 12117 
1 3118 4578 6851
2704 7467 13428 
1 4578 3813 6851
14807 1792 7466 
1 981 5934 8139
11627 1061 15958 
1 5542 3814 6192
9834 3324 6175 
1 4277 4233 4752
12860 1047 9311 
1 254 3380 3815
17394 4076 8374 
1 4317 4217 6872
16742 8452 8061 
1 5684 2821 8857
6888 5198 15331 
1 2712 4393 4651
15700 710 14773 
1 2321 1668 5418
16265 1248 4639 
1 3275 9109 9372
17865 16284 2448 
1 3476 1840 5234
5130 13677 3715 
1 6464 7657 9728
12667 16314 6379 
1 6464 8416 8516
10058 16504 12667 
1 760 4567 4953
9500 251 9705 
1 676 4457 9697
2714 16590 16594 
1 3908 299 6452
7652 1296 16003 
1 6452 3821 8161
12644 12454 16003 
1 6640 3822 7308
7289 7087 7485 
1 3165 6640 7308
18338 7484 11295 
1 3823 1412 4841
13635 11802 5801 
1 9687 4472 9991
19003 8759 19588 
1 48 3797 9316
7435 18271 6332 
1 2230 5636 8437
11047 16545 8558 
1 4599 5517 7773
8184 6759 15240 
1 2141 3825 5517
9599 10811 8184 
1 5795 1375 8370
11538 7497 -4 
1 3650 441 7850
18317 18574 10375 
1 1887 1013 9469
4981 15393 15570 
1 5495 63 6768
12926 11251 13265 
1 7187 4738 9807
17312 19241 7368 
1 1375 3829 8370
13656 5823 7492 
1 6089 6966 7060
13657 13084 13841 
1 6968 6239 9711
-3 5537 1979 
1 491 791 4880
13563 86 598 
1 3143 2304 4026
729 7881 443 
1 1113 133 3831
7973 7882 2261 
1 4943 5042 7374
16405 9684 1542 
1 6123 3201 9332
14899 3475 1268 
1 4209 4483 7253
3736 6253 10043 
1 5391 7097 7835
4193 17860 8240 
1 3834 3039 5272
6623 13524 2742 
1 1290 1965 3834
4837 4209 2742 
1 1097 3726 3835
11847 7510 9259 
1 3726 3499 3835
195 8091 7509 
1 642 6552 8301
13274 12844 12840 
1 1932 5559 6062
9969 4676 10049 
1 7222 7936 9168
1985 2446 17103 
1 993 3837 7745
3753 3894 12436 
1 5711 7683 9592
8318 9813 7858 
1 6074 5974 9395
11313 10011 4935 
1 2391 3541 9713
2407 14975 19055 
1 5599 303 5947
8271 -3 363 
1 5500 3840 6939
7180 13802 4845 
1 826 2479 6939
17449 13602 4905 
1 4807 1329 6836
7887 9417 13398 
1 3598 5638 6206
2531 9711 7753 
1 833 233 7367
3731 3303 13490 
1 3788 4370 7263
1737 14237 1433 
1 3905 1658 5310
3235 7526 3236 
1 1658 4033 5310
7895 1763 7525 
1 3745 9358 9444
18353 10870 7537 
1 1897 8916 9264
3941 8300 4799 
1 7852 7029 9167
15595 17552 11230 
1 7821 717 9406
13076 10709 1510 
1 8386 2717 9798
16446 12127 284 
1 6333 6447 8546
12411 19408 12657 
1 5224 8516 9275
6469 7534 18191 
1 8516 2990 9275
16703 3386 7533 
1 146 2452 9701
4791 11557 13543 
1 6525 284 6542
1311 1056 6283 
1 1797 3745 9444
6748 7527 18523 
1 7409 7022 8624
10209 13765 3669 
1 685 495 5823
6616 11412 11414 
1 4769 3045 8906
15800 8441 17468 
1 3827 6847 8881
13419 9990 15254 
1 998 6516 7179
17829 12769 6102 
1 3852 5198 9374
7149 10186 2596 
1 6852 1739 8946
5524 7545 7148 
1 1739 4149 8946
8124 14335 7544 
1 596 1460 7313
2713 2163 2591 
1 4994 3854 5732
3700 11179 5685 
1 2346 5087 7016
16624 4585 13754 
1 815 5470 6028
1862 10719 11813 
1 815 9780 9895
19188 1144 1862 
1 7772 1570 9640
15237 17089 13708 
1 7687 663 8805
12888 11259 13338 
1 726 4081 4322
2006 6128 8465 
1 3857 4322 6539
7990 8387 14831 
1 4060 3934 7896
1127 7955 3443 
1 3758 3858 3859
8705 15539 7558 
1 2307 3861 8439
18914 106 1803 
1 485 3758 3859
7361 7556 16550 
1 619 539 3860
14189 7560 5070 
1 539 1780 3860
13707 3664 7559 
1 3681 1637 4811
494 8151 9426 
1 261 2481 5944
4628 15538 11648 
1 6024 3862 9648
7632 7912 17970 
1 4611 6285 9462
2491 18560 9033 
1 8995 6969 9392
2734 17595 3543 
1 3438 3863 7978
5225 17478 11188 
1 4496 3389 7899
8259 6827 6637 
1 6839 1938 7383
13403 10564 6644 
1 1086 3917 9951
7670 19322 15614 
1 1277 2190 6571
18661 5982 11298 
1 3324 9145 9974
1493 6509 19558 
1 3866 9238 9429
18118 11961 3527 
1 3212 6673 7955
13078 14659 14658 
1 1459 3999 7252
14561 7832 11912 
1 3141 6036 8153
11829 286 15987 
1 427 2426 3868
16810 7229 12024 
1 6373 6350 9922
4391 9292 10010 
1 3573 5487 7489
6998 11487 14680 
1 1937 3870 3917
3627 7648 7273 
1 5623 2469 9513
378 1747 1797 
1 5577 6834 7692
9700 13450 9819 
1 4887 6211 6448
1910 9458 1251 
1 3872 9027 9672
17706 8066 767 
1 1251 2383 3974
9247 6882 16024 
1 3585 3266 8631
3654 7943 16930 
1 6258 3927 9748
12262 11270 14725 
1 4595 7019 7020
6587 2336 13762 
1 7020 6785 7082
13760 13564 13885 
1 7397 9554 9919
18741 3242 15469 
1 1607 7491 9398
853 5975 4281 
1 3906 1086 7963
7670 1729 7649 
1 5446 860 8741
361 17144 10341 
1 4725 4724 5446
901 361 10673 
1 4189 136 4720
174 9246 8202 
1 3878 3778 4189
5032 3557 16016 
1 4531 4463 9172
13951 17459 6775 
1 3879 1009 5928
5322 349 18601 
1 1023 2053 3880
1982 1182 -3 
1 3881 150 7439
11086 1326 1479 
1 661 6929 7439
18012 1479 14583 
1 514 1217 7590
16555 14881 3436 
1 4564 6143 9818
18058 19262 2146 
1 3965 2443 9883
4773 4774 16166 
1 4808 4154 8924
12026 15303 15751 
1 551 6804 9926
15157 1587 7879 
1 4024 781 9926
15543 13335 12734 
1 3236 7219 8154
6634 6334 4635 
1 5994 3885 9594
9021 18820 3079 
1 219 2831 7167
1676 11519 2840 
1 5511 3314 8086
-3 15856 6490 
1 539 7237 9705
14189 10284 267 
1 4470 4225 5452
3688 10685 521 
1 4086 179 7173
8394 10301 7999 
1 1226 3789 3936
9014 1674 7708 
1 1412 3665 3889
13634 7616 11801 
1 3665 3293 3889
7176 15909 7615 
1 6585 3550 9512
11611 12905 18660 
1 2636 4305 6984
12736 13692 8518 
1 3891 9417 9732
4617 9081 19093 
1 6338 708 9944
5535 12424 16809 
1 7119 8956 8957
11843 5549 433 
1 1699 8957 9260
17569 5549 18160 
1 6070 917 7786
15985 15266 11895 
1 371 7193 7247
14101 6422 14209 
1 9028 4194 9849
4914 7824 16194 
1 3995 2938 8250
19325 4643 4545 
1 2793 4718 5832
9242 8658 5745 
1 3513 4422 7563
786 6246 8466 
1 3896 4804 4891
9412 5158 9584 
1 2166 1020 3896
5490 2086 9584 
1 6266 2508 8132
17390 10516 8920 
1 3862 6024 6440
7563 5174 12621 
1 4430 8481 8635
1811 1317 16438 
1 2495 6291 9662
6977 18495 8344 
1 3899 3071 5508
10117 8569 -6 
1 6486 5856 8629
9083 2661 4918 
1 5037 38 6280
19554 10067 3620 
1 7754 6759 8565
8298 2367 3938 
1 3768 3901 5031
2508 13248 1752 
1 4825 5843 9127
3666 17898 1082 
1 6871 9562 9970
13466 5659 14558 
1 7912 8012 8013
15710 8482 2525 
1 8509 6889 9954
16688 12139 13107 
1 4204 5757 7065
13850 11285 8628 
1 3705 3704 5218
757 17294 2304 
1 7339 3040 9897
13997 6503 15770 
1 3636 7112 9985
13943 814 19579 
1 3870 1277 3917
18662 19322 7579 
1 2799 3906 7963
539 7591 -4 
1 3473 3746 9403
2381 6605 18443 
1 5186 3077 9496
10162 3471 3068 
1 299 3908 5731
7482 8117 9630 
1 6342 3352 8161
10667 3239 12428 
1 7021 1006 8605
16674 8311 13725 
1 6125 2390 8193
12002 8703 17672 
1 6013 7356 9366
5771 7115 15181 
1 2018 2500 3910
9058 3001 4887 
1 5227 8092 8240
15868 3708 16160 
1 8390 1999 9653
11093 9767 12722 
1 1506 2287 7227
4471 3145 11214 
1 4638 3913 6972
7662 2174 13668 
1 3913 4638 8119
7661 4133 15920 
1 4921 1821 8716
8175 9108 19248 
1 7870 5384 7944
15433 10550 9069 
1 555 5679 5931
7186 11132 25 
1 555 1399 6351
25 3388 13600 
1 8118 3274 9718
15918 11573 6411 
1 7462 3013 9817
-4 15525 3535 
1 9848 9107 9951
3783 15614 17861 
1 1086 3906 3917
7591 7273 7569 
1 3911 2621 5187
14769 10165 18704 
1 4381 4382 9837
15882 16969 18786 
1 3919 2261 5395
4352 1314 4353 
1 3160 2439 4247
10435 8317 8651 
1 3920 1035 8758
7019 17177 464 
1 130 1232 5743
17703 6987 11257 
1 5041 1537 9912
15168 5030 488 
1 6048 3504 9626
1606 4479 8667 
1 3676 1574 9565
7401 18135 3722 
1 2383 784 3922
4656 2376 4923 
1 7382 5663 7982
6451 17224 12746 
1 1063 6774 9188
16806 8517 8516 
1 1283 9463 9563
18562 4946 14760 
1 2342 6761 7700
-4 6691 7159 
1 5426 430 7066
10633 16211 13853 
1 4057 3925 4105
16380 2584 9356 
1 6931 7624 7952
12731 13587 15594 
1 361 5802 8217
1956 10750 11373 
1 4281 3517 5881
16970 11528 8189 
1 4776 852 9148
9357 8036 17941 
1 6740 3315 6997
13211 6622 806 
1 2363 3381 5642
4415 6492 11060 
1 6417 6836 7045
2190 12147 12303 
1 431 29 5510
10552 888 1600 
1 2983 3182 6678
5838 175 13089 
1 639 1778 5788
6826 938 10532 
1 3931 2446 5002
13526 6923 5135 
1 5848 2626 8825
9997 8661 12022 
1 1038 2999 9717
15439 2798 9308 
1 271 975 8990
512 1129 3000 
1 2373 3378 9426
13611 4270 11948 
1 3973 1854 8276
7111 5429 3077 
1 712 1811 3934
8152 7955 7704 
1 2798 712 3934
3537 7703 8423 
1 4486 306 7522
4113 14891 7706 
1 2140 4486 7522
2960 7705 9336 
1 2435 7190 9052
14095 4590 17755 
1 3177 1226 3936
4758 7614 5394 
1 4939 4139 8696
6536 8103 17057 
1 7500 3937 8696
2148 3293 17488 
1 8468 7589 8639
2730 10740 14879 
1 5652 5784 5884
1922 16748 10610 
1 3129 1490 6437
-6 8348 12615 
1 2000 8102 9787
-6 8671 19202 
1 1633 1970 9031
13749 468 2451 
1 4641 3212 8383
13078 9092 2978 
1 2501 60 3941
13512 12159 7718 
1 3028 2501 3941
17330 7717 252 
1 2219 4505 9049
8825 17749 4336 
1 3942 1863 5850
16864 11465 496 
1 8905 7597 9377
1300 15922 6452 
1 5036 3614 9768
12001 9126 17081 
1 1405 4034 8235
19134 2431 16150 
1 4034 5109 8986
3152 17624 2431 
1 4132 447 6232
13313 4373 8089 
1 2675 2553 3945
8525 377 12213 
1 5834 5263 6970
11434 16916 13664 
1 2474 5547 9466
1672 1088 13663 
1 6841 4077 7779
13408 2771 10139 
1 7779 5320 9663
15251 12501 1200 
1 5058 6767 9220
15210 3625 9911 
1 5581 285 7807
2479 18477 15308 
1 3949 2102 7304
-5 3899 9702 
1 1879 1116 3950
1046 18386 7735 
1 1930 1879 3950
1472 7734 3770 
1 8506 4517 8983
2463 16682 4424 
1 1176 5027 5126
19462 5830 10047 
1 5260 1893 7770
4266 15233 13057 
1 3708 5761 9151
9159 10309 6151 
1 8911 603 9595
5105 18764 17479 
1 6969 8503 8556
4145 16676 17595 
1 3179 3009 8071
8594 5918 2153 
1 5659 8390 9534
16454 3904 11094 
1 183 1384 3955
17403 7745 7746 
1 1384 1673 3955
16060 15013 7744 
1 183 3955 7658
7744 17262 4167 
1 207 1628 3956
3806 3805 9365 
1 6934 1060 9114
16475 13592 6090 
1 5152 4456 7738
14669 4609 15170 
1 3772 3958 5362
12075 5795 6385 
1 228 3300 6162
4376 3764 5598 
1 6949 7049 7838
4574 13820 7097 
1 1130 3598 6206
2191 7522 970 
1 5610 8935 8945
17525 1927 10996 
1 5982 7517 7997
2638 2488 10129 
1 5379 6965 7756
13654 13454 3672 
1 1880 6766 9233
6202 13260 13460 
1 1330 2353 3962
6365 7759 6398 
1 2353 891 3962
3709 10151 7758 
1 4954 4953 5053
9709 251 9901 
1 5353 5352 5452
3264 521 5679 
1 1606 6052 9959
1080 1474 1154 
1 4352 1907 5958
4991 12007 11674 
1 1807 3965 6878
7765 3991 13481 
1 1807 2442 3965
4772 4773 7764 
1 745 3049 3966
5969 7767 13390 
1 3049 333 3966
9443 8102 7766 
1 7170 295 7401
2332 8798 3986 
1 5661 5630 6209
6338 18859 9158 
1 1154 3968 4069
257 7774 14732 
1 3770 3769 5363
7182 823 18974 
1 5016 5017 5371
5964 3205 9632 
1 718 2793 4972
9242 1800 9741 
1 3968 1055 4069
1378 7967 7770 
1 1949 7515 9420
14733 2044 16656 
1 3787 3846 3971
13501 4729 -4 
1 5646 1543 5654
1020 11083 10822 
1 6293 5519 9427
5666 6632 10077 
1 8276 1579 9029
5429 16230 16231 
1 1012 2853 3973
794 2899 3078 
1 8493 3970 9420
11747 82 2044 
1 3974 2518 5830
6882 6881 12569 
1 3105 3871 9431
3184 6079 3221 
1 3975 985 4951
18497 10931 8149 
1 7824 6170 9182
6721 4728 12091 
1 2044 1120 3976
15663 6849 11358 
1 4498 4797 5551
4430 4657 15930 
1 8493 7515 9716
2044 14733 19061 
1 3226 8066 8167
15816 6381 16015 
1 2125 5538 8167
6754 15815 15819 
1 3085 1820 9751
7049 1357 5513 
1 2523 1472 8816
11857 15511 13159 
1 2171 1264 3980
249 7794 18565 
1 1264 2276 3980
16600 13557 7793 
1 4478 21 8942
11341 8772 17539 
1 3799 9157 9457
17958 3962 7440 
1 8073 8173 8174
6651 15830 7378 
1 6200 2557 7205
14962 5309 9800 
1 6016 5161 9551
2837 18202 7039 
1 2740 94 8491
11794 16652 3531 
1 2924 3856 3984
3136 7802 17270 
1 3856 422 3984
2353 15238 7801 
1 7728 3985 8292
15150 4363 14062 
1 3888 1919 7173
4651 13104 14063 
1 849 6272 8589
18927 3407 12291 
1 4845 5372 6272
5303 339 18926 
1 4578 2862 8982
1174 -5 11302 
1 3987 5766 8263
6103 16205 11775 
1 5056 2993 9122
550 13323 15908 
1 5070 2797 7349
17885 10212 14405 
1 2110 8953 8954
17561 17560 11144 
1 3989 2289 5431
12544 15295 3618 
1 1927 2899 6160
12658 12070 3055 
1 4748 4115 9890
3172 9302 3268 
1 7747 1296 9867
15188 14704 14694 
1 464 5044 7813
6458 4899 6900 
1 5554 4461 6790
190 10575 11552 
1 2366 509 7030
2544 18130 2939 
1 3374 3633 9233
976 13460 13456 
1 2967 5333 6372
1613 12861 5807 
1 2845 3096 6225
16952 5921 8133 
1 4820 3049 6958
9443 4732 13201 
1 7622 1413 8250
19058 14942 4643 
1 4194 8258 9849
16195 13100 7625 
1 4827 924 8198
316 6440 16075 
1 7708 2108 9661
6864 6865 18953 
1 3894 2758 8250
2749 4545 16179 
1 3997 1065 4049
5150 1084 15218 
1 8137 9826 9925
4583 13775 19469 
1 1205 2534 4831
14824 8380 9465 
1 7428 6409 9781
6353 1940 12560 
1 7252 3999 7635
7574 14218 9593 
1 825 6318 7681
2517 -6 4793 
1 5525 4155 7762
2064 7926 9172 
1 195 1362 4001
2558 7836 326 
1 1362 213 4001
595 10108 7835 
1 6301 3686 9995
12353 5904 17019 
1 2667 7061 7771
13843 12348 12349 
1 335 4003 8600
16943 14054 12624 
1 7338 3051 8638
18810 1334 17263 
1 3205 4309 4325
17687 4450 8471 
1 5453 4004 8938
7291 17531 10111 
1 3395 1123 7145
10457 3355 11350 
1 588 1073 9147
9814 5307 7081 
1 5115 1569 6692
10025 5014 17260 
1 578 5909 9929
11581 2214 4984 
1 9846 3041 9847
19319 8016 3484 
1 3603 4439 9297
5914 238 3822 
1 1733 1956 9412
13376 12584 6813 
1 6291 5871 7378
12328 9478 14462 
1 4261 8382 8635
5919 687 11031 
1 4010 1827 4071
10626 2170 16774 
1 1522 5339 5423
4752 4378 3567 
1 4697 5292 5605
7950 8411 10986 
1 5882 5177 6087
8998 11530 11929 
1 2755 6087 6310
11718 11530 4554 
1 1363 4178 9627
7419 4119 18887 
1 6071 5711 9592
14849 7515 905 
1 3670 5712 6849
11196 4862 13424 
1 4212 1735 4410
9390 1331 8639 
1 4015 5156 9177
10105 17997 9707 
1 4954 4955 7070
4340 13860 7173 
1 1278 3705 4016
6862 2304 7864 
1 3806 1278 4016
2481 7863 12137 
1 1771 632 4270
3276 8361 4507 
1 7630 2305 8894
14957 17205 12504 
1 5774 7199 8057
13809 14112 7868 
1 5321 5774 8057
7002 7867 15798 
1 5253 5572 8755
8454 7452 10920 
1 3919 4019 7905
4353 7287 10441 
1 8081 4699 8974
15846 11619 11620 
1 1238 4021 7362
9941 272 14430 
1 331 1525 4021
2972 862 5789 
1 7474 3062 8917
9607 5345 5759 
1 950 2943 7663
5611 5758 15024 
1 8183 4078 8424
10373 3689 5095 
1 5672 7415 8470
2547 1534 16612 
1 538 8414 8855
1514 1513 17368 
1 6308 551 9926
4173 7605 19471 
1 4425 7684 7960
3282 4564 15062 
1 2304 3831 4026
10104 7882 7501 
1 3831 133 4026
7502 10690 7881 
1 146 6343 8265
13543 12038 12629 
1 1868 6773 9636
13230 18904 14110 
1 4028 793 4609
5870 6142 1039 
1 4938 5323 5692
9030 9675 10428 
1 1329 4807 9477
7521 7047 16997 
1 5081 4029 9477
756 16997 9418 
1 2308 1402 4030
16901 7890 1904 
1 1402 3296 4030
2898 16989 7889 
1 2017 2592 9718
5069 19065 6410 
1 4031 5905 7655
6406 18668 3582 
1 7472 5991 9256
14144 15409 14646 
1 1178 8055 8379
15793 162 14647 
1 4033 1658 6432
7526 3252 983 
1 7627 4813 7839
19045 6171 6504 
1 4034 6167 6855
2916 17136 3152 
1 3522 3944 4677
6672 17585 9163 
1 6799 7853 8317
12273 15399 14262 
1 1578 4523 7229
582 15283 14173 
1 1733 4419 6824
5488 11228 13376 
1 3189 2467 9639
3681 18800 11614 
1 7215 4800 7572
11740 16395 14308 
1 8455 8355 8599
9317 2266 16186 
1 3811 4038 4098
18640 3450 17486 
1 2764 3027 6819
8023 18827 11351 
1 532 7727 8925
15148 3365 9178 
1 827 3592 4039
10529 527 11369 
1 5592 6945 9105
989 3746 13908 
1 8553 2867 9313
2965 2442 840 
1 379 9162 9163
17969 7102 17971 
1 3862 6262 9648
12621 7413 7563 
1 3321 1666 7285
19417 8578 46 
1 7336 6612 7436
12958 1096 16082 
1 239 3563 4043
16228 7916 1827 
1 3563 340 4043
6978 667 7915 
1 786 559 4044
8222 7918 2800 
1 559 1864 4044
6357 16508 7917 
1 6801 8024 8236
13329 13509 3623 
1 6182 7334 8207
12114 11550 3757 
1 7415 5601 8768
13848 3686 10978 
1 4585 2077 5575
8982 8702 10927 
1 4047 8674 9679
5785 3758 5784 
1 593 7818 8316
15330 7066 16309 
1 8797 5520 8902
3883 5573 9842 
1 4155 4682 7762
6850 6206 7834 
1 3550 930 4767
11611 7224 9340 
1 2517 1872 5462
7929 8676 2540 
1 1872 2517 6922
7928 13569 2498 
1 4332 8499 9833
2753 8086 19293 
1 3255 5328 7386
6705 2307 14477 
1 4494 6538 8899
6237 6236 12538 
1 4150 4250 8612
367 4304 8125 
1 5030 1081 9461
2658 946 590 
1 229 4467 9098
8750 13035 15117 
1 843 4054 4512
14800 15058 7937 
1 3655 843 4512
10226 7936 10551 
1 5436 705 5851
12635 4029 307 
1 9892 67 9992
19586 -4 19589 
1 5479 8083 8998
15850 10737 10274 
1 2029 1877 8083
18355 203 15849 
1 3154 7239 8266
14193 9235 1780 
1 3266 7636 8631
14969 9952 7585 
1 3251 5077 6281
4562 2554 12309 
1 4058 2334 7971
3655 8220 16368 
1 7600 3099 7601
3878 14900 10686 
1 5160 4059 7702
2958 14902 14903 
1 7924 4978 8069
9752 2844 8138 
1 4159 3934 4354
5475 1127 15822 
1 5292 4697 5405
7854 5628 10788 
1 5504 4061 5768
3227 2926 11306 
1 5276 6750 8062
9976 19087 15808 
1 4484 962 6622
14845 2247 10272 
1 4163 4766 7372
9338 14450 1528 
1 3934 1811 7896
7703 15483 7555 
1 1866 4685 9860
9179 5715 6709 
1 2822 2823 8579
11316 3817 4666 
1 974 4065 4909
19073 18698 149 
1 9121 9141 9722
2134 5176 11042 
1 1865 7685 7861
3601 5040 15416 
1 5785 4347 9505
1694 5682 17945 
1 2357 9145 9530
17935 9725 1470 
1 6197 5700 9974
11962 19557 16276 
1 190 3794 9643
2088 958 18919 
1 1882 1969 7274
10090 8900 1983 
1 1016 198 4069
3012 18476 7967 
1 1055 1016 4069
16365 7966 7774 
1 5762 576 9350
8078 13014 2072 
1 1583 4323 7713
4534 16319 1111 
1 1670 6511 8325
6666 2761 16327 
1 6154 9313 9541
18267 1482 14049 
1 2903 3963 5353
12282 3264 2406 
1 133 1113 5455
7502 1946 10690 
1 4886 4986 8092
13625 5123 15867 
1 5626 4883 6431
9372 5478 9567 
1 3026 6850 7727
13425 3365 13529 
1 3311 2726 6226
18367 4933 12200 
1 6485 894 7946
13784 13190 15583 
1 6729 7360 8095
13186 9104 2180 
1 6370 6866 9614
6608 7981 18861 
1 6866 6093 9614
1563 7222 7980 
1 5346 436 6841
10475 4127 10139 
1 5441 9372 9843
18381 16284 13074 
1 2818 104 5703
3973 11178 5511 
1 5295 5195 9289
17421 3379 18218 
1 5159 2625 9752
18158 2854 5009 
1 7240 7690 9847
12881 14194 2053 
1 9232 594 9969
18999 4552 3629 
1 7743 6329 9284
15180 12049 16149 
1 3857 2202 4322
7998 6403 7554 
1 845 1036 4797
17351 3749 9399 
1 6237 5410 8343
239 16361 10903 
1 4230 5885 8541
10744 3332 12222 
1 8876 3623 8994
17411 796 3364 
1 1338 3776 9032
16949 17715 2346 
1 5958 2074 8751
4052 13385 11673 
1 1144 5613 8255
11001 9422 95 
1 2202 3857 7565
7990 14831 5585 
1 5531 4086 7173
6596 7613 9595 
1 7496 9142 9604
387 15931 17929 
1 4286 1111 4387
17048 8593 2380 
1 8685 516 9776
1302 9334 -5 
1 461 1756 5460
-4 684 8527 
1 1756 2082 4088
-4 2470 684 
1 4560 6792 9361
13311 13705 638 
1 3754 6389 6489
7354 1366 12717 
1 5037 5137 9972
3620 15676 19554 
1 1495 5137 5513
18969 4936 10804 
1 4834 1099 9890
9469 3268 11293 
1 9411 5765 9453
14981 14298 18138 
1 3203 3216 6230
1912 3683 7073 
1 986 3203 6570
6296 3667 9508 
1 1681 351 8706
14700 3914 17076 
1 2192 2638 4093
2512 5245 11920 
1 604 390 5904
891 11768 1165 
1 3041 1011 9847
-4 19320 7847 
1 2562 1465 7886
10084 19513 6790 
1 4809 4399 9465
2030 2219 18566 
1 3383 2676 4096
14744 1071 6625 
1 762 4589 4798
8990 4081 9401 
1 1653 1585 6015
8763 15344 3226 
1 2764 893 4098
5542 16087 8023 
1 3027 2764 4098
7906 8022 3450 
1 437 3600 8376
19581 7050 16426 
1 2883 119 8960
18037 3456 8489 
1 7741 5478 9302
15176 18244 10574 
1 2092 7531 8859
19010 15926 17376 
1 6252 5578 8192
3137 2815 12251 
1 642 9082 9402
17813 11764 13274 
1 2136 2569 4475
15559 1774 6429 
1 916 9202 9364
18046 17079 1593 
1 5879 8929 9788
17514 9274 15972 
1 3493 6776 9708
13279 19044 3570 
1 5427 1001 8463
10597 10635 18965 
1 3399 3240 5267
13249 1941 692 
1 852 8631 9148
16930 7021 7690 
1 3585 7226 8347
14166 12308 3724 
1 1535 3122 9918
9884 858 3435 
1 4306 2594 8976
13851 17606 8231 
1 7632 4107 8575
14456 16817 4253 
1 3545 2557 8575
5309 4253 6942 
1 397 143 4208
4337 5073 2991 
1 1535 5150 9771
3435 19171 1761 
1 2762 4501 6068
9011 6401 8816 
1 6068 3269 7666
16873 14289 11269 
1 8898 3407 8965
3151 9162 13252 
1 4981 6762 8965
17627 17453 8826 
1 1896 5999 6615
11755 4501 12965 
1 3398 6615 8510
12965 5408 12964 
1 3012 7433 9478
14571 6830 5896 
1 6208 3313 8479
6489 12164 7448 
1 5846 5416 7272
8053 3101 9794 
1 2530 5416 5846
17573 8052 11458 
1 4571 2959 9025
112 6192 7402 
1 3163 4114 8826
17702 12255 9283 
1 4748 3300 7646
6384 4376 3172 
1 3261 8730 9013
5384 11301 9496 
1 638 4805 9952
16134 5039 6599 
1 4116 6880 9952
13484 19518 3976 
1 4117 5572 6872
8453 8454 8452 
1 4316 4317 6872
3350 7472 13469 
1 4190 4019 4570
7287 4491 8263 
1 4438 2297 4570
7202 8951 8694 
1 2838 8723 8955
3820 6548 3761 
1 8039 4998 8534
5552 1222 19352 
1 9672 9027 9736
7583 4922 13258 
1 3371 3370 7841
974 10757 15376 
1 1114 5149 6260
17797 1715 3847 
1 688 3349 4121
2135 738 5574 
1 2302 7180 9946
14076 4375 890 
1 4122 2146 6780
19508 12593 12592 
1 4123 1980 4620
934 9051 3838 
1 508 2551 4123
15520 3837 3838 
1 4672 9272 9555
18184 8757 8960 
1 5302 4773 8353
2865 9160 5341 
1 6861 1457 9124
13447 13048 -6 
1 5762 6472 8305
12683 16287 8078 
1 576 5762 8305
7968 8077 12682 
1 9101 3037 9367
5518 18371 14210 
1 5724 5684 6121
6888 7083 4419 
1 2183 2907 9330
8340 4943 8831 
1 5359 5358 5459
12067 10501 4505 
1 6117 8928 9670
701 15461 14327 
1 368 3557 6808
12903 13539 3797 
1 342 3158 9137
9549 144 1913 
1 8499 9678 9833
5267 16669 7930 
1 1503 2981 6980
3813 10243 13684 
1 6838 4390 9316
4089 6333 4532 
1 3782 4132 6232
7409 7725 393 
1 583 5949 6793
4876 516 12834 
1 3835 3499 6621
7510 12977 7241 
1 4111 2674 9428
6656 6207 18492 
1 2949 4624 8022
16213 4316 15728 
1 348 1050 9692
10161 1536 16925 
1 6691 948 6917
19208 11901 13559 
1 9249 7802 9277
6633 15988 3821 
1 3239 4136 5307
16653 5713 583 
1 3983 4523 8491
18735 582 5359 
1 4137 2587 4820
1619 9442 4217 
1 1139 836 4137
1459 1619 16517 
1 6783 4274 8205
6272 6170 12450 
1 3966 333 4821
7767 591 9445 
1 4139 7532 8696
8305 17863 7709 
1 4243 4143 9435
5497 94 8304 
1 4666 8180 8849
10733 3246 13189 
1 5477 1741 8180
6027 16039 10733 
1 2042 3265 6703
3815 6393 13138 
1 2042 1606 4722
11860 1154 3815 
1 4842 4304 5334
14936 5010 9742 
1 2784 4018 8342
17590 8429 13182 
1 5078 4668 8572
9145 2574 7336 
1 4341 4342 9435
7201 5496 8113 
1 4241 4341 9435
8301 8112 18506 
1 4243 741 5865
8304 11496 8308 
1 6420 4935 7201
16484 7196 1911 
1 1545 6054 6908
1335 9896 1427 
1 3908 1556 5731
4371 2056 7652 
1 4146 413 5731
11407 11233 1857 
1 356 550 4213
11945 18721 5820 
1 2974 4213 8838
5820 12496 17335 
1 2902 6656 9278
1442 18196 4789 
1 6864 2461 9278
11089 16860 18197 
1 7313 4687 8946
2163 7148 13429 
1 1739 3159 4149
5524 3396 7545 
1 1116 4150 8612
1046 7933 1728 
1 5147 1276 9030
8513 17711 5156 
1 3903 2785 6948
15708 13621 15905 
1 401 8312 9540
16301 10867 6677 
1 4152 1941 9093
19265 17835 3603 
1 4826 700 8243
8836 4382 3528 
1 1908 5300 6429
5295 4850 2292 
1 5154 6341 7644
979 15837 2545 
1 4808 2845 6225
15751 7821 4941 
1 6137 4511 8033
12290 3605 5375 
1 443 1373 9203
6952 8136 18049 
1 1373 4413 9203
2439 10592 8135 
1 8069 4775 8640
8706 16946 2758 
1 4354 7924 8069
9751 7948 15822 
1 7810 3392 9763
11409 8241 14221 
1 6541 7383 7810
14472 14471 15314 
1 2695 3765 8569
1790 14853 16805 
1 7576 6774 8569
8517 16806 6249 
1 162 1824 9186
8730 3561 18016 
1 2824 3003 9186
16573 18015 5474 
1 7177 4296 7826
3690 16960 15346 
1 998 4996 9822
6102 19271 17420 
1 5374 3356 6298
1845 8840 12343 
1 4513 5990 6995
8683 706 10530 
1 3252 3975 4951
13507 7784 4056 
1 2428 3748 4162
15871 6439 588 
1 4811 1637 9641
7561 3194 1305 
1 1811 712 4262
7703 15724 1377 
1 1055 7919 8345
1378 4938 16365 
1 4164 5064 6540
14396 9425 2782 
1 1282 3094 6403
4976 3957 6057 
1 7335 2533 9503
1353 7411 9717 
1 2243 79 6878
5657 944 3991 
1 5555 6620 8593
12975 10488 11526 
1 20 1968 4848
11035 11470 2948 
1 9306 3130 9407
18250 18648 540 
1 9608 8684 9609
3426 14359 16325 
1 6385 3357 6860
2352 11618 8163 
1 6385 6860 7961
8162 9203 11617 
1 3914 2641 7968
16117 15623 5988 
1 4630 5384 8626
10550 6380 13888 
1 4807 549 6743
13398 8167 4701 
1 549 1303 6743
2583 15093 8166 
1 6113 1726 6214
11978 12178 5104 
1 5467 6116 6705
12183 12177 2370 
1 3067 5376 5564
6073 1651 10905 
1 2129 8341 9136
16357 15052 12387 
1 2207 3342 4174
10546 8173 15780 
1 3342 1570 4174
17089 6543 8172 
1 363 3554 9939
5308 9640 19494 
1 1821 4921 5522
7663 9641 10820 
1 5995 9716 9808
19061 17580 27 
1 4183 5170 7066
8367 13853 10632 
1 4412 7805 9198
6550 872 8223 
1 2443 2442 9623
4773 3641 1153 
1 277 5402 8985
13863 17622 11034 
1 897 3304 4178
11323 1738 10585 
1 8313 834 8588
16303 7296 9376 
1 2099 3725 5354
2198 8330 4231 
1 4599 2141 5517
9204 7491 7490 
1 6860 4257 8372
11618 9195 9203 
1 2018 7744 8785
11784 14672 9058 
1 7356 2081 7744
11783 1436 7115 
1 5616 2910 9738
8382 19104 17049 
1 4381 4281 5881
18786 7689 11527 
1 4176 7720 8427
15133 2804 16277 
1 1471 4124 4273
14811 245 8366 
1 4184 1617 9022
4776 491 8686 
1 2716 1369 8104
13607 14284 15890 
1 6566 1880 6567
7113 6607 3671 
1 2008 4744 6563
9295 10448 949 
1 2025 3208 7647
4576 14729 14992 
1 8025 9083 9750
15734 10668 3843 
1 4187 5430 6104
10908 10640 7394 
1 2809 2264 8983
15495 4424 8537 
1 1477 5126 8694
10046 16083 654 
1 9205 3676 9247
7401 3722 18136 
1 3977 4189 4720
16017 7594 11384 
1 4117 4118 5395
8695 7451 10572 
1 5451 7605 8305
2474 10682 3086 
1 166 8032 8407
12732 15792 5085 
1 898 8054 9886
-4 16485 13094 
1 7973 5884 8539
15634 16748 11534 
1 895 5689 5690
11151 9890 11148 
1 4226 5068 7758
17102 131 9910 
1 7758 3281 9019
9930 6425 17690 
1 5413 6499 8258
11559 11905 3872 
1 2679 4539 9425
8399 5240 8604 
1 168 2399 6049
117 3417 3573 
1 4805 453 9523
16133 18681 17853 
1 6297 8093 9130
15528 9241 3492 
1 597 1064 9835
5762 6870 19297 
1 6707 3423 9635
11968 9822 18903 
1 5116 4340 5332
8414 6540 9657 
1 4705 5546 8538
6781 6062 13572 
1 2334 2409 7971
13020 15629 7945 
1 1587 6643 9171
10323 7346 18687 
1 559 786 8923
7917 1523 945 
1 8327 4412 9198
2799 8178 1524 
1 2493 2801 4201
4595 8225 10303 
1 2801 2352 4201
16281 12099 8224 
1 258 6658 7449
13050 13049 9877 
1 2995 2216 9571
17037 4349 18775 
1 1045 4583 7254
8977 5089 4225 
1 5303 8304 9843
16285 6413 19312 
1 4106 1911 7766
19456 758 7254 
1 4206 4306 8976
8823 8039 8235 
1 4198 6912 9940
5757 15843 8500 
1 3463 2942 4205
3508 4857 13548 
1 6194 1003 7766
7454 12138 758 
1 143 4206 8976
4337 8231 5073 
1 2060 6128 9369
12008 660 18376 
1 355 3964 4207
16816 518 6063 
1 1147 4208 8976
4202 5073 18262 
1 8738 1147 9311
4202 18262 6843 
1 3392 5391 7835
11409 7506 10042 
1 3392 5821 9763
2645 11410 8139 
1 4632 5289 9134
5460 17912 8478 
1 1659 2358 4642
12907 9093 5569 
1 3455 475 7683
7069 15061 6764 
1 5772 2070 5873
3979 18427 11512 
1 976 4212 5931
11663 7269 9391 
1 1714 4014 6351
17172 18249 8638 
1 6095 7004 9543
13731 5725 1555 
1 5306 4147 8838
1830 6522 12496 
1 8755 3805 9219
7452 3346 4344 
1 4214 1714 4410
10291 8638 1331 
1 1950 3408 9702
3063 1511 13345 
1 6809 523 7098
3064 15673 150 
1 987 6445 8806
2587 2586 321 
1 173 4526 7994
8867 12577 1701 
1 3678 2297 8536
5744 7202 5321 
1 901 4415 4416
14620 2987 6185 
1 1226 3170 4601
4758 4589 9014 
1 3389 4496 8886
7567 17431 7214 
1 9270 9103 9273
17854 9240 4412 
1 861 3968 4219
15869 257 1411 
1 1716 5985 8449
11727 528 14325 
1 1716 4190 4570
14325 8062 8952 
1 5279 5075 5446
9254 1799 10341 
1 5028 8202 8694
6893 9849 17053 
1 4852 4222 6529
2651 10080 5425 
1 5143 223 6529
675 12794 10080 
1 5798 3719 9262
7363 18164 2371 
1 4223 2001 8647
11364 11702 11555 
1 4928 7651 8344
216 4673 6934 
1 1683 303 5599
-3 7518 10975 
1 1239 955 4225
9824 10685 8273 
1 3887 1239 4225
19039 8272 3688 
1 6513 854 8100
19191 16710 3522 
1 582 2441 9072
3027 17792 17101 
1 4663 3287 8656
6533 16977 9134 
1 2117 2782 6643
5442 3424 4154 
1 6443 6744 8828
6141 9674 8874 
1 8308 4228 8993
9647 17639 430 
1 1630 5283 5330
10349 18937 10443 
1 3591 3938 8639
11337 16607 6918 
1 1828 3753 5590
1754 8283 730 
1 5590 3753 8842
8282 16848 17344 
1 8764 2513 9041
14227 17189 69 
1 7 3083 6354
10703 10531 12452 
1 3329 3948 6532
13262 514 12801 
1 9521 8873 9522
7339 18478 2325 
1 8870 8210 9902
5879 13486 19428 
1 3815 2087 4752
16648 17218 8374 
1 3444 599 9942
424 3487 2937 
1 3693 4222 5841
1773 2651 11043 
1 2273 1744 8440
5592 16551 7272 
1 4846 1468 6813
9494 6038 9663 
1 5820 1600 7319
6563 567 3119 
1 309 173 9906
8459 19432 2675 
1 5388 7597 9007
17608 1993 17666 
1 4237 8704 8803
18391 17071 10558 
1 6759 7754 8082
7638 15201 15848 
1 1644 4554 8565
10821 3556 16798 
1 9264 8916 9445
7528 10177 4906 
1 4341 4241 9564
8113 12940 6546 
1 3500 8261 9884
16200 6578 16547 
1 1482 5095 5660
12154 1441 5294 
1 741 4243 9435
8114 8104 5496 
1 7532 4139 9445
8103 14766 10177 
1 5930 7449 9912
9215 12516 19445 
1 434 1093 5041
17679 2994 4197 
1 3677 4243 5865
8309 8114 5141 
1 3677 4144 4243
11435 5497 8308 
1 9305 2318 9306
9335 18250 1031 
1 8605 1006 8705
7654 13833 17074 
1 1832 1294 5739
15142 15340 10669 
1 2608 5434 5594
14950 1775 16500 
1 7723 7722 7823
3852 11248 704 
1 3523 6188 7620
7144 12125 14938 
1 4619 4983 5832
10877 4493 5965 
1 2439 194 4247
4766 11431 7674 
1 5711 7574 7683
14849 11194 7515 
1 2961 1451 7085
2130 11497 5383 
1 459 4429 5602
3970 1972 97 
1 328 2591 5348
7205 5367 1520 
1 4550 287 9467
892 6619 18570 
1 8177 2684 8868
18854 11135 12812 
1 4251 3855 4575
11812 1662 1131 
1 9889 1284 9943
19402 2686 4207 
1 2306 3199 8514
8450 5734 16699 
1 5609 4252 8514
4509 6667 5734 
1 3876 7963 9107
-4 1729 3783 
1 1755 3597 9204
19430 -4 6566 
1 5354 3725 6157
8183 1656 622 
1 636 4334 8135
17575 1826 1238 
1 2139 1802 7782
4178 15257 5912 
1 4255 1328 4877
2977 1481 7267 
1 7178 6471 8357
6903 6069 12681 
1 5849 2075 9391
8587 2822 5690 
1 4257 3357 4305
11618 13692 1991 
1 5413 4294 8576
3872 16819 11106 
1 4857 4485 5622
13136 4824 17996 
1 9454 5713 9621
17066 18875 18000 
1 2907 2183 5360
8081 10499 5223 
1 236 4128 4259
10306 4942 10502 
1 5424 51 5815
6514 10628 4709 
1 3436 3418 9197
18414 2110 16437 
1 6221 2495 9662
4561 7634 11507 
1 8020 7345 8230
2393 1169 14397 
1 4766 4262 8230
3536 15724 1169 
1 2282 3939 5512
13492 10802 2957 
1 6437 1490 8402
7713 -6 16476 
1 6490 7640 8145
2359 17621 3420 
1 429 6844 7310
5888 14329 14135 
1 2555 4265 6400
1002 16187 8352 
1 3497 2555 6400
8613 8351 2138 
1 3152 3470 6832
19454 17094 3481 
1 3036 2158 8715
2561 2062 9190 
1 728 4267 5021
1204 5170 8864 
1 3151 2808 9199
6700 7433 18042 
1 3982 8174 8274
16028 15830 16227 
1 1162 8173 8272
1376 12678 16206 
1 8282 2502 8460
15667 16592 2683 
1 8480 8580 8581
7010 14542 1147 
1 632 2165 4270
10490 8362 7865 
1 2165 2529 4270
12065 17806 8361 
1 2292 7555 9272
10570 12468 18185 
1 3515 3223 4273
19243 3807 4480 
1 1949 1440 7473
16656 14648 176 
1 4272 1471 4273
10175 8191 8368 
1 4183 4273 5170
4480 245 8177 
1 4272 4273 6414
8366 3807 7191 
1 7550 1404 9045
5335 17741 14843 
1 8205 6274 9497
17025 16462 12450 
1 2311 4275 7305
-6 4518 5108 
1 7821 7028 9741
17043 17991 13076 
1 7554 8689 9406
15419 1510 11910 
1 254 3815 4752
7471 8289 13487 
1 6324 6042 7668
8946 10486 8756 
1 4533 3594 8720
8814 8880 17104 
1 2286 2288 4278
9180 711 9181 
1 4279 1044 4999
6344 13667 6199 
1 3512 3729 4279
7390 7304 6199 
1 2534 4280 4831
18896 3520 7830 
1 3227 1197 9528
2765 18691 11329 
1 4683 2910 5616
510 8188 8980 
1 6435 5881 8124
8590 11528 11163 
1 9407 4949 9408
18647 7344 18451 
1 1549 608 4659
13366 7077 16065 
1 3368 7512 9845
14726 8983 986 
1 4322 4182 6539
8464 8584 7554 
1 4365 5327 6629
6475 11668 5804 
1 4284 2869 5232
18812 975 5816 
1 68 3654 4285
12294 3395 8391 
1 4051 68 4285
15459 8390 19367 
1 8692 7099 9845
18787 8582 8983 
1 3936 8179 9637
16038 2379 5394 
1 179 4086 9604
7613 15932 6223 
1 2211 3368 4502
14726 6595 8818 
1 8901 8882 9479
2182 12561 8981 
1 5485 4303 8901
12574 17989 7277 
1 4539 2514 4631
2434 129 5240 
1 4539 2679 7501
8212 19358 8892 
1 5226 5023 7533
2202 10752 9840 
1 1042 5415 9351
4555 18339 12721 
1 8755 3915 9304
4344 12446 11195 
1 5956 6399 8996
11671 12447 1917 
1 6786 1659 9357
13299 14795 15654 
1 4844 2847 9331
18351 18299 4714 
1 2664 8854 9286
18433 8407 18213 
1 8854 3875 9286
1011 17367 8406 
1 1334 2977 5665
7016 10606 6628 
1 837 6684 9028
5239 4914 17708 
1 1654 724 8913
11377 10982 17482 
1 5605 5292 8913
7854 10590 10982 
1 5895 255 6663
101 3378 844 
1 7177 144 7559
17936 1623 5096 
1 3042 4340 5116
2989 8218 7129 
1 8080 5962 8245
6734 4940 6268 
1 4298 6953 8730
13631 11301 1278 
1 5481 3388 5866
9495 456 10741 
1 7612 7024 7656
5957 8833 5814 
1 914 1952 7656
4920 15009 8833 
1 6528 4906 9681
444 10540 12346 
1 1767 6463 7172
12665 12793 14061 
1 8295 9518 9603
1015 8735 8436 
1 2798 3934 9186
7704 5475 3561 
1 1588 920 9917
2173 18166 1354 
1 3424 6288 6353
12322 6706 18167 
1 6329 6416 9483
15180 11615 11372 
1 5771 5485 6410
16114 7277 12562 
1 3632 2853 6893
2899 11108 13511 
1 4018 6725 8342
4611 1852 8110 
1 2636 6075 6499
11906 1621 12736 
1 4349 6984 9512
8518 12906 15239 
1 4206 158 7065
1945 8628 8823 
1 4454 3461 5850
2472 1401 18270 
1 1106 5778 6854
11325 8888 8889 
1 967 3263 4307
6389 2486 1939 
1 4460 8295 9603
3121 8422 17382 
1 382 2536 4662
9578 9529 2577 
1 3448 4325 4895
1026 4450 7292 
1 5344 1928 7600
2435 3878 10112 
1 5419 40 8475
10619 9436 3206 
1 3045 5718 8906
1709 11210 7540 
1 8169 9043 9789
777 10587 9832 
1 1814 3115 8995
16407 2734 17643 
1 7432 7583 9524
10655 6552 10803 
1 4312 493 4973
2090 5378 14867 
1 6016 8335 9556
16346 11790 1608 
1 1808 1157 6016
17893 2837 1608 
1 5823 3225 7128
15552 6824 13975 
1 6224 1301 6876
10722 11515 4734 
1 3199 2306 6683
8326 4508 4603 
1 1312 2912 4315
1142 3959 13099 
1 4217 4117 6872
8455 8060 7472 
1 4117 1159 5572
10572 10921 8060 
1 5572 5253 6872
7869 1115 8060 
1 4117 4217 4438
8452 6245 8695 
1 8077 4153 9446
12427 4478 12948 
1 212 1482 8667
2871 833 17000 
1 4146 3412 7319
1857 3119 11407 
1 173 309 6971
8295 586 8867 
1 3678 2936 4420
5321 9762 1332 
1 2227 540 4320
4535 664 439 
1 3034 4321 8109
15509 7213 4580 
1 1118 1295 4321
5213 3720 9648 
1 4182 4322 8652
8387 6128 19300 
1 3270 726 4322
12482 7553 6403 
1 3895 3513 7563
10876 7628 14828 
1 704 7621 8216
221 15120 6877 
1 506 1579 4324
3105 8469 13175 
1 1579 1854 4324
5429 972 8468 
1 7846 1632 8537
9897 9326 813 
1 2722 3205 4325
5324 7841 594 
1 5692 4126 7605
9675 14911 2474 
1 4524 2234 5254
2566 3217 16112 
1 1496 8720 9727
17104 1210 6947 
1 9168 4327 9727
17981 6947 17103 
1 4175 2508 7393
10516 17589 11475 
1 3309 5855 8082
9857 6657 15201 
1 6782 4632 9134
15485 8242 12896 
1 4540 3709 7290
475 14290 14286 
1 2818 1564 4330
5511 4245 8481 
1 3429 2818 4330
10555 8480 8970 
1 8013 8012 8112
7642 10054 13620 
1 7407 7406 8702
16423 818 17069 
1 9312 2537 9655
18265 6187 9550 
1 2546 2537 5959
6187 4960 11676 
1 705 1052 9566
12634 2037 4029 
1 407 5509 9003
10797 4587 118 
1 2099 4254 8135
4231 15951 5920 
1 4099 2883 8960
1239 8025 16579 
1 5348 3479 9894
5367 13470 6419 
1 8936 4335 9496
5828 18627 5624 
1 1992 6155 8606
1297 9631 2851 
1 6784 2868 7394
5610 14494 11232 
1 3010 2630 9852
1270 12838 10465 
1 2232 657 4337
-6 5143 19330 
1 8213 8641 9911
16105 7396 8497 
1 470 8213 9911
16106 8496 19443 
1 3589 2424 7882
15731 17805 15457 
1 1109 4339 6941
6654 4736 9676 
1 6547 4198 9940
14161 8232 3209 
1 3042 3316 5962
9144 11681 2989 
1 3397 6711 9564
15730 1269 8503 
1 4339 3397 9564
7029 8502 18761 
1 414 741 4342
11496 5496 8505 
1 2810 414 4342
10364 8504 497 
1 1062 2988 9099
17444 10270 13046 
1 1870 824 4343
16859 3300 17845 
1 4344 5027 5536
5830 4830 10825 
1 495 1177 9266
402 6054 11011 
1 2629 4603 4647
4305 18635 1521 
1 2203 4449 7143
18569 8714 14004 
1 164 8808 8934
17712 5157 11495 
1 1276 5147 7265
8126 6737 17277 
1 7025 7298 9150
6614 10583 5593 
1 7399 1281 8852
16472 11721 11339 
1 1671 1063 9188
4132 7682 1683 
1 6774 7576 9188
8142 3369 7682 
1 4349 2636 6984
11906 7618 8431 
1 3890 1065 6075
1084 9487 5827 
1 5966 3371 6023
974 5817 6435 
1 2577 1990 4350
6209 5942 11689 
1 2046 1207 8412
8784 903 9694 
1 3019 5131 7033
3072 1849 9998 
1 750 3964 5958
518 4052 866 
1 2553 2675 6967
7726 3701 9653 
1 5460 4353 6025
2766 6360 8527 
1 461 5460 6025
8003 8526 -4 
1 7759 8592 8640
11062 12539 9355 
1 2693 2011 6317
5266 4511 12380 
1 7038 6888 10000
11810 11590 3951 
1 2024 1954 7536
10358 14774 3033 
1 2419 4561 4792
16053 5514 9389 
1 853 6669 8458
11739 16583 16588 
1 1721 6524 8455
4947 6277 16582 
1 816 5462 8748
1407 8676 8631 
1 1872 4406 8748
565 17159 8676 
1 1520 2809 8983
2877 8199 1699 
1 4941 4359 8506
1698 2463 2462 
1 9234 6264 9235
18110 8728 8540 
1 6664 9234 9235
13061 8539 6404 
1 481 5118 6323
12351 907 12391 
1 5118 2299 8035
17820 15953 907 
1 2571 6111 6181
921 11973 11418 
1 947 6811 6914
13349 9154 1141 
1 2513 108 7899
17190 6637 8807 
1 7253 6002 9763
4650 19155 11410 
1 743 1567 4364
4214 8548 2672 
1 1567 1068 4364
13092 4669 8547 
1 5697 8397 9590
12594 5612 6180 
1 2812 541 6247
801 11166 6179 
1 2881 2955 4566
19284 5450 5634 
1 1016 8345 8356
16365 4381 16387 
1 5032 4367 8948
13170 7068 16755 
1 3807 3122 8948
6112 9884 17551 
1 6722 6190 9094
51 10444 1818 
1 1520 5536 9068
10849 17784 15693 
1 5636 1051 8067
11048 5833 16545 
1 5986 2230 8437
8666 7489 5835 
1 3688 494 7107
9611 8799 2829 
1 2540 5379 7165
13654 47 8654 
1 1140 185 4371
11688 8562 19444 
1 185 2573 4371
831 4873 8561 
1 811 2204 5313
9778 1768 10069 
1 4372 1679 8522
617 11592 18946 
1 2967 1422 6859
9610 3158 13444 
1 4696 2124 6000
11781 1652 11758 
1 1340 3428 4374
1022 8568 3717 
1 3428 580 4374
579 13845 8567 
1 3071 2301 5508
6013 10795 7635 
1 2301 2801 4375
6013 4595 10795 
1 290 4799 6530
7294 11417 10983 
1 4376 290 6413
9167 12373 1932 
1 1684 8355 9023
2266 2639 2267 
1 7661 3736 8599
15020 16385 16865 
1 709 4779 5902
5432 9362 11568 
1 411 7138 9749
13994 2668 13010 
1 7983 910 9060
15653 17769 4323 
1 7285 1666 8043
7913 14280 10402 
1 1845 257 9827
3129 3791 3856 
1 6315 4380 9827
17286 19281 3791 
1 9577 4283 9837
11008 6944 16969 
1 7099 7811 9845
13919 19317 8392 
1 4584 800 7811
19230 15315 13919 
1 6539 4182 9837
8387 19300 6944 
1 3542 4511 9647
498 12290 5579 
1 4383 2748 6735
15406 5943 18295 
1 2075 5849 8357
8335 16388 14071 
1 7359 6471 8096
6069 7243 12326 
1 1848 6569 8427
6309 248 16526 
1 3873 5881 6435
187 8383 10878 
1 5980 6080 9183
1764 18010 3931 
1 6159 6085 6905
4556 6108 13535 
1 1111 3009 4387
19316 8594 8001 
1 3009 3179 4387
7742 3329 8593 
1 1829 4388 5357
15600 6287 9370 
1 5261 7478 7955
18462 9091 1121 
1 4289 5386 8125
10553 14705 6204 
1 152 4490 5238
2592 8796 10262 
1 4390 489 4869
13302 1303 6333 
1 2083 1883 9316
10376 4532 18272 
1 3280 4391 4623
5864 784 708 
1 2996 411 5641
13994 11057 2648 
1 1334 4392 5238
6628 6920 2152 
1 2679 9425 9867
8212 14694 19358 
1 238 5998 7877
11753 10850 15447 
1 2498 2602 8253
5088 16184 14772 
1 4202 2660 9571
2118 6210 2951 
1 5229 1515 8582
5832 1033 16832 
1 7216 9413 9683
14146 1875 4964 
1 2058 2226 5901
4255 4965 11565 
1 4396 4947 8762
10859 9692 17186 
1 511 6432 7541
12605 3252 1903 
1 2555 3497 5248
8352 10281 1928 
1 10 8248 8348
16175 10695 11577 
1 4896 9295 9610
18231 17184 2397 
1 3536 6879 7488
2395 564 5149 
1 6751 1048 6916
13233 1584 92 
1 3322 762 7395
2620 1318 4311 
1 7897 7519 9828
10360 19251 16055 
1 6659 206 6981
13681 5424 2998 
1 3356 5800 6995
19103 13714 8840 
1 1208 876 6842
14983 3581 13410 
1 2737 2723 7000
5353 1611 16273 
1 7641 8441 8674
15719 714 17125 
1 8598 8016 9049
4839 4840 9023 
1 394 2613 4404
11936 8627 11381 
1 2613 838 4404
1622 2475 8626 
1 158 4204 7065
15226 7644 8432 
1 6380 4504 9250
1259 18141 8824 
1 2579 4729 9334
15306 11646 2497 
1 459 816 8748
8632 8535 3970 
1 816 459 4407
8631 8633 6033 
1 459 3081 4407
97 6228 8632 
1 3472 3494 7830
10964 15353 15153 
1 4408 1125 6218
466 12185 2416 
1 2611 9394 9495
17802 4212 18626 
1 4333 1302 9566
17658 11467 18765 
1 4410 1714 6351
8251 8247 3388 
1 1399 4212 4410
7269 7860 3388 
1 193 6648 7470
13030 8641 14643 
1 6648 4411 7470
1501 426 8640 
1 6434 6924 8538
19552 10869 6157 
1 4705 3025 8643
13572 16951 9216 
1 5525 4049 9203
9172 10827 5137 
1 3689 2627 8238
-6 6951 4794 
1 2008 6463 9252
949 12472 3196 
1 296 4414 7133
18146 193 5671 
1 4214 1735 7458
1331 4654 2986 
1 5326 4415 5835
2987 4763 8650 
1 3119 5326 5835
10434 8649 11437 
1 3160 4247 8940
7674 17535 16741 
1 6228 2078 6327
13825 8653 3042 
1 6327 2078 7111
8652 17298 12204 
1 4076 2540 7165
12483 8560 14046 
1 3788 4448 7165
1433 10539 1051 
1 6623 757 8140
11516 2997 9333 
1 6925 4763 7026
13575 13579 13375 
1 5832 4718 6721
7627 9049 5965 
1 4323 110 8321
1110 8862 16319 
1 2628 4421 5763
6484 5530 5333 
1 8825 2626 9365
7698 17309 5728 
1 4320 4420 7563
1332 14827 439 
1 4524 343 8321
16111 16318 3023 
1 7859 1967 8103
6044 15888 10909 
1 5566 6391 7859
16711 12524 1404 
1 2660 2230 5986
10893 8558 11730 
1 4699 6048 9626
15846 7678 10727 
1 1890 2914 8340
5701 16354 10003 
1 6535 1925 8340
16036 15063 16355 
1 6134 4851 9660
6438 5844 5845 
1 8102 1838 9787
3906 11672 7714 
1 3967 4427 4834
10127 9470 1498 
1 3952 276 5658
10697 11091 10310 
1 4428 4966 9967
9730 19543 8815 
1 2311 1614 6014
5108 1607 9739 
1 5462 1872 8748
7928 8536 8535 
1 6367 4429 9673
1972 5903 5043 
1 641 4009 8382
12329 6694 5919 
1 1652 4430 5628
1811 16438 5777 
1 5207 2436 6031
5571 11818 10202 
1 5405 1502 9916
5628 10366 5894 
1 449 4432 7539
1139 11400 6304 
1 5990 4513 6246
8148 12239 1696 
1 2285 3847 8436
9689 3017 16544 
1 4433 8416 9743
16504 10866 19115 
1 4184 9022 9692
8192 996 8687 
1 3277 4184 9692
2229 8686 19014 
1 6211 3571 8094
16259 2624 9458 
1 7011 7631 7887
16875 14959 16477 
1 2144 383 8404
4762 12495 2571 
1 6882 6365 8215
3514 10768 1669 
1 2043 4380 8813
19281 17286 6594 
1 102 531 9868
140 14994 2777 
1 4118 4438 4570
8695 8063 7451 
1 4118 4117 4438
8203 8455 8694 
1 7420 6188 7421
7056 7144 11745 
1 2586 34 5063
4621 9920 6897 
1 3622 9866 9966
14716 13251 19542 
1 6213 1929 7582
3778 347 547 
1 4771 4441 6072
5848 11900 103 
1 4402 4442 9877
10926 4423 1299 
1 5575 2077 9677
7922 18984 2680 
1 2390 1857 8193
1123 8890 7655 
1 4443 6017 9814
18328 19255 16801 
1 3858 3758 6317
7556 12379 2160 
1 4775 8069 8845
8137 2844 3928 
1 3391 8289 9939
9873 8963 14016 
1 2278 4445 7901
4151 15494 2255 
1 4563 5515 9855
-4 19338 10807 
1 4447 8529 8787
16529 576 17236 
1 1169 862 8529
5431 16337 17699 
1 5282 4448 9730
10539 10347 3870 
1 1910 807 9730
14128 6201 19089 
1 4449 2741 7143
16033 5361 8511 
1 887 4801 5953
9103 9499 5071 
1 8184 7513 8918
1350 16047 1374 
1 9464 9598 9777
9889 15766 5650 
1 5627 1912 9193
4374 5956 18030 
1 5681 4452 8868
4075 18522 11135 
1 5681 2684 9611
11135 18854 16435 
1 9459 6150 9559
9535 18555 2040 
1 3411 9855 9856
19334 6680 19337 
1 3942 2476 8598
6776 4839 16864 
1 1273 43 5204
-5 10198 1952 
1 8842 8590 8941
16848 5035 17537 
1 4455 875 9242
17735 5963 16041 
1 6512 3348 9175
15169 10096 3163 
1 6264 1803 9235
14668 18111 8539 
1 8461 6398 9697
3981 5915 11061 
1 1824 162 8295
8143 16267 3121 
1 4458 4301 5643
16268 16852 5250 
1 2047 8285 9603
16247 18839 8735 
1 1375 5886 6966
11538 7004 13656 
1 1942 3613 8195
18125 11438 15389 
1 9518 2047 9603
18672 8732 8422 
1 2834 382 8285
14177 242 16248 
1 4461 6922 8727
190 15892 5755 
1 2667 5943 6790
12349 11552 13308 
1 8348 5172 8744
16371 17151 3441 
1 4265 8254 9665
16866 15795 16187 
1 2705 6483 9685
3646 18105 12258 
1 4288 8217 9483
16113 13149 11615 
1 105 809 4464
2693 8744 1329 
1 809 989 4464
733 5977 8743 
1 3110 7278 7281
14267 865 2384 
1 432 2614 7798
11851 15289 9237 
1 435 2976 9244
5561 18129 14654 
1 5300 2707 8077
6837 3657 2938 
1 4532 4812 7105
2389 9075 14779 
1 229 124 4467
12914 2422 7935 
1 620 4912 6763
9171 1953 9423 
1 2439 3119 9441
10434 1114 5320 
1 5192 4271 8780
2300 2803 6308 
1 1185 380 4469
2430 725 17221 
1 2039 1165 5249
3983 1037 11840 
1 6268 6324 7668
9706 8375 12393 
1 9272 5394 9555
12468 6173 8074 
1 788 4471 8780
10386 6308 17222 
1 4472 9947 9991
19510 9879 7487 
1 3201 7599 8713
14899 3742 17090 
1 5921 5618 7516
211 10623 11603 
1 2864 601 7524
11442 1518 14751 
1 1585 1653 4474
8021 8764 8817 
1 1653 1753 4474
3220 5403 8763 
1 4475 8832 9690
17324 913 14764 
1 6361 5598 6559
12466 3251 14576 
1 4476 842 5694
13022 7207 6985 
1 6921 5694 7671
5958 11160 10125 
1 6935 7983 9056
6227 13595 4104 
1 8756 4923 9375
1097 15131 4322 
1 5786 21 6809
2212 11341 13346 
1 8942 21 9359
7795 2212 2204 
1 6258 5350 7398
1405 9164 12262 
1 5696 4678 7398
6127 10483 18220 
1 2892 4152 4480
1645 8776 16270 
1 4152 2045 4480
3603 3995 8775 
1 4589 1353 9854
2227 19332 4081 
1 1790 7667 8823
15031 11268 14288 
1 1994 1377 9300
665 11122 18241 
1 2135 1494 4482
4171 4170 4125 
1 2492 4615 5999
3929 9041 11756 
1 3833 1256 4483
12976 10847 3736 
1 4800 4755 8471
9316 16613 16395 
1 1207 2046 8163
8522 12301 1379 
1 2835 471 7358
6481 14422 5546 
1 6913 5311 8562
16797 10404 9939 
1 278 6695 7595
13122 4078 526 
1 4664 2088 8297
15659 9136 16272 
1 7764 4487 8027
15035 15739 8790 
1 27 7764 8027
15221 8789 14314 
1 9071 4503 9775
3140 577 3139 
1 2208 3747 4488
59 3311 18680 
1 7073 2556 9243
4996 13866 10786 
1 2068 7199 8393
14113 11317 17519 
1 1253 6637 9156
13008 11063 17956 
1 5238 4490 6637
8598 11063 3410 
1 5544 6556 6557
16279 9148 12850 
1 295 1927 7401
13985 10128 7768 
1 7107 494 7584
8559 14036 10390 
1 3788 4492 7063
1051 15206 1737 
1 7297 1615 9385
14305 10509 480 
1 4091 5761 8472
10309 3763 1605 
1 596 4052 4494
2591 8804 2713 
1 4052 544 4494
16891 6237 8803 
1 6172 711 6347
10946 6652 5605 
1 7205 4495 9945
14581 4834 9800 
1 727 2513 7899
17189 8545 2295 
1 3588 2405 8886
7027 2646 2294 
1 4468 4497 4814
13305 3348 6146 
1 940 2560 4497
5004 3348 6145 
1 7066 6313 7720
16210 2804 110 
1 5551 864 7324
4657 5890 12874 
1 2768 4499 8997
5694 6066 17647 
1 4500 3594 4533
10420 8376 3377 
1 8625 4428 9967
5160 8674 3148 
1 4109 2762 6068
3946 8044 11892 
1 1585 4474 7825
8763 3423 15344 
1 4085 2211 4502
557 8395 8819 
1 4086 4085 4502
6596 8818 15932 
1 3149 2959 6336
6192 12417 16927 
1 4488 1957 9775
3311 16012 17790 
1 4719 4646 5356
9244 -5 10494 
1 4306 4206 7065
8231 8432 13851 
1 4403 6380 9250
-5 8629 18399 
1 2219 2594 4505
2215 5397 7719 
1 629 4981 8965
18120 8047 9162 
1 2249 6169 8486
19308 6695 16447 
1 3292 5809 9654
6447 2428 1260 
1 8246 5593 8392
5990 6302 -3 
1 2183 4508 5141
8831 13598 10076 
1 4508 2183 9330
8830 8081 6636 
1 5047 221 9192
13683 10244 14757 
1 7024 914 7656
159 8419 8418 
1 6886 8252 9875
16183 3057 17412 
1 2219 4606 8064
4336 15811 15717 
1 2852 700 4826
17439 8130 3312 
1 1444 4845 9647
5303 18926 6935 
1 7916 5385 9622
1633 4488 18877 
1 4396 2296 5541
3924 10514 10513 
1 6298 3356 6995
8147 8621 706 
1 4039 4161 5800
7036 13714 11369 
1 3775 7282 9475
2140 782 15411 
1 8319 3258 9863
15011 6739 19350 
1 1639 4515 6574
6751 3273 1093 
1 1269 4557 8537
146 15385 9326 
1 8559 3909 8611
17082 16787 13106 
1 6889 8608 8709
16688 16883 9867 
1 1321 5075 8049
1799 3212 15783 
1 1081 6956 9070
13637 17788 12586 
1 7949 8678 8961
11699 15589 3091 
1 4863 2473 8678
9207 15589 17022 
1 2164 1881 9581
11169 4405 9720 
1 1998 1886 7598
12876 12509 14065 
1 2860 1775 6488
13174 6878 9761 
1 110 2227 7563
661 439 6246 
1 609 120 5812
8939 26 11393 
1 925 3326 8999
-5 669 17651 
1 3631 3076 8492
2885 7109 2886 
1 4522 572 5919
6915 11598 1024 
1 4533 1496 9281
17104 8881 14172 
1 3239 2920 8491
583 5359 16653 
1 110 4422 8321
6246 786 8659 
1 1552 1414 4524
2248 2566 3023 
1 64 728 5021
12280 8355 4482 
1 7815 2293 9362
575 15324 2883 
1 6971 8226 9166
16870 15674 1682 
1 4526 173 6971
8255 8459 1682 
1 8567 6546 9793
14068 10232 14067 
1 1768 2925 6390
5722 12523 6407 
1 4228 4938 6443
9647 8871 17639 
1 4938 3138 6443
10428 6141 8870 
1 6418 7447 9166
11333 17976 15674 
1 970 4529 7862
1291 15417 11334 
1 1274 6443 8828
808 8278 2033 
1 4530 1149 7712
17315 2567 9063 
1 4303 6416 9172
12574 6775 17989 
1 2721 798 9172
18543 17988 10749 
1 4911 4751 6975
3128 1242 13674 
1 469 2935 4812
17638 2615 9620 
1 3594 4278 8720
13792 180 8376 
1 1496 4327 9281
6947 3752 8860 
1 4733 4580 5196
1853 10183 2912 
1 7105 4633 7538
9076 17018 14779 
1 209 1372 4535
9087 8885 3747 
1 1372 308 4535
317 707 8884 
1 5833 2640 6787
5163 19571 3305 
1 5106 7964 9981
2897 4502 4091 
1 5778 1473 6854
9393 3167 8434 
1 1623 1106 6854
1874 8434 13434 
1 8193 1857 9345
8703 15913 8891 
1 4443 8193 9345
4530 8890 18328 
1 5386 4539 7501
2434 8399 14705 
1 4392 5665 7370
6628 16820 9072 
1 6840 4540 7278
475 9482 2165 
1 7278 3052 8739
9482 17140 865 
1 3395 3700 7843
7166 10956 10457 
1 5337 5400 9044
3461 17540 10581 
1 99 1307 4542
5237 8899 15173 
1 1307 2116 4542
18043 11921 8898 
1 7274 1969 9319
7965 18276 3848 
1 4121 1366 6260
14132 12266 5574 
1 5318 2455 9765
6785 2964 4018 
1 2127 2617 4544
4158 1351 10917 
1 5448 2964 5671
4539 10677 9099 
1 3358 197 9500
1195 9830 9017 
1 4004 4546 4895
8907 3766 17531 
1 4546 4004 7261
8906 7291 3197 
1 3929 6278 7246
13812 1509 12302 
1 5638 6946 7108
2531 13616 9711 
1 5476 5376 8270
1651 16218 6004 
1 1315 4199 4548
15630 5405 10534 
1 614 1946 4692
668 3913 9192 
1 4449 9467 9611
18569 16435 16033 
1 7015 4749 8489
2478 1471 9102 
1 1599 8435 9719
16541 1483 15896 
1 2997 1709 4551
1989 1413 9122 
1 6349 1796 7185
3097 1756 1609 
1 1784 4552 7929
12677 10383 14085 
1 686 5528 5593
10832 4785 10963 
1 6266 8132 8884
7631 17427 10638 
1 2278 5429 8362
2255 16256 13065 
1 2687 2464 9443
12550 18521 16099 
1 4555 1417 6963
17399 16391 5798 
1 4556 7985 8566
15657 4860 16800 
1 6775 7228 9279
13278 18383 6525 
1 835 4557 7396
8927 146 9618 
1 835 2722 4557
5324 4346 8926 
1 5655 4216 9511
15675 9547 1915 
1 267 2896 9654
14480 2906 2428 
1 6204 4559 8483
13966 3617 12845 
1 6682 7124 9337
13411 6869 11725 
1 4715 7798 9361
9237 3274 18359 
1 3335 151 5698
11908 9619 5886 
1 2819 5954 6506
11666 11579 12749 
1 1557 3474 4582
3538 6802 14667 
1 3037 448 5268
5518 4441 18371 
1 3816 2272 4562
18079 3026 5945 
1 856 2562 4563
3357 6042 10807 
1 120 609 9208
8856 5711 4649 
1 5040 1551 5529
13427 10670 9874 
1 7093 7672 8029
15947 15041 15831 
1 7154 8293 9293
13869 1367 1457 
1 4569 4469 9255
12726 1541 5340 
1 98 139 8233
18151 16386 5782 
1 4750 7153 8778
14023 9304 14022 
1 6042 6324 9725
8375 9706 2923 
1 3317 1576 9596
17389 8948 5175 
1 1576 9131 9596
17906 17972 8947 
1 4667 8775 9255
4795 7308 8950 
1 98 4667 9255
9142 8949 18151 
1 2297 4220 4570
6618 8952 8063 
1 4220 1716 4570
11727 8263 8951 
1 9223 1856 9224
18088 5790 2874 
1 7156 8234 9017
18833 6163 9917 
1 4572 783 5419
17469 10618 6053 
1 5618 5822 7868
3466 11411 10623 
1 2811 3780 8815
16543 1929 17291 
1 8814 3811 8915
17925 7462 17289 
1 4574 5426 7555
10569 10131 10570 
1 6362 4672 9555
10387 8074 18742 
1 5900 5389 7726
1863 11844 2493 
1 1474 815 4575
19188 1131 1578 
1 8289 7355 9939
10515 14017 8707 
1 6200 1406 8374
12094 5868 14962 
1 1769 5314 7842
1805 2378 14829 
1 654 4796 9842
9397 2235 19310 
1 8919 6143 9208
19262 18058 615 
1 6009 2731 8263
123 1184 2902 
1 1211 2079 4694
15611 16418 5959 
1 3429 4330 6675
8481 7206 13082 
1 3589 5856 8753
11477 9083 9120 
1 4534 4434 7538
16926 9272 17017 
1 4581 499 6962
2159 1330 16308 
1 6962 965 9338
13649 12661 16308 
1 7495 1809 8904
16305 6801 12723 
1 3574 5209 8187
2868 6750 16054 
1 4583 1045 5349
8228 1649 17228 
1 6977 6877 7152
13879 10254 3051 
1 4683 73 9801
9175 2433 510 
1 5505 4683 5616
9175 8382 11007 
1 6410 8901 9479
7277 8396 1854 
1 2077 4585 5964
7922 9378 4057 
1 7512 8692 9845
13918 8392 8386 
1 3954 8071 9320
5917 17299 18279 
1 211 790 7048
15213 2124 9789 
1 4997 2235 7048
-3 13818 2124 
1 4960 5317 9422
10221 877 17 
1 1401 4817 6797
5422 360 10033 
1 6344 1255 7083
12433 2631 3596 
1 4589 762 4716
8020 2620 2227 
1 2614 6047 6988
4662 4627 13700 
1 318 6047 9380
14796 12909 5111 
1 3117 4693 7343
2593 14393 7147 
1 4790 3467 9908
6346 6788 482 
1 7843 8943 9044
10956 10580 17740 
1 2578 6296 7145
11161 11350 2080 
1 8059 7403 8921
11924 14512 14671 
1 5177 5882 8539
7855 11338 12894 
1 3742 1895 6128
143 4582 12008 
1 958 6155 7384
11215 3614 14473 
1 5840 4962 6717
4157 13166 13114 
1 7232 8052 8515
5602 14179 14815 
1 1718 3616 5982
11340 17361 3232 
1 6704 10 9261
15981 649 16768 
1 7378 2590 9061
68 12367 13245 
1 7217 8966 9064
11508 11657 6972 
1 3877 5025 8741
10039 1117 9945 
1 5550 8673 9084
9769 5596 10924 
1 2141 6479 7467
12697 9211 9599 
1 1774 4180 4599
6627 3463 15240 
1 4501 2762 7825
8044 6597 1526 
1 1605 3004 4712
17370 4082 5880 
1 352 3789 4601
17756 9014 10458 
1 3789 1226 4601
7614 8258 9013 
1 2115 1381 7878
14311 1579 172 
1 1541 4602 5179
12833 2484 9566 
1 57 3358 9500
14676 8905 6449 
1 4643 3293 5018
15910 7176 9831 
1 2807 7347 9200
6216 9583 18044 
1 3006 3176 7347
6879 3771 3772 
1 3885 5994 7620
7608 212 12125 
1 3387 2372 7416
13204 16430 6809 
1 2759 8598 9049
16863 8625 1707 
1 578 7885 8064
15463 18610 5396 
1 6696 682 9761
13124 1585 1319 
1 1143 305 4607
1415 2604 19150 
1 7587 1664 9552
14876 522 18736 
1 5625 3001 7587
11287 1604 18736 
1 1338 4338 9911
11294 5503 7396 
1 5323 4938 8308
7886 9647 1361 
1 1533 5835 7055
11437 13108 13832 
1 6886 6688 7158
17412 15018 14033 
1 8980 4611 9462
17614 7564 2265 
1 5000 5197 7529
3861 735 12063 
1 8384 3579 8883
1455 16441 11809 
1 7419 8460 8480
4258 16591 1147 
1 2986 6895 7710
4451 13515 3341 
1 4614 6808 9910
3797 15865 9967 
1 5404 6708 6808
9966 13147 13538 
1 4615 3195 5535
4192 4871 9041 
1 4615 5535 5999
9040 4501 8781 
1 725 8028 8855
15740 16499 6841 
1 8329 8229 9583
3630 2012 703 
1 1738 2131 9508
2120 11915 18652 
1 95 5861 7489
19 14681 11914 
1 831 1386 4618
11563 9047 1610 
1 1386 349 4618
5689 2677 9046 
1 4520 7562 9980
14826 3465 12715 
1 4718 3047 6721
9243 5595 8658 
1 3168 180 5726
13934 11222 4049 
1 1980 218 4620
4665 613 8072 
1 4621 832 8298
-4 3390 15256 
1 8361 5977 9744
11712 19117 15691 
1 5145 4095 9258
17407 17406 5594 
1 2014 2661 6741
15727 16642 1532 
1 314 1362 4623
362 708 805 
1 1687 3932 8203
17633 3292 7312 
1 2500 2018 8785
7657 8186 17232 
1 704 5254 9519
6877 9064 3218 
1 3138 4326 7621
11157 10683 14940 
1 535 2422 7333
5091 13476 5899 
1 1091 4036 4626
17609 3190 12585 
1 4812 4530 7712
2615 8875 15118 
1 5254 4625 9519
3217 18673 9059 
1 1621 3113 7934
454 717 15558 
1 7637 4042 7736
1505 5779 14971 
1 8600 240 8699
16868 16766 12624 
1 8671 4629 8699
6055 17007 16766 
1 7870 7944 8133
7664 14282 4408 
1 7074 4565 7672
11449 15041 15042 
1 4194 6684 7370
4914 18486 14446 
1 4631 4392 7370
129 8893 18485 
1 3552 6582 9812
13290 14511 17030 
1 6480 436 6580
11111 10361 12899 
1 4812 2516 7105
15118 13929 8749 
1 4733 4633 7105
12710 8883 9428 
1 2785 8109 8209
15901 1635 16098 
1 8209 8309 8310
5939 4722 14333 
1 7225 4635 7373
14165 5773 1955 
1 4855 6928 7741
15874 7432 1060 
1 9417 4489 9732
18470 319 7619 
1 6036 6037 9326
11829 11631 11441 
1 5856 6486 8753
7636 9121 8971 
1 446 311 8023
11703 58 9796 
1 365 1187 6972
797 3498 2174 
1 7808 3108 8119
15310 15919 5271 
1 1372 209 4639
8884 9088 12805 
1 209 1914 4639
13011 2489 9087 
1 1136 5924 8070
10240 4879 15824 
1 513 3717 8115
12655 12520 1921 
1 7478 3867 7955
3571 15599 8596 
1 3212 1235 8383
10496 16439 7716 
1 2358 4210 4642
7192 9094 8243 
1 4210 3673 4642
4658 18300 9093 
1 2810 5291 5671
14842 9266 10364 
1 4645 4545 5448
9100 74 10365 
1 4029 6199 6836
825 12147 9417 
1 7108 4644 7147
13616 11981 14394 
1 656 5448 5671
10365 8904 11118 
1 2629 4545 4645
18529 9096 4305 
1 4803 1863 5356
11465 9245 -5 
1 2203 7015 8489
13752 8914 9306 
1 4801 887 6976
8715 13675 9407 
1 7360 6727 8095
14427 12234 7979 
1 6727 5756 7402
14427 11283 2114 
1 4649 7041 8462
13113 16596 10259 
1 6715 157 9790
17015 11902 11255 
1 1821 8619 8716
16905 13066 7663 
1 4857 5586 6702
4823 17408 13136 
1 751 5585 8415
12951 10616 1347 
1 2175 3817 8508
19138 9579 16687 
1 5637 4652 7331
9723 14370 11990 
1 6119 1221 7331
14750 12383 11049 
1 3415 1288 7530
17422 9987 5545 
1 1867 4258 4653
11198 1546 14762 
1 8668 7658 9806
1475 17262 19240 
1 1384 2031 8190
2792 9230 16060 
1 8729 3762 9024
17630 2773 2011 
1 356 6882 9322
13488 12473 11945 
1 4637 3589 8753
13042 8971 17169 
1 6486 6384 8753
12511 555 9083 
1 2997 4551 6339
8916 680 12422 
1 730 248 4657
18990 450 10476 
1 4658 4680 7891
15477 15471 15275 
1 6713 7011 8774
19458 16477 17210 
1 3614 8809 9768
17278 17274 7722 
1 665 1549 9010
16298 16065 17869 
1 7445 256 8005
3989 6771 1072 
1 3458 6052 9587
15696 1080 3988 
1 1248 353 4661
6002 3404 9131 
1 3508 1248 4661
9811 9130 2778 
1 7996 9282 9829
4959 5544 14884 
1 2503 1115 4662
10776 1540 14883 
1 5166 4663 8656
10120 8276 18430 
1 2662 4933 6358
9664 3811 4114 
1 2088 7023 8297
3437 10147 8788 
1 8681 8199 8746
9248 1571 17155 
1 3863 2350 9294
17642 15643 17478 
1 4337 3101 9746
5143 17253 5364 
1 1488 524 4758
12321 14246 3041 
1 2160 4758 8482
15565 14246 2857 
1 98 4566 4667
5782 9143 8950 
1 4566 1230 4667
5450 10065 9142 
1 3316 3042 4742
8501 9290 7134 
1 263 4668 5078
4835 8111 6493 
1 5247 1542 9333
14540 9534 18304 
1 7918 4669 8728
11245 4858 7132 
1 6556 4491 6557
1492 559 8797 
1 770 5589 6857
12898 10954 13244 
1 479 2719 8650
12209 12206 9151 
1 4853 479 8650
1087 9150 4950 
1 1471 5192 5394
10175 10174 14812 
1 3925 4773 8900
9160 9350 12553 
1 6914 6811 8649
8544 12961 6432 
1 3557 6584 6907
12903 10588 13539 
1 8291 8526 9482
16260 17317 10078 
1 707 1322 8774
6322 9330 13744 
1 1688 5661 6209
13257 7769 12166 
1 5761 3708 9890
7739 19403 9302 
1 4773 3925 8353
9153 16380 8075 
1 4676 270 7239
17940 12371 12372 
1 3407 629 8965
16842 8826 8046 
1 409 3522 4677
10912 7898 1712 
1 5350 3873 7398
14097 14502 8773 
1 8631 2267 9602
9952 4431 7021 
1 4969 6092 6113
11588 2369 16095 
1 290 4376 4679
8572 4122 9403 
1 4293 1289 8854
3044 1011 18432 
1 6834 3871 6863
15282 3184 13450 
1 6789 4468 6886
13305 5426 14033 
1 620 4006 4912
105 5101 8751 
1 4049 5525 7762
8644 7834 15218 
1 3800 3171 4726
19094 9258 6851 
1 8820 3023 9801
6347 19229 3047 
1 73 4683 5505
8979 8980 5692 
1 1903 1575 5878
10503 2004 2003 
1 577 3568 4684
1225 2789 10711 
1 1389 532 8925
6572 7907 5727 
1 1866 3426 4685
6710 563 7956 
1 2288 2286 7746
8377 4472 15186 
1 2286 4278 7035
8377 13792 5161 
1 892 4156 9803
15212 5916 19234 
1 8451 3022 9803
7360 4476 5916 
1 4688 2368 6583
13516 12901 7264 
1 4329 4688 5634
14365 7264 6290 
1 1874 1260 4689
5699 3075 9187 
1 3053 1874 4689
2678 9186 2321 
1 3721 3722 8876
15332 17410 13982 
1 6298 5990 7784
706 12342 2068 
1 7903 3036 8715
6873 8354 13389 
1 4985 5639 7592
5653 6511 5113 
1 614 4692 8178
8912 15193 12807 
1 3044 4591 7343
4244 6919 14392 
1 3582 4693 4694
14393 2593 9196 
1 4257 4169 8372
11560 10607 8185 
1 857 3582 4694
19184 9194 16417 
1 2651 4691 5858
4731 3141 11054 
1 6495 76 6915
247 7130 12508 
1 4373 7159 7160
15943 2976 14037 
1 4696 546 6320
11758 7249 11781 
1 8010 5608 9745
17889 1517 10992 
1 5504 2051 8913
11306 1402 10590 
1 7961 6860 8372
8163 8185 13445 
1 2141 4599 4698
8184 6014 12697 
1 2148 3504 6174
10728 1606 10053 
1 5474 4424 9626
5162 18885 4479 
1 4700 2473 4863
16828 8851 1348 
1 3464 4269 4700
9614 3459 1348 
1 6220 6670 7341
2564 13073 14390 
1 6671 6575 8700
1249 13075 10388 
1 6479 4899 7467
12696 1309 9009 
1 1800 3133 9588
18121 18808 6285 
1 336 6616 6768
4784 10769 3500 
1 8974 5199 9102
17602 17851 11620 
1 7449 5930 8974
8306 4298 14603 
1 4412 4705 8643
2799 8643 6550 
1 1175 2711 9816
5376 19258 18878 
1 2309 8698 9721
17061 16627 4515 
1 2414 3216 4706
4718 1912 17060 
1 1732 8044 8098
15773 15377 12530 
1 4707 1769 7564
14631 14829 1572 
1 1822 3515 4708
17581 9223 15134 
1 3515 4183 4708
4480 10632 9222 
1 5922 1193 8623
6773 1710 2703 
1 500 2220 8134
9779 15948 5342 
1 1850 8523 9117
5018 17985 16006 
1 508 2134 6277
232 734 5761 
1 6827 1047 6926
2122 7400 13577 
1 4898 2855 7728
4778 15149 5173 
1 8190 2031 8320
9117 4084 3089 
1 3004 2457 8837
3966 4613 4082 
1 72 5533 8892
10843 10716 13000 
1 6395 2323 6633
6230 10535 13001 
1 4676 4714 4776
12372 3477 17941 
1 8266 7239 9123
7942 12610 12873 
1 4089 691 9419
2465 18473 12911 
1 4715 432 7798
15005 8746 8932 
1 3322 339 6255
4311 12256 2438 
1 1855 1353 4716
5055 2227 13330 
1 9103 8093 9273
9241 7382 8260 
1 8093 9103 9130
9240 17854 8215 
1 2793 718 4718
7773 9243 7627 
1 718 3047 4718
4764 9049 9242 
1 4646 4719 6380
8822 1259 -5 
1 1863 2759 5356
16863 10494 9101 
1 136 2383 4720
18051 9247 7594 
1 2383 1251 4720
7584 2043 9246 
1 912 8199 8681
779 9137 14013 
1 1519 2119 8524
15026 13767 4139 
1 2344 6147 7046
4581 6996 7329 
1 399 4141 4722
9450 3131 12045 
1 4598 7490 9084
14682 10924 12714 
1 1414 2438 4723
224 933 2752 
1 1477 5075 5279
654 8264 10342 
1 2234 1414 4724
2566 2752 901 
1 4627 7785 9519
6894 3218 10293 
1 4625 2234 4725
3217 901 18673 
1 3171 1097 4726
7054 9259 9173 
1 1097 3835 4726
7509 7241 9258 
1 9011 3881 9184
17674 1202 12582 
1 7394 623 7607
14493 1322 311 
1 4965 5626 6950
9728 9567 13624 
1 5181 631 7857
3393 2729 3179 
1 907 6815 9334
13357 17229 15235 
1 7806 7061 9995
12348 17019 2541 
1 5671 5291 8114
9095 854 13154 
1 6711 6603 7570
7177 11117 9484 
1 2738 3531 4731
6606 9269 5166 
1 3531 997 4731
13316 881 9268 
1 457 1142 4732
5372 9271 1794 
1 1142 2436 4732
11818 5417 9270 
1 4434 1050 7538
1536 17135 8972 
1 615 124 4733
2422 1853 9428 
1 8929 6594 9788
611 15966 8032 
1 3655 1359 5219
17499 966 10226 
1 4934 7101 7860
13922 9667 12306 
1 3088 6280 7101
12307 4817 13923 
1 2698 4311 5050
7348 9279 10586 
1 4311 1712 5050
16464 16781 9278 
1 454 6555 8483
1758 3401 3617 
1 1344 3629 4737
1825 1416 12157 
1 7187 3256 8726
6191 1403 17116 
1 5061 3163 8826
17686 8055 3550 
1 4739 4112 6259
14570 616 4863 
1 3489 4112 9478
3025 14570 18591 
1 7200 2854 8839
6460 14114 1423 
1 9517 4839 9688
13702 1948 3835 
1 535 1635 4741
5899 9289 5091 
1 1635 3486 4741
6825 2343 9288 
1 3042 3641 4742
7129 9291 9144 
1 3641 3741 4742
7327 16812 9290 
1 6350 2247 9922
17794 5533 7577 
1 6074 2109 6173
4935 12096 11903 
1 35 1638 4744
935 3922 9295 
1 2008 35 4744
3196 9294 8195 
1 1713 55 4977
16412 14434 3345 
1 695 3382 8182
1040 2832 17693 
1 8836 713 9170
17331 16716 15807 
1 4746 740 7966
12163 3997 9695 
1 4927 602 8151
13658 15982 12212 
1 4876 3383 6823
3578 6625 5190 
1 4115 5761 9890
3763 9159 7814 
1 1099 600 4748
9469 6384 3268 
1 7153 1500 8778
1671 9310 8945 
1 4849 4749 5953
532 5071 9406 
1 4550 2203 8489
18570 9102 892 
1 2637 6976 7015
13676 13675 13752 
1 3484 1038 9717
14009 7699 9978 
1 579 4751 7078
10160 4317 13877 
1 1500 2038 8778
19078 543 9304 
1 760 4277 4752
9705 7470 17217 
1 1341 2853 5251
11108 10063 6256 
1 49 5936 9326
11632 11441 2606 
1 7272 4754 9162
14255 10184 9794 
1 4754 1167 6519
14255 77 2025 
1 853 4755 4800
16588 8783 5910 
1 8355 8455 8456
7904 6277 3287 
1 5793 6219 8781
3738 17223 14469 
1 4756 3615 5793
17364 7125 14469 
1 584 80 9759
9908 1126 10179 
1 1395 3663 4757
356 2636 19409 
1 2160 1467 8830
2857 12415 17319 
1 5477 4666 8482
10733 401 1749 
1 4840 7091 8739
13903 13706 13699 
1 3052 4540 7288
9482 14286 11459 
1 1632 1269 8537
6949 8845 8470 
1 3448 2277 6574
7292 12884 3273 
1 5381 8368 8467
14909 10853 16606 
1 5751 8979 9131
2931 2425 11273 
1 1322 8403 8774
5288 2464 9157 
1 2433 7631 9092
14959 15833 15070 
1 4763 1008 7125
13575 3789 12235 
1 4648 6623 8140
19451 8656 15960 
1 516 186 9776
17374 19180 8002 
1 186 2318 9305
17375 8310 16122 
1 2140 7522 7986
7706 14746 16271 
1 7345 2786 7372
17827 16146 14450 
1 4163 191 4766
17046 3536 7954 
1 5925 3452 6241
3871 -6 12229 
1 1373 3550 4767
6952 7927 12381 
1 4459 7848 8195
17397 3794 11438 
1 2713 9211 9436
18064 18747 18508 
1 2772 5317 8712
16934 10221 17088 
1 2597 618 5714
14140 5473 1708 
1 3731 6411 6494
12563 18743 2387 
1 4770 3126 4870
12564 3094 5206 
1 1710 660 8893
10297 13452 17443 
1 5062 2461 5657
11736 11089 11090 
1 3051 9589 9746
18810 5363 17253 
1 4773 7575 8900
2865 9744 9153 
1 4714 3154 8353
14193 822 16381 
1 4774 779 5559
1312 10894 9969 
1 6859 6858 8334
13243 16343 14034 
1 4687 1460 9803
2163 19233 6184 
1 4156 7759 8640
15212 8528 16947 
1 4057 4105 4776
7686 9357 3477 
1 4105 852 4776
14167 7690 9356 
1 4350 4902 7851
6006 6010 9604 
1 2036 4116 7413
6755 3976 14531 
1 6813 2520 9433
6038 3840 18502 
1 6276 3039 9021
19434 6623 3490 
1 4779 4378 5902
6048 13993 8575 
1 811 5428 7665
10636 2296 9778 
1 8190 4654 8800
5440 3266 1090 
1 207 3956 7658
7747 4167 15014 
1 1916 2564 4781
5013 9367 19124 
1 2564 622 4781
9373 13164 9366 
1 8408 8859 9364
14369 12891 15925 
1 6578 2803 7626
10941 10649 17113 
1 3212 1829 5357
14658 8595 10496 
1 5357 1501 5588
6287 3380 10953 
1 73 4883 5626
9568 7975 11028 
1 622 2564 4883
9367 3723 9568 
1 14 922 6668
1237 1888 4026 
1 5518 269 6668
10813 5122 1888 
1 1678 8313 8588
1421 8182 7295 
1 246 5100 8758
9995 464 2310 
1 5964 4585 7497
8982 11020 14696 
1 471 3768 4787
2508 3391 14422 
1 1514 7941 9514
3823 19266 15572 
1 5827 3274 9820
11573 19267 11422 
1 5112 177 7195
327 10018 14105 
1 177 326 4789
7160 5676 10018 
1 5755 7088 8240
9385 9768 10241 
1 5755 3467 7088
11281 6346 9384 
1 44 1020 7808
6084 4445 5271 
1 365 3108 4791
15919 15310 2572 
1 2736 6506 7998
12749 12748 2718 
1 3139 2419 4792
6999 8532 6040 
1 1735 4212 5952
7860 11383 3389 
1 976 5931 9545
8246 17138 5427 
1 2019 2159 8322
15669 16320 11357 
1 1473 5778 8553
8888 11325 16775 
1 4795 5744 7772
9395 11258 13708 
1 4795 3381 5744
11835 4415 9394 
1 8152 6070 9842
10411 15984 4604 
1 654 2841 4796
5558 5493 8966 
1 4498 3517 8652
15929 16970 4430 
1 726 845 4797
5882 7991 2006 
1 2789 1100 5938
11486 2131 1476 
1 2206 762 4798
10431 8020 11636 
1 2973 4894 7817
12357 15327 2096 
1 290 4679 6181
9167 11418 7294 
1 9256 1309 9709
18154 15410 13361 
1 103 5091 7215
4884 9977 14308 
1 174 4849 5953
1133 9305 529 
1 4647 4801 6976
18636 9103 1522 
1 5290 5190 9876
3860 10562 1733 
1 2184 4802 9876
5126 5125 4949 
1 5204 2878 6625
10197 743 1952 
1 2695 1063 4804
16805 6345 9412 
1 3896 2695 4804
1790 9411 7629 
1 6507 8138 8227
12641 6979 6001 
1 1789 4196 9523
6911 6702 18682 
1 5945 5870 7525
91 6507 11649 
1 679 1446 4806
755 1004 538 
1 1329 4029 6836
16997 9097 7521 
1 3841 5081 9477
7235 7888 923 
1 7856 6137 9253
1516 5375 5184 
1 3883 2711 8924
5565 5376 2281 
1 339 5324 8573
5233 1282 6505 
1 8255 5613 9791
7997 7377 9652 
1 4884 620 6763
6842 8751 13255 
1 1110 651 5909
7188 3144 11582 
1 5064 2526 6540
14084 12816 8154 
1 931 3681 4811
4380 7561 9922 
1 1247 6650 9098
2034 17844 2421 
1 615 4733 7105
9273 9076 13930 
1 3905 4813 6776
6171 19044 2642 
1 1216 8042 9708
7119 268 15576 
1 2560 1715 4814
5005 9432 3348 
1 1715 3969 4814
10524 18518 9431 
1 5801 37 9682
3326 11371 13112 
1 8310 8354 8411
4722 19522 14334 
1 8605 2343 9492
17074 1951 16290 
1 40 5006 8475
5746 16622 8440 
1 5121 5122 5574
2802 10040 10925 
1 1080 1965 4818
4209 9439 4522 
1 1965 378 4818
12623 800 9438 
1 4819 1775 6721
9686 13174 5595 
1 4987 8673 8878
5596 9769 17415 
1 2587 333 4820
5058 9443 8099 
1 333 3049 4820
7767 7822 9442 
1 8395 4821 9957
6267 12195 2731 
1 3966 4821 6288
8102 6267 2192 
1 5024 1366 7209
12266 14132 12660 
1 5534 6564 6942
1918 13608 2915 
1 3451 1190 8772
9661 1422 17445 
1 927 1027 9110
5866 2199 17867 
1 4141 399 9476
9251 1473 12044 
1 671 4916 8606
2055 320 16880 
1 3017 3699 8096
4053 12326 12680 
1 1788 562 4825
4047 3666 5445 
1 2544 2711 8279
19258 5565 19389 
1 1697 4511 4826
3605 498 16235 
1 869 4315 5787
10994 5244 6580 
1 2572 3289 4827
6441 316 11343 
1 6448 6211 8094
7582 8688 12171 
1 7316 451 8045
12954 4553 3439 
1 6425 7437 8659
12591 14578 2537 
1 6043 7801 9490
12785 15296 4474 
1 7321 670 9336
1290 1786 395 
1 202 768 7888
14352 1881 15467 
1 6778 9528 9629
13268 7316 15357 
1 398 1205 4831
5695 7830 18891 
1 1189 5932 7410
4746 2826 12476 
1 972 4248 6269
11897 1884 18816 
1 12 6568 9938
12871 19493 1533 
1 600 1099 4834
9303 8009 9470 
1 4427 600 4834
12071 9469 8672 
1 3289 592 9048
5381 11396 6582 
1 4835 2650 7553
4648 2901 5599 
1 1591 1001 6088
10664 10597 17613 
1 116 5940 9370
17213 18578 15847 
1 4837 8821 9180
17301 16821 859 
1 3313 3803 4837
6489 5373 859 
1 4940 2048 9607
9679 647 16704 
1 5871 4838 7378
17778 68 7850 
1 330 230 4839
13977 1948 9480 
1 1005 330 4839
6461 9479 13702 
1 7676 2191 9185
14103 18013 14685 
1 4540 3052 7278
9325 8895 8894 
1 7995 4090 8745
10068 84 7014 
1 3343 6711 7570
1269 9267 14841 
1 877 5331 5334
10445 9680 3893 
1 4941 1646 5331
2462 17837 10445 
1 1065 2325 6075
5150 6574 8519 
1 1662 443 5406
3009 18049 3243 
1 9357 4292 9800
14795 19227 13893 
1 3673 1539 9331
13292 13686 18300 
1 534 566 8589
3175 16845 10525 
1 4383 1444 7856
15497 6935 15406 
1 25 3666 4846
700 9494 14045 
1 3666 1468 4846
16057 8293 9493 
1 3388 5481 9393
8417 18137 4797 
1 7646 3261 9013
6462 8057 14989 
1 6151 6152 7907
11855 2864 12054 
1 5752 5852 7327
13240 5587 11469 
1 4801 197 5953
9830 11664 8715 
1 4567 760 8778
7480 17217 543 
1 3149 8630 9382
16927 18400 17311 
1 5495 1426 7892
13265 7315 693 
1 2986 3288 9996
3341 19596 9504 
1 6134 2986 9996
5845 9503 6438 
1 5803 8848 9291
11720 11374 448 
1 5841 4852 7783
2651 1566 15260 
1 377 6229 8650
16416 5318 16966 
1 1998 986 6570
6906 8012 12876 
1 693 593 4854
10432 16309 9510 
1 965 693 4854
10433 9509 12661 
1 6831 3566 7946
6727 1094 13190 
1 5899 3318 7330
13783 6497 6498 
1 2371 3259 4856
15493 16410 9514 
1 3648 2371 4856
2492 9513 19249 
1 4653 1291 5586
1546 17409 4823 
1 7632 8473 9491
16421 472 14456 
1 2341 375 9559
7171 3169 2039 
1 7121 4858 9050
19342 17752 6679 
1 4612 4269 5810
3459 14506 1629 
1 8981 7567 9080
14836 9615 5323 
1 5141 2313 8722
2963 9914 1718 
1 382 7231 7638
14177 10426 9578 
1 1327 25 8440
3120 1007 915 
1 1744 2858 4861
5592 587 16551 
1 1254 2076 7698
19595 5325 15091 
1 7676 8019 8889
14685 15722 17436 
1 1586 250 8961
4891 1848 5606 
1 5096 7567 8880
9615 14836 10599 
1 4662 2536 9450
8437 4939 1969 
1 3590 5265 7008
10315 12695 5451 
1 979 3796 4865
3799 9532 3383 
1 3796 64 4865
1183 4482 9531 
1 36 9333 9379
18303 14520 5719 
1 1542 7202 9333
3004 14520 9146 
1 6150 9459 9762
8721 3269 15660 
1 4113 6519 9460
2025 7170 12775 
1 359 4280 4868
3520 9538 13284 
1 4280 3237 4868
6286 2776 9537 
1 1805 48 4869
5531 6332 9540 
1 2094 1805 4869
4503 9539 1303 
1 1151 2662 4870
3093 9542 3094 
1 2662 2107 4870
2233 14851 9541 
1 5706 4871 6798
1159 4177 13324 
1 6005 390 6196
11768 4756 6414 
1 5467 3058 6217
920 10713 12183 
1 3014 5691 5838
14622 7120 7121 
1 4216 2194 9511
325 18657 8928 
1 960 4558 5963
1914 13740 2896 
1 3158 342 9312
8085 18264 12646 
1 6453 9312 9655
12646 8484 726 
1 2832 1974 9391
5539 18418 2822 
1 2173 4825 4875
5445 135 4054 
1 282 3766 4876
7376 9554 16189 
1 3766 2654 4876
14495 1283 9553 
1 1428 1528 4877
5620 9556 1481 
1 1528 3940 4877
2450 681 9555 
1 1536 288 8220
6713 13828 13750 
1 3790 2103 4878
2207 5971 16119 
1 3442 2782 7678
4159 5442 2308 
1 8170 6321 9700
4135 7458 11319 
1 7301 5252 8933
13213 16641 14050 
1 216 3830 4880
19051 4010 17521 
1 4881 395 5887
753 2327 1339 
1 7746 2820 8843
14319 4735 15185 
1 1499 1181 6028
10150 2887 10719 
1 1541 5179 6998
9016 13719 13720 
1 5626 6431 6950
7975 280 9262 
1 73 622 4883
5692 9373 9372 
1 3000 2882 5110
14708 5416 6396 
1 1836 2609 4884
3489 6842 2032 
1 1447 3596 4885
13864 9572 1162 
1 3596 1348 4885
100 3616 9571 
1 4784 5626 8820
11028 9728 3047 
1 7314 2480 9534
4289 16453 3904 
1 4887 1410 6610
1251 780 12170 
1 425 8075 9092
15834 13340 11044 
1 7871 5171 8446
10121 16564 10122 
1 2536 382 7638
8437 9522 4939 
1 3817 5418 8508
4639 11719 9111 
1 3982 4889 6021
19507 4211 16028 
1 568 416 6327
4881 12398 3912 
1 6876 1635 7333
11515 5899 2974 
1 7347 4604 9200
695 897 9019 
1 2166 3896 4891
7630 7629 1108 
1 2581 5611 6875
10998 5380 3104 
1 2742 4892 4989
536 6247 197 
1 2820 8126 9960
14319 4468 4735 
1 7908 7923 8031
6224 13369 15747 
1 117 5230 6107
12497 1429 11965 
1 7601 7866 8938
15098 6274 10686 
1 4309 3723 4895
14901 17532 4450 
1 4783 2271 5588
2925 10495 15245 
1 4388 7252 7635
14219 7832 14968 
1 1761 2088 8850
18150 4142 18818 
1 5531 7173 8292
7999 13104 4363 
1 4711 6369 8672
5033 1234 17010 
1 5716 4899 9090
17281 12696 2351 
1 1544 3825 7467
10811 9599 1171 
1 3825 2141 7467
7491 9009 9598 
1 4702 1544 5748
7107 1171 11267 
1 9820 5211 9920
15573 -4 19460 
1 2208 1075 4901
18679 2949 1286 
1 4350 3070 7241
5942 14196 6006 
1 2258 4350 7851
11690 9358 15395 
1 3671 2476 4905
7189 6776 9609 
1 5411 6183 6522
4767 18712 12781 
1 6846 3062 7474
6190 7874 14651 
1 3461 2670 4905
10204 9609 1401 
1 2670 3671 4905
5222 9605 9608 
1 1422 2967 5612
8565 5807 2333 
1 494 3688 9681
8559 18992 12792 
1 7315 6274 9195
1443 17025 16089 
1 4930 4274 6733
2843 6272 2597 
1 4269 3464 8880
9208 17418 750 
1 7567 5096 9080
9528 17809 9520 
1 640 4909 7463
149 5177 1590 
1 4478 6960 7993
2133 14629 13645 
1 291 835 7396
3765 8926 235 
1 5698 151 6994
8933 11909 13712 
1 469 4812 8736
8879 2389 14778 
1 2209 5092 8690
775 1815 17044 
1 4912 6789 7158
13306 14033 1953 
1 4810 1612 7158
1892 13496 15348 
1 1327 3713 4913
915 9625 3120 
1 3713 111 4913
16132 14372 9624 
1 3578 7117 7906
6577 13952 2879 
1 1455 1584 9144
3003 14742 2099 
1 6701 5404 6907
495 13538 13344 
1 7050 6906 7095
10001 4716 11394 
1 299 5731 6784
7652 5610 13296 
1 6155 1464 8606
6520 16879 8492 
1 1569 5016 5371
10025 7772 9828 
1 4917 718 5371
457 4012 3205 
1 2700 4588 5017
18479 14930 5964 
1 929 8878 8926
17415 2725 17012 
1 2216 434 4919
17680 9637 4349 
1 434 3173 4919
4197 4331 9636 
1 2452 6144 8038
4791 11505 13337 
1 7073 4920 7687
10786 12888 12887 
1 3554 4576 9939
10609 14016 8174 
1 4921 5367 5522
16398 6642 8175 
1 820 6896 7186
5570 15776 10045 
1 8046 7186 8211
1588 15776 4626 
1 2101 6136 7443
16158 10300 4904 
1 8763 6234 8830
17187 12216 12414 
1 3484 7146 7873
14010 2067 14009 
1 4938 4228 8308
8870 8279 9030 
1 1118 4321 9128
8463 2323 2861 
1 2598 6289 7909
16079 12324 5080 
1 2976 8105 9296
5561 469 204 
1 2080 3774 4926
5216 6231 5825 
1 282 8255 9791
16189 9422 3615 
1 4084 2553 6967
16350 8525 11002 
1 2126 625 9713
6908 17472 15962 
1 6475 2007 8863
16232 3841 17385 
1 5340 7223 9971
16170 1644 3160 
1 2485 5116 5332
10026 8218 10447 
1 3849 1930 5720
14523 3770 11212 
1 4052 2150 9374
4815 2596 3769 
1 5701 8141 9984
10862 15323 19577 
1 1190 3451 6959
9448 2392 3275 
1 4215 1572 7098
19032 150 2506 
1 4846 6813 7164
8293 5003 14045 
1 4933 2662 8430
9135 3093 9665 
1 4933 8430 9257
9664 5931 18021 
1 6956 493 7471
13636 2090 17788 
1 7101 5407 7860
4817 10182 9276 
1 7361 1706 8406
12581 11917 13727 
1 6699 5797 7508
13131 14718 9871 
1 4211 2070 5532
18426 4118 606 
1 2262 2057 9237
4421 18115 15016 
1 5534 7017 7765
1870 10845 1918 
1 809 5939 6044
2136 10137 733 
1 6744 4528 8828
15263 13220 8278 
1 5323 4126 5692
10429 8472 7886 
1 2716 1109 6941
5312 8499 13607 
1 2515 3338 7500
7127 2148 18405 
1 9064 444 9360
11657 2827 1824 
1 871 2048 4940
14202 9477 658 
1 5331 2563 5334
17836 9742 9485 
1 877 1078 4941
5813 1698 10445 
1 217 3612 4942
6516 9683 6295 
1 3612 2463 4942
375 18 9682 
1 5042 3823 7374
6646 1280 7503 
1 1915 3315 6357
10857 6902 10115 
1 1775 4819 8926
9440 4492 2725 
1 5119 4944 7616
13322 2150 1389 
1 8051 3410 9540
15786 18714 10867 
1 3847 2285 4945
8684 15787 2609 
1 2593 4946 8653
9691 6122 3474 
1 2593 197 4946
11664 1195 9690 
1 4947 3655 8762
17500 10551 8611 
1 3493 5366 8922
16193 5269 6156 
1 8165 2046 8412
17880 8522 6753 
1 7696 4746 7966
188 9299 15620 
1 516 674 8858
1302 1173 17374 
1 8160 2098 9707
15617 18848 19043 
1 7987 1167 9159
77 6430 10612 
1 1976 404 4950
4525 2264 3472 
1 6834 5577 7794
7581 12637 15282 
1 3386 4828 8094
2331 12636 2624 
1 3949 7304 7662
7733 13926 6661 
1 3150 2958 7505
18685 1266 14710 
1 192 3820 8358
24 13650 1420 
1 4277 760 4953
9311 7480 1530 
1 6324 6268 9725
8756 10765 8946 
1 5717 4015 9177
11206 7861 792 
1 7591 9282 9450
5544 1969 15679 
1 4953 4954 6562
7760 7173 1530 
1 7442 170 9622
14784 4325 4488 
1 6206 5638 7108
7522 8909 13936 
1 1779 7422 9046
18548 2968 14548 
1 8956 2837 9260
13957 17562 5549 
1 6526 568 8749
4881 4059 17161 
1 5756 2497 6526
3363 11282 12789 
1 1864 7118 8418
13954 4032 16508 
1 4166 7335 9503
15608 8156 672 
1 2054 3605 4960
7060 9719 17 
1 3605 1643 4960
6472 2184 9718 
1 7174 2164 9581
9763 8852 10837 
1 4985 1318 8613
1444 11935 5653 
1 4595 9012 9067
6814 13604 13165 
1 4652 5637 9439
9112 4733 12011 
1 1590 3060 5571
519 10351 10919 
1 9145 5895 9530
101 17934 7962 
1 759 1337 6597
1494 2155 5110 
1 4965 4886 8820
13624 11027 9728 
1 5626 4965 8820
9262 9727 9573 
1 15 4971 8625
-6 5160 16917 
1 4966 4428 6014
8674 11785 754 
1 1436 3363 4967
5995 9732 2781 
1 3363 2992 4967
6386 2456 9731 
1 5285 6450 7580
870 5768 14862 
1 8 5205 7930
4952 15551 13972 
1 8113 5710 9122
17226 10991 17890 
1 1119 9087 9871
17822 697 15273 
1 2456 4143 4970
94 9738 17489 
1 4143 1645 4970
4800 6130 9737 
1 362 2311 6014
-6 8675 11786 
1 1533 3140 9441
13832 18517 1114 
1 2720 718 4972
4012 7773 4765 
1 2563 4842 5334
13152 8109 9680 
1 4018 6082 9524
7234 15143 4611 
1 7575 3750 8900
7345 17457 9350 
1 141 2334 4974
12918 3655 14852 
1 1166 7877 7948
15447 15248 1156 
1 8833 2714 9458
12672 15082 15352 
1 7898 3354 9904
608 19429 6568 
1 2270 7915 9432
3344 14433 15522 
1 1454 41 8182
10522 16043 6624 
1 4354 4060 7924
1127 6183 8138 
1 3858 4978 7924
16574 7948 15539 
1 1795 6457 7793
12654 4653 2187 
1 101 564 6457
78 4951 214 
1 3503 3902 9970
5547 19550 5659 
1 2783 2840 4980
11713 15557 1804 
1 4506 9239 9287
18119 7009 11808 
1 8235 8986 9969
2431 19547 4852 
1 7921 3294 9874
13180 18483 19372 
1 1725 3752 4982
16993 64 2892 
1 2860 6488 9980
8854 19569 3465 
1 4420 2936 4983
8460 1745 6617 
1 2164 7174 8752
9720 11972 10836 
1 6368 5796 9485
10238 11075 3633 
1 6915 5294 8318
7130 1782 5590 
1 76 4695 4985
247 1444 10370 
1 1999 4728 9653
12603 14337 7659 
1 7088 1747 8240
13896 2252 9384 
1 8673 5550 8878
9008 1197 9441 
1 6488 5550 7490
6878 10924 10037 
1 2630 6118 7303
11987 5893 11134 
1 6617 7440 9499
10493 10219 4141 
1 7978 8409 9095
18428 294 16490 
1 7693 5216 9396
14821 781 5142 
1 4252 5151 7614
2709 3943 14927 
1 6138 5315 7094
250 10412 10614 
1 5380 7665 8442
15028 2296 785 
1 2204 811 7665
8563 9363 15027 
1 2220 500 8224
9225 6581 5633 
1 1812 1813 8425
15532 2869 4339 
1 6257 6837 9613
12855 11097 13400 
1 1688 8654 9928
16974 936 13257 
1 7016 5732 7155
4585 11179 1137 
1 1179 1894 4994
12633 4584 612 
1 5968 3680 7671
11693 10125 18280 
1 4996 7179 9321
6102 4182 1075 
1 6847 5097 9822
3446 17420 9990 
1 5295 7780 8881
3908 15254 17421 
1 256 211 7048
1325 8985 4367 
1 8534 5961 9864
16738 5741 19352 
1 4205 4200 9864
4857 5626 4992 
1 1553 4999 8792
2932 13667 2808 
1 3512 4999 6055
6199 7187 7390 
1 5846 7272 9162
8052 9314 17969 
1 7139 5000 9163
3861 11805 7102 
1 4637 446 8023
17169 9084 13042 
1 1345 1978 5001
200 3663 13043 
1 6163 1935 9612
14925 18722 16523 
1 2328 9348 9606
18334 18723 16565 
1 6200 7205 9945
7798 8806 12094 
1 5432 5916 5920
11594 12378 11601 
1 421 47 5004
10454 19311 9803 
1 2356 421 5004
3278 9802 1937 
1 2787 5950 6050
14699 1067 11856 
1 2170 8912 9757
17481 10932 16063 
1 3092 5006 5421
5423 5746 10622 
1 2772 2059 8475
17088 3206 10222 
1 2169 7052 8014
2900 11817 6026 
1 4753 5251 6131
10288 3682 10287 
1 1138 2952 7233
6767 2217 14181 
1 1248 3508 5008
9131 147 12782 
1 2829 2157 7341
10663 5534 13073 
1 7683 972 9592
11897 18816 7515 
1 1073 588 5010
7844 9815 2054 
1 588 4592 5010
12339 10456 9814 
1 273 942 9430
4300 12190 1246 
1 2333 5011 8225
4601 851 16130 
1 8604 7889 9834
16876 278 15472 
1 4680 5577 7692
15478 7581 15276 
1 2805 5547 5834
1088 10312 13664 
1 414 2964 5865
10677 12827 11496 
1 3423 5992 9635
11742 13145 8217 
1 687 2757 5014
6883 5763 13146 
1 955 1239 7701
8272 11071 3248 
1 7498 5770 7701
5453 3248 11310 
1 926 5214 6692
16450 3464 5299 
1 4918 4917 5017
457 3205 9829 
1 1715 1569 5371
5005 9632 10524 
1 2298 4918 5017
17507 9827 14929 
1 197 4801 9500
9499 18636 8905 
1 656 4643 5018
11118 9018 6238 
1 5019 8169 9789
16019 8442 1364 
1 5403 2698 5450
4369 10586 16839 
1 3814 5542 8139
7469 10861 2361 
1 8136 2299 9086
15953 17820 10808 
1 9356 5844 9719
18350 2398 1483 
1 1257 4551 5021
680 3117 10477 
1 7846 3074 8000
9839 3183 3222 
1 5682 3074 7846
13037 9838 1740 
1 5486 5226 7533
2203 8400 3048 
1 4192 1365 5924
3413 4879 10828 
1 5299 8797 8902
17256 7925 15641 
1 2849 688 6260
2135 5574 1715 
1 3951 571 5126
17618 16083 2961 
1 5223 2185 9921
19148 19461 10041 
1 5026 6598 7075
2082 15 13871 
1 1210 2777 7075
7138 2144 15 
1 3877 1439 9921
9945 220 10039 
1 8202 8049 8694
13034 3212 8265 
1 4188 4517 5028
16682 9851 17053 
1 4517 1268 5028
9855 6893 9850 
1 5503 6340 9616
11065 10167 5438 
1 5645 3692 6236
6148 11066 4792 
1 7894 229 9461
2095 15480 946 
1 1268 4517 5030
9851 2228 590 
1 6702 2468 7537
19235 3283 13247 
1 5855 3309 7262
8477 14235 11476 
1 5393 5679 6719
11132 7270 3734 
1 6719 5032 9771
13170 1761 3734 
1 2162 7071 8707
11324 13859 17078 
1 8074 2538 8621
15832 16910 11450 
1 3135 7844 8969
15381 9959 5738 
1 7792 3416 9560
12613 12612 5551 
1 2073 5182 5946
10155 12384 2543 
1 2124 487 5726
12385 437 11223 
1 3614 6125 9010
12001 17672 952 
1 8559 6889 8709
12139 8847 17082 
1 3346 5513 6280
14569 4936 12307 
1 5155 5140 5369
12824 10520 7013 
1 3002 1806 7264
11005 10896 14239 
1 5309 6699 7508
5082 9669 11890 
1 438 7913 8264
15517 16920 16207 
1 8289 3391 8362
8707 13065 10515 
1 5040 5529 9119
8940 10577 6104 
1 2650 120 6851
26 4649 1792 
1 7043 5965 7737
5604 12517 845 
1 4242 258 7449
11852 8226 14603 
1 5316 2197 6955
6645 3060 6575 
1 9947 8365 9991
4406 11055 8759 
1 1208 5374 7643
13410 1038 14983 
1 8097 9558 9706
15878 14780 15590 
1 6010 2349 7670
11777 1381 6487 
1 3991 1296 7813
14704 15319 4700 
1 3122 1535 8948
8038 16755 8554 
1 3712 6055 6599
11866 10568 10567 
1 1169 9024 9081
17699 17121 13693 
1 4655 5867 8632
19002 11499 17129 
1 5656 3038 6980
344 11087 889 
1 9464 9053 9598
7392 2929 8717 
1 5690 5689 7058
8208 13836 12988 
1 8424 2531 9962
3689 2017 10362 
1 3329 6936 9220
345 9911 13262 
1 1696 6532 9421
5284 514 3824 
1 7628 2350 9392
17596 3543 18421 
1 2348 6646 9586
13027 11616 13103 
1 6908 6054 8231
8116 12741 10688 
1 4910 1632 7846
987 8470 14965 
1 3621 589 9766
12851 19160 5736 
1 5589 6826 6957
19169 13439 10954 
1 6268 3963 9387
12393 12282 10285 
1 817 4954 5053
1529 7760 5434 
1 3603 3021 7421
13689 11745 5914 
1 3523 4246 5054
14938 7145 14546 
1 464 3540 7670
6932 6487 6458 
1 3298 2349 9933
1381 15364 14220 
1 2565 2215 5056
5015 9907 15908 
1 2215 2848 5056
876 5436 9906 
1 80 584 6158
9320 19585 9913 
1 5156 2304 7721
10104 729 17997 
1 742 4226 7758
1417 8209 17692 
1 6936 5058 9220
13596 7731 9892 
1 7231 4860 8504
1527 16679 14176 
1 5059 80 6158
6787 9908 10305 
1 2313 964 8722
6761 4521 9521 
1 6662 7770 8770
13057 1869 15136 
1 5061 2294 7809
3550 313 3501 
1 3779 7156 9017
14029 8954 3291 
1 5657 3763 7429
2057 13431 11321 
1 181 78 5062
17070 4930 11090 
1 34 2100 5063
6049 9921 8697 
1 2100 1724 5063
3367 1000 9920 
1 931 4811 6540
9426 724 12817 
1 1326 5064 7372
7165 14396 229 
1 3990 2240 5758
19404 2127 264 
1 5658 3001 5758
11092 11287 3171 
1 3804 1323 9353
16895 18343 731 
1 984 5046 8432
5430 16336 19448 
1 3146 6924 8423
13573 6892 16518 
1 1139 5067 6223
6350 6945 1459 
1 3281 7758 9630
8210 131 18892 
1 9019 6767 9020
17689 15210 17690 
1 4984 3054 8752
2453 17166 4229 
1 4519 6383 7598
13554 3684 868 
1 6652 6628 9809
5079 16957 14404 
1 2779 2709 7349
10213 2101 5298 
1 236 5360 5459
10502 4505 10306 
1 4026 1004 5457
10689 10693 4377 
1 8716 7375 9810
13551 14416 19248 
1 6913 8562 8773
8786 1995 4254 
1 5923 1238 9128
9941 2861 6165 
1 4021 1238 5923
7872 9940 6166 
1 4491 770 6757
10955 13244 3888 
1 1932 5087 9770
10049 16624 13380 
1 4221 8049 9033
15783 13034 17717 
1 1439 3877 8741
9848 9007 1665 
1 1070 2335 5076
2551 9947 5884 
1 2335 1313 5076
6823 4565 9946 
1 3268 7511 7636
511 2585 1673 
1 1330 1164 5077
9953 14970 4562 
1 3132 2474 5078
1672 9951 7336 
1 2474 3844 5078
13663 6493 9950 
1 7636 2267 8631
2585 9165 7943 
1 1164 1330 5079
9949 6398 6399 
1 2428 4951 5080
588 9955 15872 
1 4951 1200 5080
13393 6080 9954 
1 7140 3707 7141
6009 302 10779 
1 1408 431 5081
4956 756 13998 
1 2501 1891 5864
17329 490 3694 
1 7844 6248 8969
6547 3594 9862 
1 2163 4627 5083
6894 9961 1186 
1 4627 1649 5083
10293 17718 9960 
1 5392 5617 9840
10566 3182 2769 
1 3245 2271 5084
5842 2925 19307 
1 1014 6745 8769
14332 5203 13222 
1 3664 1511 7193
2363 3453 14102 
1 6708 5404 6747
9039 495 10589 
1 2576 4614 9910
2793 9038 14091 
1 770 8476 9770
10955 12848 12898 
1 1932 4774 5559
13380 9352 7512 
1 2370 6767 9153
3625 17689 477 
1 1734 2543 9016
1122 1285 6468 
1 218 2387 5726
4665 4049 4149 
1 180 1453 7160
14041 14870 4593 
1 4168 3353 9609
6453 7274 992 
1 7325 4949 9506
18849 18647 2256 
1 6750 5276 8060
7952 13231 7387 
1 5091 5991 7215
15409 14144 9405 
1 1604 3484 9717
6161 9308 19063 
1 3910 3634 9366
5928 18369 4887 
1 428 2618 8928
15112 14920 701 
1 2958 13 7506
10326 15460 1266 
1 131 4147 5094
6522 9983 4189 
1 4147 1010 5094
6132 6970 9982 
1 7494 1181 7878
4074 1567 1579 
1 4240 5660 7300
12598 1441 5906 
1 1867 8701 9621
6687 17067 11198 
1 7530 1288 9178
9114 4422 1628 
1 5195 8881 9822
17421 9990 1963 
1 5098 3851 5296
10180 15394 9992 
1 8881 6847 9822
7541 9787 9988 
1 1013 1873 5549
57 10089 15393 
1 5099 5098 5296
12768 9989 9993 
1 5099 5296 7940
9992 3214 415 
1 5100 577 5466
1225 10711 7020 
1 246 3568 5100
6778 1225 9377 
1 3310 3979 8579
6482 4666 16826 
1 2626 5848 6251
7698 4256 12248 
1 4062 3019 7033
18036 8523 16203 
1 8865 8765 9723
12278 11806 6495 
1 6747 6701 9927
495 18095 13225 
1 6906 7050 9515
9629 6832 18666 
1 3615 7499 7951
17365 3802 15299 
1 7684 1890 8340
3760 8668 2085 
1 698 2873 9352
3512 14556 13965 
1 5208 4622 6573
13007 10783 19176 
1 2094 2095 5799
11433 282 4503 
1 2094 489 9981
1303 19570 11433 
1 23 6122 7569
11996 14840 3416 
1 4785 5107 6668
1236 4026 13069 
1 7715 6373 9922
5129 7577 1219 
1 5974 3838 9395
16420 11904 7516 
1 7833 1858 8737
16639 15360 2530 
1 1252 1126 8737
19135 2530 12085 
1 1007 3267 5110
17598 10015 5416 
1 3267 1836 5110
3489 2032 10014 
1 6482 8 7127
10199 13972 12702 
1 701 2875 9455
4038 18545 3069 
1 177 4789 7195
9383 5613 9382 
1 8548 9075 9390
15338 620 17799 
1 2609 3243 5113
6349 10021 1793 
1 3243 926 5113
6473 5299 10020 
1 1102 2849 5440
2656 10091 10661 
1 1382 1929 5114
347 2158 1254 
1 2700 5016 5115
5964 10025 17259 
1 5016 1569 5115
9632 7845 10024 
1 2485 3640 5116
7323 10027 9657 
1 3640 3641 5116
7104 7129 10026 
1 1241 1053 5117
5630 4577 10029 
1 4113 1241 5117
12775 10028 13996 
1 748 6302 9914
12350 1315 165 
1 5516 6053 9086
16154 10808 4494 
1 5121 4987 6797
10925 10036 360 
1 1787 1401 6797
16621 8988 4365 
1 294 5120 5480
10035 849 4108 
1 294 2699 5120
5278 5282 10034 
1 4987 929 6797
17415 13321 10032 
1 412 6488 7490
19569 9770 14683 
1 5223 486 9760
4527 4636 19148 
1 5025 3877 9921
9007 9848 10233 
1 5122 5123 5574
4269 289 9437 
1 5123 5223 9921
4269 9845 220 
1 3392 7835 9933
8240 13915 2645 
1 5124 4209 7253
7334 7505 19484 
1 1456 425 8512
2503 2835 1098 
1 7086 820 7186
1648 9642 14088 
1 1477 5025 5126
10342 10047 8200 
1 5025 1176 5126
10233 7737 10046 
1 2393 1202 7151
10265 2334 13628 
1 5087 1932 6062
9943 7512 11880 
1 3421 3151 6267
6700 18042 6167 
1 1225 3796 5128
15626 1199 2763 
1 2303 5129 8364
1685 5479 15616 
1 2303 2148 6174
12314 9205 1685 
1 8012 8011 8112
3080 15711 8482 
1 5545 5130 9540
11678 6677 5925 
1 8262 5102 9729
5760 4885 16007 
1 3771 1249 8979
2287 17612 7386 
1 6464 1203 8416
6379 6378 7479 
1 3258 5132 8520
19084 16511 15230 
1 18 2246 6635
5254 13004 5836 
1 5134 3346 6589
663 6045 14645 
1 643 1268 9461
16084 590 18558 
1 2853 5135 5251
2858 3682 9312 
1 1145 1341 6590
7110 6256 11238 
1 4667 1230 9189
9143 4893 7307 
1 5136 1233 9189
16834 18022 2116 
1 38 5407 6280
10594 4817 7637 
1 4090 7995 9972
9483 10102 5469 
1 812 811 5313
13055 8563 10408 
1 1679 913 5313
16123 10409 4306 
1 1883 5297 8306
10376 10072 12532 
1 5297 6395 8306
574 2036 10071 
1 5239 5369 9669
7013 10086 947 
1 5155 312 9601
5447 18834 2195 
1 8504 5060 8722
10427 17108 4958 
1 2671 2183 5141
3697 8830 1718 
1 8045 6293 9427
4553 7778 4318 
1 5519 8291 9482
5666 9156 12332 
1 7182 7181 9376
13473 17855 13685 
1 4222 5143 6529
7232 8267 8266 
1 3431 1015 9373
-3 4689 985 
1 3912 6527 9373
12790 4688 4689 
1 2562 1719 9752
19137 19132 10084 
1 1465 2562 9752
8017 10083 2854 
1 5146 7249 8795
14213 10654 7233 
1 9669 5369 9972
10073 5469 15676 
1 2741 8381 9030
930 3670 16436 
1 3946 7022 9444
13765 3210 36 
1 1873 5202 5549
-6 10194 9991 
1 1969 1882 9074
7965 3676 18276 
1 2849 5149 5440
1715 6479 10022 
1 988 5393 9771
11622 3734 12540 
1 397 4108 9918
2991 6111 19457 
1 4252 1074 8425
4509 16521 2709 
1 2692 2147 9504
1244 14652 18644 
1 3348 848 9175
2594 1396 8727 
1 3046 945 9923
16008 5199 19465 
1 6728 5820 8679
6563 1321 6564 
1 6900 5153 9274
12298 13187 14373 
1 2917 89 5894
10578 11553 227 
1 8584 6639 9126
16836 11390 2222 
1 7995 3581 9972
6017 19553 10068 
1 5239 2360 8795
947 17251 10654 
1 3831 2304 5156
7881 9909 10105 
1 4015 3831 5156
4504 10104 7861 
1 7623 7723 7724
15140 704 5099 
1 3229 2586 7623
2415 5100 5099 
1 4001 213 9938
7836 2490 19492 
1 3231 7250 9752
12777 5009 19133 
1 4622 6636 7250
13007 13006 14214 
1 533 5453 8938
-6 7842 6274 
1 4309 5344 7600
17688 8439 14901 
1 1157 1457 5161
13048 10114 2837 
1 1457 90 5161
2838 1984 10113 
1 1915 6357 9687
9685 19004 3741 
1 5140 5162 7374
12825 1542 14454 
1 3071 3899 8939
7635 -6 4498 
1 2801 2200 9498
6012 12098 16281 
1 6937 5164 7871
15697 3124 10122 
1 4663 5166 5265
9134 4520 10316 
1 5171 7871 9397
9577 10473 12459 
1 6937 7871 8446
10119 9577 230 
1 1392 6358 8656
12460 6436 16978 
1 1615 5364 7008
14305 5451 3149 
1 3680 6921 7671
13566 8768 9785 
1 3117 3534 5167
7147 6101 4062 
1 4427 3967 9613
8672 18858 11542 
1 1927 6837 7401
11097 12855 8798 
1 2905 5982 7997
3232 7755 5041 
1 2555 4397 9228
1928 614 15426 
1 5426 5170 7555
13853 5854 8959 
1 5808 5499 6630
11385 12995 14357 
1 527 3453 8446
6760 230 4080 
1 5345 795 9397
2388 15435 18431 
1 694 8148 8248
15976 5993 16175 
1 5907 8627 8935
16921 13920 16562 
1 5939 5173 6044
1569 15146 9673 
1 3685 989 6044
12864 733 11637 
1 5346 6841 7779
7982 7729 1200 
1 2623 3818 5174
4668 1980 10630 
1 3067 2701 7003
5283 6364 6073 
1 4974 4058 8347
3655 16368 12308 
1 1507 6374 8403
12492 4161 5288 
1 2888 3419 8602
13003 13002 15442 
1 1042 5584 8670
12721 7034 17006 
1 2330 5983 8539
11723 11534 11338 
1 8297 7023 9161
9136 10148 2362 
1 9161 7023 9254
10147 3437 17966 
1 1180 1181 5179
1567 10150 2484 
1 1181 1499 5179
9565 1274 10149 
1 3962 891 5280
7759 11490 2253 
1 3962 5180 8315
2253 10970 13805 
1 5862 8468 9953
6394 14880 16608 
1 2195 1906 7857
3744 10442 15407 
1 2073 5035 5182
4664 10156 9864 
1 5035 487 5182
437 3619 10155 
1 5918 374 9824
-4 19274 2084 
1 2189 6986 8403
5667 13696 4161 
1 599 1786 5184
6835 604 3487 
1 4751 579 9961
9309 19534 12627 
1 1050 348 8736
8094 5743 17135 
1 3077 5186 6794
7651 6914 2250 
1 1308 907 9673
17158 2027 5903 
1 4073 5187 7920
14338 834 4846 
1 2621 2620 5187
19376 834 7671 
1 3210 1466 7704
18070 15101 4264 
1 6340 8802 9616
17266 12420 9852 
1 6408 8419 9635
184 11741 13145 
1 5189 6004 6631
10565 19007 10818 
1 2172 2800 5387
11280 3972 10556 
1 5390 4802 5490
5125 10561 16519 
1 830 6405 9139
4469 11539 352 
1 5191 1581 7818
3082 5052 425 
1 5192 4471 5394
6308 6173 9152 
1 1471 4272 5192
8366 2300 9152 
1 1897 5193 9108
4799 5954 3706 
1 8916 7532 9445
14702 8305 8300 
1 6562 7070 8358
7173 1306 13650 
1 584 9759 9989
9320 263 19585 
1 3851 5098 6847
9989 3446 13420 
1 1028 842 5195
7207 3379 3447 
1 5407 2465 7860
10595 12913 9667 
1 4580 2749 5196
6046 15414 8882 
1 4754 7139 9162
13995 7102 9314 
1 1283 1591 8980
10665 17613 14761 
1 5198 5720 9374
6370 6962 7543 
1 3651 4274 9851
6170 2843 19329 
1 1051 5558 6658
11048 5862 13050 
1 5199 4371 5259
17602 4873 17851 
1 5701 6375 9079
19577 10863 10862 
1 1026 1027 5200
1986 5866 1207 
1 1236 7999 9347
15685 764 5086 
1 4669 5201 9347
14521 5262 764 
1 5549 5202 6306
10089 -6 10874 
1 5868 6109 9569
11501 419 11639 
1 5267 4836 9468
10318 10319 1680 
1 2878 5204 5305
9410 4759 19453 
1 43 739 5204
10787 4759 8724 
1 8 6482 9069
10016 3974 4952 
1 7127 7930 8127
13972 380 5622 
1 5308 7503 7633
6777 10203 10393 
1 5206 5207 6031
14963 8680 156 
1 7503 5207 7633
5571 10591 10201 
1 2670 3461 6031
9608 5629 11819 
1 9349 1727 9657
13771 18507 18945 
1 8874 4007 9948
19321 -4 18157 
1 3310 2388 8816
16826 13159 17293 
1 581 2021 9836
3750 6144 6828 
1 7022 7409 7571
7538 6494 14844 
1 2450 3547 8618
17127 2193 16903 
1 1514 1524 9820
6518 11422 3823 
1 2797 5212 7349
4123 5298 7810 
1 2709 2779 5412
9935 1193 10605 
1 5469 6728 9844
18189 6564 19315 
1 8040 2475 8433
15765 10666 10328 
1 5312 5412 8388
3299 3058 11946 
1 5214 2710 8799
16449 6348 3464 
1 6853 184 7366
14562 337 342 
1 7440 1598 9499
14585 10492 9772 
1 6189 2120 9499
15365 5106 10492 
1 5317 4960 8712
8987 2184 9343 
1 2772 8475 8633
9807 4021 16934 
1 1911 61 8079
2021 2990 4841 
1 1510 2477 8564
4568 -5 16796 
1 4547 6115 7448
1003 16773 5669 
1 843 3655 5219
7937 9275 198 
1 2030 3492 6779
16333 2205 16726 
1 3699 2832 7359
571 14425 12326 
1 4313 3511 9556
17765 6584 5260 
1 307 5307 8711
10397 10396 12272 
1 8567 3103 9814
14067 18260 14354 
1 6546 7176 9793
4825 14355 8868 
1 1176 5025 9921
10047 10039 19462 
1 6993 5883 9760
13710 19149 11531 
1 4226 8100 8719
3522 1704 17102 
1 3643 5545 9743
3719 16503 5852 
1 377 5650 9485
11076 18606 16416 
1 5796 6368 8232
9764 17004 12617 
1 3120 3938 5584
16607 7034 3180 
1 5924 1136 6006
9089 11609 11080 
1 6412 5755 8240
12566 9384 3708 
1 800 3023 9320
19229 6347 5891 
1 2981 6415 6980
12572 889 8087 
1 221 5228 9192
4090 10324 8832 
1 7180 4394 8582
10246 4500 13281 
1 6777 4394 7180
18774 10245 14076 
1 6377 6798 7218
11585 4177 60 
1 5906 5230 7218
5819 12497 3015 
1 8130 8811 8827
12382 12277 15789 
1 7459 6319 9561
13172 17283 3911 
1 3068 1695 7241
2402 5181 4413 
1 5483 6427 9805
5556 6208 12595 
1 8303 8502 9628
2000 1451 5214 
1 6877 5234 7152
2070 10255 8978 
1 7152 5234 7254
10254 13677 5089 
1 1003 3904 8111
6844 15904 3733 
1 6520 9451 9956
11922 5619 3178 
1 6951 3291 8532
18373 13626 12111 
1 7802 4649 8462
15298 9106 15988 
1 8378 5237 8984
6981 4175 13053 
1 896 6393 6637
6716 1659 13009 
1 2514 152 5238
63 8598 6920 
1 3694 5437 8795
6551 10264 17252 
1 5437 3928 8795
15797 7233 10263 
1 1202 2393 5240
10048 10266 13629 
1 2393 4994 5240
612 5685 10265 
1 5241 3136 7277
1887 14265 11750 
1 7371 8428 8734
1981 4624 4625 
1 4789 4148 5989
5676 13453 4931 
1 2988 6656 9099
18196 1442 8506 
1 4710 8062 9729
17894 19087 977 
1 5243 4484 6622
154 7953 13232 
1 7878 1279 9194
15449 18031 172 
1 3500 5479 8998
16547 7940 17649 
1 635 1749 7469
16909 5981 5164 
1 6883 7468 8074
3074 438 10620 
1 7483 1803 9434
1059 14668 6555 
1 9129 8992 9229
16376 635 12254 
1 6359 5247 7408
4634 18304 14230 
1 4669 7999 8009
764 3035 4858 
1 3497 4462 5248
13780 10282 8613 
1 4462 87 5248
1341 4994 10281 
1 5249 1780 8687
1037 13707 14188 
1 7237 8048 9705
2748 3980 7611 
1 2221 6268 9387
10765 9900 3263 
1 174 554 5493
6123 474 2260 
1 4753 6131 7937
9809 817 13757 
1 5251 4753 6590
9809 12916 6256 
1 6741 8485 8933
16642 14050 5672 
1 2661 7543 8485
14788 14787 16642 
1 1714 4214 5253
8251 10292 10920 
1 4214 909 5253
2986 1115 10291 
1 1649 4627 9519
9961 9256 14939 
1 343 8216 8879
16111 15120 11156 
1 5255 833 7207
1398 1434 15519 
1 7207 3587 8665
14129 1564 15519 
1 660 1710 8540
9347 1490 16749 
1 3308 8540 9963
16750 4790 4025 
1 767 3142 9056
7260 17763 13594 
1 6136 850 7443
18387 14590 9644 
1 179 5258 7173
6223 4777 7613 
1 4387 5644 7496
3329 1735 14695 
1 2493 4201 9102
8224 939 17601 
1 4704 5259 7149
17852 6860 14015 
1 5059 6158 8770
9913 17201 1869 
1 4128 236 5459
8341 9936 1419 
1 5901 2539 8497
4965 3992 16665 
1 1262 9683 9839
18995 1875 1399 
1 5761 4091 9151
8802 17946 7739 
1 5262 3952 5658
11292 8673 3171 
1 1930 7409 8568
6494 3669 1472 
1 5547 4144 5834
366 11435 9820 
1 5264 196 6078
15336 14413 7162 
1 3507 3702 7028
4050 17991 5684 
1 3590 2089 5265
10510 10316 9530 
1 2089 4663 5265
2707 10120 10315 
1 6625 4454 9315
2472 18270 1069 
1 4836 5267 6156
10196 1941 6342 
1 4836 3551 9468
11930 18571 10196 
1 2149 6849 9304
13423 17171 12446 
1 2149 3816 5268
18080 5945 13423 
1 918 8228 9339
16136 10914 13991 
1 6643 1587 7350
8221 13021 4154 
1 5228 3183 9192
3677 18028 10244 
1 1285 2366 5270
6922 2939 4271 
1 13 2958 7705
9981 18686 15104 
1 1550 6233 8433
12214 10328 16538 
1 6233 8040 8433
4804 10215 10327 
1 582 5132 6112
16908 19085 3027 
1 1203 2601 5273
11976 5645 11660 
1 2921 1820 9423
1357 18481 2846 
1 1174 163 5274
2041 3925 5714 
1 3761 727 5275
17733 10334 7367 
1 727 3864 5275
2295 4913 10333 
1 2944 5276 6166
13231 365 13504 
1 1987 713 5276
16716 3881 15808 
1 5293 1971 7718
17120 5528 18649 
1 7823 5277 7922
11248 15141 5484 
1 9637 5278 9867
7421 19357 13101 
1 1361 5258 9553
4777 18738 6218 
1 5279 5446 8741
8264 7592 1117 
1 5025 1477 5279
10046 9254 1117 
1 1630 631 9953
10443 3393 10344 
1 4229 1630 9953
10349 10343 14880 
1 4761 5941 6596
423 11642 12928 
1 5131 5751 5941
2931 11273 423 
1 4448 7263 9730
1433 407 8712 
1 1577 1692 5282
1612 994 3870 
1 1630 4229 5283
10344 10350 8280 
1 4229 2104 5283
16945 4847 10349 
1 3060 2792 5571
10962 3099 9724 
1 1740 3635 5984
11472 18312 5623 
1 3066 2067 6450
13111 12639 870 
1 2901 6387 8421
11687 5675 16514 
1 6387 1537 7737
5030 15168 12517 
1 2843 5270 5287
4271 10357 15767 
1 5270 4509 5287
18232 671 10356 
1 1954 2024 5288
8531 10359 6483 
1 2024 70 5288
11315 3818 10358 
1 2358 7519 7897
14670 8619 7192 
1 436 3947 6580
10475 2671 9074 
1 6428 8424 9962
16046 9891 6986 
1 1730 104 5290
11178 3860 19536 
1 414 2810 5671
8505 9095 10677 
1 656 4645 5448
10706 9096 9099 
1 1502 542 9916
2100 696 8681 
1 739 4061 5405
2926 3227 10392 
1 6978 2886 9404
5853 15526 18445 
1 5994 5737 9507
16708 6220 212 
1 76 4985 5294
9766 10371 7130 
1 4985 1434 5294
5113 1782 10370 
1 9236 4078 9289
18114 7285 416 
1 4078 8183 8834
7876 12597 11110 
1 792 6771 7940
1964 415 15571 
1 5298 3650 7850
3907 7493 10875 
1 1883 2083 5297
8600 10377 10071 
1 2083 125 5297
4533 574 10376 
1 1443 6178 9899
12107 1625 3046 
1 4160 4023 7780
11182 19422 3908 
1 289 2472 5299
104 10381 15641 
1 2472 3250 5299
14865 5053 10380 
1 6779 112 8528
13286 351 16726 
1 7929 4552 8660
8918 12599 3483 
1 1895 33 5301
143 10385 4679 
1 33 3572 5301
6995 1664 10384 
1 4471 788 9555
8758 12467 6173 
1 4672 6362 7575
8960 6174 3123 
1 2389 6671 8700
19313 9210 12885 
1 3307 4701 8304
14431 12857 12489 
1 7162 7107 7584
2830 8799 13933 
1 6300 5333 6468
10999 1613 10449 
1 5305 739 5405
4759 10367 5894 
1 2138 5308 7633
10398 10201 14964 
1 5306 9038 9039
17728 4640 1830 
1 2260 1199 8794
13585 5962 636 
1 5307 8465 8711
16602 281 10230 
1 307 2920 5307
13325 583 10230 
1 2138 2848 5308
5436 10399 10393 
1 2848 480 5308
3585 6777 10398 
1 6067 5565 6697
13518 14719 10687 
1 6898 4145 7508
13036 11890 13129 
1 7637 7285 8043
1468 8578 1505 
1 2143 2694 7839
5778 15371 14951 
1 5311 2468 8562
3283 19236 8786 
1 8875 954 9804
10949 16792 17095 
1 2215 1690 8972
1390 6397 5960 
1 5212 3305 5412
11199 3058 1193 
1 813 812 5313
2610 10069 10409 
1 913 813 5313
17199 10408 10070 
1 50 1732 7932
15773 1806 15555 
1 6070 8152 8895
9396 1776 15985 
1 5315 504 7094
3540 13909 9776 
1 2217 7991 9105
4332 13615 3229 
1 5640 2322 7487
18133 10415 6448 
1 2322 4946 7487
6122 14677 10414 
1 1787 5119 8633
4365 1389 4021 
1 5115 8799 9422
17260 5102 17259 
1 7236 5318 8951
6785 17557 5118 
1 5532 4936 7574
4118 14186 14850 
1 3594 4500 7035
8814 19544 13792 
1 7746 775 8126
4248 5515 14319 
1 3869 8721 9073
17106 12100 17795 
1 3818 6575 9109
4668 1249 17866 
1 1861 5635 5735
4407 318 11241 
1 7044 5539 9009
5721 17670 4425 
1 7231 5322 7638
14176 2757 9522 
1 5059 5060 8504
15234 10075 6787 
1 3138 4938 5692
8871 7886 11157 
1 1067 4126 5323
14911 9675 2797 
1 5767 1851 7395
116 11305 1318 
1 762 2206 5767
9401 1894 1318 
1 593 693 6572
9509 14158 1925 
1 693 965 5325
9510 2914 1188 
1 3119 2439 5326
8752 10435 8650 
1 2439 3160 5326
7674 4894 10434 
1 7089 3306 8422
14527 10437 5296 
1 3306 5955 8422
16199 12992 10436 
1 4302 3454 7883
16982 15458 2172 
1 483 1588 5328
3096 1354 6705 
1 7819 5329 7905
4418 4910 15502 
1 2821 3919 7905
7141 7870 4910 
1 1906 7042 7857
4597 3179 10154 
1 631 1630 5330
10343 8280 2729 
1 6190 2563 9094
716 17836 8555 
1 877 4941 5331
9681 9486 9485 
1 3340 3440 6153
2575 7128 12057 
1 3440 2485 5332
14687 9657 7128 
1 6563 4744 9684
8195 3922 12488 
1 4300 6300 6468
3921 10391 12675 
1 4142 4973 5334
2089 10451 5010 
1 4973 2970 5334
5378 3893 10450 
1 3738 5335 7485
10453 11288 2149 
1 3738 2444 5335
4065 6535 10452 
1 47 421 5336
9802 10455 3599 
1 421 1316 5336
15924 2762 10454 
1 5010 4592 9044
9815 17739 17540 
1 1123 3395 7843
7843 8896 17740 
1 352 4601 7797
9013 4699 13914 
1 5632 3043 9946
11040 890 14075 
1 3319 5339 6299
4378 5492 6500 
1 1420 1827 5423
1484 10626 5607 
1 3202 3446 7223
1180 10463 16169 
1 3446 3520 7223
3509 6891 10462 
1 2120 5341 6118
11811 5893 1822 
1 4337 3010 9852
13839 8494 19330 
1 2378 4466 5377
487 5947 3482 
1 1266 7644 9000
88 15837 17653 
1 6086 2887 9865
4945 5646 5647 
1 528 2391 8141
2889 19055 15963 
1 6439 690 9018
3320 3960 295 
1 291 2066 7220
235 19546 12619 
1 1951 1602 6358
14859 4114 12460 
1 7871 5165 9397
3124 13599 10121 
1 1374 3947 5346
4929 10475 56 
1 3947 436 5346
10361 7982 10474 
1 730 4657 6339
9123 12423 4147 
1 1257 5021 9719
9837 15896 19067 
1 3376 5783 6873
6611 6612 13471 
1 329 328 6873
7122 1520 745 
1 5349 1902 7275
1649 14260 7064 
1 915 7087 8783
14269 13878 1886 
1 7191 3918 8099
14098 1550 3609 
1 4678 3927 7398
18837 12262 8774 
1 8767 8766 8867
4633 17192 17393 
1 7752 867 9066
15198 17780 7412 
1 6042 5250 7668
11841 10766 8375 
1 4072 1113 5353
1946 2156 10489 
1 6620 5880 8593
1722 3056 8158 
1 733 4072 5353
3607 10487 5679 
1 2165 632 5354
8361 10491 622 
1 632 4179 5354
2311 3457 10490 
1 1598 6189 9499
19026 10220 10219 
1 7440 6617 7693
9772 14821 5226 
1 2759 4719 5356
1707 8822 9245 
1 2271 1731 5588
6855 10952 9592 
1 1235 3212 5357
9092 9370 10953 
1 789 276 5457
11091 6258 10694 
1 466 3143 5358
4341 4265 13058 
1 2183 5260 5360
3697 10500 8340 
1 5360 5260 6662
10499 13057 5543 
1 5358 5071 5459
2201 10698 8082 
1 236 4259 5360
8341 5223 9936 
1 1575 1903 5361
9176 10504 13844 
1 1903 288 5361
7423 6713 10503 
1 517 662 5362
7389 10506 5795 
1 662 242 5362
171 11884 10505 
1 3872 2991 8493
767 16657 11748 
1 4120 1989 9736
1166 10758 17705 
1 1615 9330 9385
18298 4943 8801 
1 2089 3590 7642
10315 7031 14982 
1 3055 722 7268
14251 13905 12470 
1 5365 7069 8985
14250 11034 11033 
1 4396 5541 8922
8839 6156 10859 
1 2296 3843 5541
906 13280 8839 
1 7355 8289 8362
8963 9873 16255 
1 2508 4175 8132
8476 15944 7631 
1 8866 5351 8967
16693 17781 17193 
1 7901 8511 8884
17196 10638 12279 
1 2525 4090 5369
84 5469 10520 
1 5140 2525 5369
14454 10519 9869 
1 7364 1788 8812
4047 15521 4436 
1 41 1454 5370
9750 3858 3455 
1 2720 3969 5371
5464 10524 4012 
1 3969 1715 5371
9432 9828 10523 
1 3986 534 8589
1561 9491 3176 
1 3510 2651 7486
13202 14674 5114 
1 1841 7183 9135
14082 7 14081 
1 1665 1926 5373
17565 2237 1152 
1 3592 827 9982
7908 6909 19573 
1 1389 4513 6995
12239 8148 6572 
1 3083 2983 6354
6032 13089 8285 
1 5375 639 5788
14228 7696 11979 
1 5175 1899 7003
4015 16219 13729 
1 1315 4548 8270
8911 13728 10732 
1 6633 2323 8892
9233 2953 10716 
1 2549 2253 5377
16784 4982 3468 
1 1846 529 5378
1028 16234 10538 
1 2489 1846 5378
14367 10537 13865 
1 4448 5282 7165
8712 14047 8655 
1 4906 6300 9681
18998 3921 8420 
1 5380 2724 6295
785 12337 5329 
1 3646 6500 8522
12737 2548 2350 
1 4351 1220 9040
16495 6960 447 
1 5414 5538 8368
15815 4452 6641 
1 6123 3832 7599
11997 19511 14899 
1 3342 2207 9062
8172 6153 6266 
1 5383 1898 8417
10548 16505 4364 
1 1959 1898 5383
7210 10547 3786 
1 6467 6008 8133
12673 15946 14282 
1 5384 4630 7944
8165 15578 7664 
1 3655 4512 8762
7937 2740 9692 
1 29 431 5562
7694 4956 4489 
1 4289 4389 5386
5693 10554 8597 
1 4389 152 5386
3328 63 10553 
1 2818 3429 5387
8481 10556 3973 
1 3429 2172 5387
13082 10170 10555 
1 5388 8807 8977
16786 1634 17608 
1 4237 8803 8903
8297 -5 17267 
1 1491 8545 9300
19565 3304 11122 
1 7726 7552 9934
5708 2699 2493 
1 4802 5048 5490
5126 10760 10171 
1 5190 2034 9876
3859 19375 9408 
1 1938 4218 7097
6638 6205 4193 
1 1938 5391 7383
4193 14471 7568 
1 5189 2035 6004
16509 5094 10169 
1 5392 1936 5617
12558 3188 9962 
1 3712 6599 8996
9885 1917 17645 
1 6055 1371 6599
7187 12933 9885 
1 4574 3154 5426
822 10633 8959 
1 2292 4574 7555
1650 8959 8363 
1 3816 9219 9712
18080 3346 18079 
1 1159 4117 5395
8453 8203 4199 
1 6831 894 8466
13190 13591 6727 
1 5396 7741 9302
12708 8026 11562 
1 4461 2917 6790
5755 227 7817 
1 5397 4002 6303
13307 7219 3971 
1 5529 5398 9119
148 -5 9874 
1 89 2917 8727
10100 5755 4064 
1 5399 2941 7080
17117 7437 3258 
1 8943 8063 9044
1134 10581 8995 
1 8063 5337 9044
7351 8897 10580 
1 8861 2873 9118
19384 3512 3029 
1 9150 7298 9880
8514 18645 3037 
1 7168 5506 7268
4962 10621 14052 
1 897 4178 5402
8181 7419 13862 
1 2698 5050 5450
9278 10681 9833 
1 9043 2596 9789
14099 19205 8442 
1 6584 6906 6907
4716 18666 9155 
1 6708 6747 7010
9966 13226 13133 
1 5292 5504 8913
10788 9202 8411 
1 7633 5207 9916
10203 14963 696 
1 4413 4000 9203
16156 5137 8136 
1 4349 5406 6075
3243 5827 11906 
1 38 1642 5407
3866 10595 10067 
1 1642 2465 5407
513 10182 10594 
1 7700 873 9764
5702 12945 6081 
1 1001 5427 6088
8034 6953 9473 
1 2705 841 9913
12258 19446 11389 
1 4908 5096 8880
6783 9528 17419 
1 1104 8445 9206
4687 10743 18054 
1 4103 7112 8343
18873 13944 12223 
1 5411 1922 8698
12781 16627 2894 
1 4519 6495 7197
406 12508 13554 
1 3243 3267 8972
6349 17598 1820 
1 1690 2709 5412
1390 10213 6397 
1 5665 2977 9778
8408 19183 15610 
1 8372 4169 9778
9195 7015 2063 
1 8389 7084 8626
3613 16919 6314 
1 4576 3554 8368
9640 6641 16411 
1 4192 5652 5884
10828 7712 15634 
1 6492 5707 6665
11186 10747 1201 
1 4950 7987 9159
16539 9698 3472 
1 8840 2315 8959
17179 3950 18607 
1 2692 6138 7094
18644 9776 10960 
1 504 1557 5417
3540 4333 13909 
1 8415 5585 8508
9110 16686 15249 
1 5472 5418 7535
11719 1248 13196 
1 783 4310 5419
11999 10619 8955 
1 4310 40 5419
13735 8440 10618 
1 3055 6883 8074
12470 10276 503 
1 5506 1441 7268
10791 13491 10584 
1 3092 5421 6097
9806 2283 2726 
1 7516 5618 7868
8761 8956 15429 
1 3112 8369 8750
16413 11544 16626 
1 378 2314 9409
1041 746 800 
1 1827 4010 5423
7852 10627 10461 
1 4010 2867 5423
2442 2720 10626 
1 5815 51 7175
8342 6583 -6 
1 7161 6816 7276
2627 14039 14263 
1 2623 5174 5425
10140 10631 18957 
1 5174 2521 5425
6806 3054 10630 
1 4708 4183 7066
9223 8177 110 
1 3154 430 5426
1780 7685 10569 
1 905 3551 6088
18571 11930 6953 
1 1001 5408 8463
1942 16597 8034 
1 811 1511 5428
13056 10637 9363 
1 1511 4779 5428
2363 5432 10636 
1 8511 6266 8884
17392 8920 10518 
1 6455 5941 9811
11642 17194 19250 
1 6104 5430 7282
8198 15889 14275 
1 7945 8103 8223
10909 542 13199 
1 9 1223 5431
14324 3618 10643 
1 1721 9 5431
4995 10642 12784 
1 5432 2155 5537
11601 5305 1454 
1 5432 3396 9346
1454 14125 2507 
1 340 440 5433
13246 10647 183 
1 440 2590 5433
12367 5065 10646 
1 5739 6066 8025
125 15734 11887 
1 2803 3090 7626
5483 2602 9369 
1 5729 5435 8140
2723 15961 12980 
1 1956 6824 8140
13376 12980 2997 
1 2023 6333 6459
5315 12657 1638 
1 407 3751 9892
5796 14100 10797 
1 7249 5239 8795
1543 10103 10085 
1 7432 3346 7583
14569 663 8444 
1 3238 4670 5544
12260 10865 427 
1 6554 8724 9324
16623 12847 18286 
1 6001 37 9825
10979 3326 11952 
1 5439 3759 6663
1337 2189 3378 
1 1066 961 9831
12823 4206 11140 
1 649 1102 5440
2872 10022 19288 
1 667 3477 6856
6807 13437 6412 
1 2157 2829 6561
9812 4934 12288 
1 1001 1591 5442
9473 10665 1690 
1 1591 1283 5442
10185 14760 10664 
1 2475 3063 8433
4838 3637 10215 
1 3352 6342 9844
7653 11408 6681 
1 9083 369 9750
17815 3844 8197 
1 5444 1832 5739
6570 8312 11887 
1 1551 4564 5529
18057 10834 8940 
1 2919 3882 5445
1767 2145 1750 
1 1321 3521 5446
2878 10673 1799 
1 3521 4725 5446
18674 7593 10672 
1 3198 5507 9675
6880 1313 10793 
1 145 3006 5447
6217 4569 10794 
1 3187 8934 9447
17523 5157 5249 
1 2964 414 5671
9821 10364 8904 
1 2415 4956 5449
4720 10679 14206 
1 4956 388 5449
15523 4456 10678 
1 2122 2767 5450
13661 4144 10681 
1 5050 2122 5450
16780 10680 10586 
1 7605 4070 8305
14910 12682 8204 
1 7621 4326 8879
9060 17416 15120 
1 955 2580 5452
11274 6257 10685 
1 4225 955 5452
8272 10684 7612 
1 7600 7601 8938
7946 9590 15425 
1 5051 6067 6697
16578 10400 13125 
1 2490 6908 8231
13541 9896 12144 
1 1004 4026 5455
9937 10690 357 
1 4026 133 5455
7882 7973 10689 
1 2338 5456 8888
14823 828 5414 
1 9734 5456 9735
19097 14823 17646 
1 1004 1135 5457
2157 10694 9937 
1 1135 789 5457
5874 10497 10693 
1 8248 1720 8348
2956 15778 8614 
1 4734 6947 7748
4685 11426 13618 
1 276 3952 5459
8673 1419 10698 
1 5071 276 5459
6258 10697 10501 
1 5460 1204 7832
10700 13283 2766 
1 398 1204 5460
18890 10699 2340 
1 2414 8478 8831
4768 6270 15903 
1 1922 6522 6810
12781 15621 6515 
1 3083 7 8410
8285 978 7438 
1 1308 4429 8748
5903 3970 17158 
1 4603 4645 9500
4305 5140 18635 
1 4645 656 5463
10365 6238 5140 
1 4597 4838 9360
5253 1824 14149 
1 344 345 5464
1125 4389 18357 
1 717 7354 9406
13379 18449 7530 
1 7828 5465 7855
15430 15002 1653 
1 577 4684 5466
9177 10712 9994 
1 4684 2103 5466
5971 1355 10711 
1 3058 5637 6217
4733 11990 9545 
1 122 6517 7588
14178 644 14878 
1 1150 6349 7679
12443 6034 15053 
1 5533 6633 8892
5127 10535 9232 
1 8189 1468 8847
2741 16057 3032 
1 477 2069 9844
12215 19314 11408 
1 5470 1499 6028
19413 9565 7549 
1 961 6543 9780
12823 1144 16341 
1 8749 8218 8978
4059 6588 12981 
1 4314 1301 6224
13816 8449 11596 
1 6732 2712 8253
3256 11797 16185 
1 7535 1668 8253
1248 13195 11797 
1 3097 556 5473
13813 19531 10726 
1 4207 3097 5473
4023 10725 6063 
1 4242 4699 9626
11619 8667 11852 
1 3504 2148 6284
9205 12314 89 
1 5564 5476 9618
1651 16020 18869 
1 3475 5775 9700
11511 12386 7458 
1 1424 5779 9888
11328 5390 4016 
1 1899 1315 8270
2555 10534 16219 
1 4666 5477 8180
9323 8106 8105 
1 524 1206 5477
12320 6027 1749 
1 7031 6974 7032
16857 13672 12999 
1 8595 5669 9415
14368 14564 4620 
1 8083 6290 8998
203 6852 7940 
1 3492 1516 8998
10987 17648 3084 
1 3533 3583 7589
12366 10740 2119 
1 7589 3583 8639
10739 6918 7711 
1 2262 5481 5866
15016 8417 11691 
1 7659 5818 9237
16251 17556 14592 
1 8445 3690 9206
11578 11349 10600 
1 4230 5482 5885
569 770 7993 
1 3157 9599 9935
18831 11165 12240 
1 650 3172 5483
6244 5753 12595 
1 6665 5707 8359
10611 1218 1725 
1 2104 3120 5707
16944 5400 11186 
1 3460 2721 9172
6774 8877 17459 
1 5802 1009 8217
4368 5322 7688 
1 5486 794 5526
16392 11769 2203 
1 5023 2184 7533
2188 14768 8400 
1 5487 2084 6179
18287 6997 11487 
1 6179 911 7489
12109 1765 11487 
1 3306 7411 8260
14527 14526 16199 
1 8260 6614 9355
4813 15902 3478 
1 3370 3450 7841
3884 6603 8067 
1 1989 3770 9736
1781 13258 10508 
1 895 3218 5490
11148 1734 10760 
1 5048 895 5490
10898 10759 10561 
1 903 1722 8180
4002 5418 16040 
1 416 2497 5491
11282 3399 12398 
1 1792 1324 8885
3503 17428 3434 
1 5492 1278 9054
3499 7453 2942 
1 6268 2221 9725
10285 1582 9706 
1 5250 1888 7668
17039 1851 10486 
1 879 9245 9664
18132 16109 6131 
1 8215 6365 9686
8691 11500 884 
1 6616 681 6768
17054 12967 9213 
1 3237 7596 7892
6337 693 2776 
1 2998 7355 9810
14417 14455 17096 
1 954 2177 5496
6178 6941 13494 
1 445 3420 8196
18951 5386 16072 
1 1901 1762 5497
14217 6697 6994 
1 552 1115 5498
43 10776 16140 
1 1115 2503 5498
9133 15725 10775 
1 5499 4720 8172
11385 2043 3808 
1 5808 7324 8168
14357 5890 14356 
1 7040 7140 7141
7236 9956 10900 
1 71 3142 5500
6150 7260 4845 
1 8507 8607 8608
14429 5681 16684 
1 844 1857 9007
6076 1123 4670 
1 4622 721 6573
14214 6613 10005 
1 8085 4079 9646
15692 18575 2079 
1 284 6343 7974
12038 537 6255 
1 4920 7073 9243
9639 8793 12032 
1 739 43 5768
10198 -5 2926 
1 5292 5405 5504
7950 3227 10590 
1 622 5505 6716
5692 11007 13164 
1 3918 5350 6716
14098 1405 6886 
1 3842 1441 5506
14439 10621 10792 
1 4076 3842 5506
14046 10791 11941 
1 2337 3198 9675
6203 10674 18980 
1 145 5447 9675
10675 18981 265 
1 2301 4375 5508
8570 304 8569 
1 2698 2962 6518
16018 14322 7348 
1 5509 407 9892
8487 10653 244 
1 6199 5510 7045
1600 13617 12147 
1 5510 4956 6278
888 4720 13617 
1 5863 1961 7775
2705 236 15244 
1 2199 2922 5512
16660 3111 10802 
1 3939 2199 5512
3589 10801 8347 
1 2795 7432 9524
14568 8444 15143 
1 2795 1495 5513
11918 8008 14568 
1 7925 6180 9440
12050 12051 5134 
1 6180 1523 8434
12050 3513 14549 
1 856 4563 9855
8938 8709 19335 
1 6053 8136 9086
815 9835 10031 
1 3804 334 8149
1831 15125 12474 
1 1544 678 5517
7107 6759 10811 
1 3825 1544 5517
9598 10810 7491 
1 510 1584 5518
14742 10813 924 
1 1584 269 5518
127 9375 10812 
1 530 8829 9482
17318 12332 18600 
1 2210 5568 8591
17242 16849 6648 
1 4048 5520 8316
1211 1871 15329 
1 384 1077 5520
16197 5573 1211 
1 5942 5189 6631
5843 10169 3586 
1 4896 5942 7776
2397 3586 18231 
1 1644 1821 5522
16905 8175 10821 
1 4554 1644 5522
8299 10820 17426 
1 3972 5646 5654
16850 7777 18489 
1 5523 3246 6127
6354 16732 5051 
1 5728 939 9268
11227 18177 11225 
1 3951 4344 5536
2961 8508 10849 
1 9428 8156 9715
6207 5230 5399 
1 4049 3890 9203
1084 18048 8644 
1 5652 4192 5924
10610 9841 11080 
1 5226 5526 5561
2203 2154 2202 
1 1707 3660 5527
207 10831 10860 
1 3660 2248 5527
5563 7118 10830 
1 5528 686 6388
8919 1861 5463 
1 900 5963 7009
11684 13740 5664 
1 4564 5445 5529
2146 10835 10670 
1 5445 5 5529
2145 2349 10834 
1 5699 2164 8752
11169 9763 17167 
1 5530 7174 9581
14897 9720 18795 
1 2233 7424 8292
14552 14062 16262 
1 2542 2561 7424
3828 1235 14553 
1 1319 7574 8951
11194 5118 11193 
1 6271 4743 6820
15124 4215 15060 
1 125 4713 8892
6035 17441 2953 
1 72 2549 5533
19017 3468 9232 
1 4822 6346 7745
13755 3376 15184 
1 7017 989 7765
5977 12864 9672 
1 19 4483 5535
6253 10847 4871 
1 4483 1256 5535
8782 830 10846 
1 2373 6726 6993
11948 4829 12087 
1 1520 3951 5536
1699 10825 8556 
1 7877 5998 8415
8605 11600 16502 
1 2668 4889 5537
4211 2735 11754 
1 5414 3978 8167
16451 16014 15815 
1 8368 7604 8467
4452 14908 9328 
1 2784 1861 8968
13182 5446 17590 
1 8057 293 9009
14112 4425 3635 
1 1915 2255 5540
18835 531 10857 
1 3315 1915 5540
9685 10856 6622 
1 3153 981 7627
11627 14952 6504 
1 4947 4396 8922
8611 10513 17500 
1 1707 5527 6192
10830 6175 12134 
1 5542 6954 8139
6963 6172 9834 
1 8141 5701 9079
9660 10190 4672 
1 6375 7556 9079
17868 14813 10190 
1 1674 1463 5544
3987 12843 10865 
1 4670 1674 5544
15639 10864 10656 
1 8416 5951 9743
6378 4721 8685 
1 8312 8051 9540
16493 9688 8128 
1 5546 3463 6912
3508 13548 5757 
1 6924 1620 8538
12608 16745 8642 
1 9444 9358 9466
7527 2732 36 
1 3677 5013 5834
5141 790 11435 
1 1542 5600 7686
14541 14537 3004 
1 4135 3565 7214
13748 6810 14143 
1 792 5549 6306
15571 10194 17307 
1 3851 5298 7850
13420 10375 15394 
1 3513 3895 9980
8466 12715 14825 
1 4983 4619 7562
8316 5465 14826 
1 4479 3873 6435
14502 8590 14192 
1 5551 6569 8124
12874 6309 15930 
1 5738 737 6700
11246 6752 13132 
1 6420 7002 8406
-6 13727 16484 
1 5553 2725 6586
10883 5310 12521 
1 2725 5553 6386
10882 246 5311 
1 298 2941 6922
7437 15892 13569 
1 4050 5554 5943
3656 11552 5215 
1 280 1568 5555
14875 10887 11526 
1 1568 1135 5555
5875 2157 10886 
1 3486 2604 7128
1748 13974 6824 
1 2114 2316 6577
18801 12889 1876 
1 2618 2062 7711
15111 15116 5718 
1 7611 7711 9383
5718 288 5448 
1 3824 2980 8437
5948 15817 5201 
1 2230 2660 5558
8666 2118 11047 
1 779 3836 5559
13041 10895 9352 
1 3836 1527 5559
6532 3774 10894 
1 1806 6593 7264
1365 11514 9870 
1 5698 1677 7224
13712 14162 11168 
1 895 5048 5561
10760 10899 11151 
1 5048 5023 5561
2188 2202 10898 
1 3841 7040 7141
4324 10779 7235 
1 3069 2213 5562
14388 2739 13999 
1 8143 4103 8144
191 3440 4393 
1 8123 6237 8343
15928 7992 13944 
1 2699 1094 5564
5279 10905 18869 
1 1094 3067 5564
99 8170 10904 
1 2599 5038 6067
14163 10907 16577 
1 5038 5022 6067
14966 13519 10906 
1 5430 4187 8223
8198 16125 542 
1 7945 7859 8103
1404 8664 10641 
1 4227 3287 9339
16977 13991 18316 
1 8228 5567 8287
13992 4044 15015 
1 3522 409 8790
9163 2625 3628 
1 5568 2006 8413
17241 451 3917 
1 8228 7137 9339
15015 2394 10322 
1 4544 5569 5570
6784 19158 10917 
1 8037 5570 9765
15759 19158 6331 
1 2127 4544 5570
8903 10915 15759 
1 159 652 5571
19405 10919 5991 
1 652 1590 5571
6064 9724 10918 
1 1714 5253 8755
10291 7869 17172 
1 1159 3805 5572
7140 7452 8453 
1 5573 3271 6058
2774 11872 1670 
1 3701 906 9543
1958 18720 11944 
1 7490 5550 9084
9770 9008 9252 
1 4987 5121 5574
10032 9437 17011 
1 4442 4402 9677
8701 6297 17013 
1 2263 4585 5575
2501 7922 18593 
1 617 1397 6714
3954 1327 4727 
1 3488 6714 8349
13160 3553 5519 
1 1410 6448 7893
1251 7342 6993 
1 4951 985 7794
7784 14155 13393 
1 8912 498 9757
12052 4908 9805 
1 773 4101 6352
12648 18225 12449 
1 7439 5760 9983
768 3132 11291 
1 772 686 5579
1861 3816 13137 
1 3334 1943 6894
6135 12158 13513 
1 5653 370 6619
6910 6326 6723 
1 7717 1524 8873
3939 6518 7339 
1 332 3109 5581
18275 3940 15308 
1 6302 481 9568
12351 4309 1315 
1 2803 6578 9202
9369 11262 18047 
1 4100 5583 5598
954 3251 10943 
1 1125 4100 5598
14765 10942 7319 
1 5177 991 8670
12894 17005 6107 
1 5486 8359 9351
16393 4267 16392 
1 711 6172 6316
8805 12093 2652 
1 6316 2179 8848
3486 17355 11720 
1 6885 8773 9804
17207 1995 16792 
1 954 8875 9976
10405 17215 6178 
1 4785 358 9438
13069 981 683 
1 2061 2451 5587
14662 2019 3301 
1 1731 1235 5588
16439 10953 10495 
1 1235 5357 5588
10496 9371 10952 
1 6857 5589 6957
9149 9899 16344 
1 770 4491 8476
9942 1387 9968 
1 7843 3700 8943
8896 17541 8995 
1 2398 5482 5590
2046 569 17344 
1 2829 6670 9627
13073 2564 12469 
1 9288 472 9795
18217 5168 12869 
1 6945 2692 7094
1244 10614 3746 
1 1058 7614 8717
14927 15161 16609 
1 2792 3060 5593
10351 10963 5990 
1 3060 686 5593
3816 8919 10962 
1 3494 3472 5746
8634 16488 11263 
1 7926 5444 8026
6570 15542 15737 
1 7072 5595 7329
12395 12375 13096 
1 424 2558 8952
5001 4137 17559 
1 2656 943 8818
11145 18949 449 
1 8275 437 9088
19582 601 621 
1 5180 5181 8315
19519 605 10152 
1 1906 1916 5750
5013 19125 3126 
1 3181 6974 7645
13672 12193 12184 
1 6698 3737 7645
13987 12184 13671 
1 6475 3839 8338
17385 16351 11491 
1 1240 1683 5599
602 8271 15444 
1 7416 286 7686
16429 15067 14537 
1 2265 1904 7814
12104 4426 15322 
1 1647 7415 8768
12009 7921 17197 
1 37 6001 6690
10658 11759 11371 
1 2960 2978 9673
19591 5043 18977 
1 208 3081 7764
6228 1581 15222 
1 724 5605 8913
11184 8411 8410 
1 526 290 6530
12373 8571 12960 
1 366 6181 8244
12113 11973 1834 
1 2993 4295 9745
5858 5859 1517 
1 1084 4697 5605
15705 7854 11183 
1 1516 3492 5606
10738 10988 19327 
1 3492 1908 5606
16332 2292 10987 
1 1223 7307 7399
14324 16473 3373 
1 5607 1844 5685
18646 2536 17363 
1 5710 8646 9122
19246 11191 9735 
1 3724 8010 9745
15706 9201 19119 
1 3199 4315 5609
4603 10994 5734 
1 4315 869 5609
9456 3201 10993 
1 8346 7100 8627
3177 11524 16922 
1 5790 5610 8945
17157 7754 13921 
1 2742 2156 9299
197 18238 1363 
1 2581 3192 5611
17041 3115 9585 
1 5333 6300 9684
10391 18998 12861 
1 1638 6372 9684
1240 12861 3922 
1 5613 1144 5709
7997 3726 5231 
1 5709 4084 6967
11189 9653 5231 
1 2965 3065 8273
17961 919 16225 
1 3065 3064 5614
17960 1168 919 
1 1806 3002 6330
9870 12405 6234 
1 628 3185 6330
18117 5083 12404 
1 5505 5616 6716
8980 6886 10789 
1 7512 4283 9577
12815 8581 13918 
1 7014 1634 8220
3850 7422 16120 
1 5111 2605 9689
1217 3781 13827 
1 7868 495 9266
11411 8509 12086 
1 5719 7380 7516
795 11208 14735 
1 953 5082 8363
11494 5787 16401 
1 83 1825 5619
5529 7035 12268 
1 5719 6124 8906
11209 3467 11210 
1 2373 6168 6943
12087 5603 13611 
1 7054 8661 8757
11401 5900 5961 
1 5912 6092 7213
5615 11588 11587 
1 7497 109 9276
11020 14763 18193 
1 4585 109 7497
6688 11019 9378 
1 1768 4527 5623
6407 11022 1797 
1 4527 1835 5623
14607 3784 11021 
1 666 5624 9327
11024 1418 1316 
1 5624 666 9071
11023 3140 16013 
1 2861 7691 9552
15076 18737 5616 
1 5758 5625 7691
11287 18737 3247 
1 4886 3242 8820
15867 15825 9727 
1 4784 73 5626
2433 9372 9573 
1 6541 5338 9193
12819 13016 5554 
1 2839 4299 5627
13959 5834 18030 
1 3898 4261 8635
18955 7851 1317 
1 3456 7417 9389
1813 6729 3718 
1 3961 5365 8985
13855 10512 2650 
1 7069 277 8985
14248 8180 10512 
1 1968 20 8654
8159 936 3294 
1 4675 2861 6209
15076 12167 5597 
1 172 215 5631
13510 11038 787 
1 215 1993 5631
11107 5775 11037 
1 4451 2239 9193
19181 18029 13016 
1 3744 3043 5632
7333 10459 6643 
1 7862 4861 9531
15418 5017 14628 
1 2396 9121 9722
17888 7959 17926 
1 3693 5841 7585
8291 2936 14872 
1 7625 425 9092
2835 9576 17832 
1 155 49 5735
11632 11239 15440 
1 7725 2951 8342
13181 16358 1852 
1 2230 5558 5636
10893 11048 7489 
1 5558 1051 5636
10188 8557 11047 
1 4872 6119 7331
1160 9113 14371 
1 6917 3341 9067
18140 13165 13558 
1 1995 1997 9651
11052 14408 18934 
1 1997 1995 7049
11051 962 15898 
1 5858 2615 7592
1150 11482 4988 
1 2946 2651 5858
14674 9197 4988 
1 8365 4943 9991
16405 14898 9879 
1 1780 1165 9767
1037 19162 3664 
1 411 1317 5641
13010 11058 8602 
1 1317 371 5641
14101 6423 11057 
1 2556 5741 8932
4996 16458 13810 
1 2259 2363 5642
15069 7692 5468 
1 5643 8461 9697
16593 8729 16590 
1 7759 8461 8592
5256 16593 8528 
1 6637 4490 9156
8796 2592 8795 
1 3179 1705 5644
2153 12528 3329 
1 6340 5503 9214
9852 7230 12425 
1 3692 3141 6236
11827 15987 9853 
1 8531 3471 8597
6056 16861 3006 
1 8591 3972 9427
16850 18489 15774 
1 4786 933 8758
16302 412 17178 
1 1798 630 7630
17206 2391 12504 
1 1239 2856 7701
19038 14698 9824 
1 619 6992 7237
4312 2748 14189 
1 1888 8687 9705
17039 267 17038 
1 5747 7389 8214
7058 14 2405 
1 5796 6229 9485
17668 16416 9764 
1 377 2532 5650
16966 5402 10237 
1 5143 808 5987
12902 3238 675 
1 5651 808 7328
1565 7263 17856 
1 5484 5584 9351
3180 12721 4267 
1 5652 5924 6006
10828 10240 11147 
1 3232 8363 9691
16401 11743 19012 
1 3076 370 9779
6326 6910 4007 
1 1543 5523 5654
11951 11084 7777 
1 5523 2583 5654
5051 16659 11083 
1 7994 868 8806
6659 12631 2586 
1 150 3881 6465
7599 17674 1203 
1 3038 5228 6980
16289 4090 9888 
1 4369 4536 9997
15818 19597 3678 
1 5657 2461 6864
9348 8122 2057 
1 181 5062 5657
9919 9348 11321 
1 276 789 5658
10497 11092 8673 
1 789 3001 5658
5874 9925 11091 
1 6431 1999 8390
12603 7659 280 
1 4073 5659 9534
15585 7743 14338 
1 5095 1381 7300
12153 14311 1441 
1 4240 858 9850
16201 19326 12598 
1 6837 1927 9613
10128 11098 9781 
1 1927 4993 9613
3055 11542 11097 
1 1098 4091 5662
17946 1605 11100 
1 4493 1098 5662
18407 11099 2128 
1 500 1892 9661
5342 18025 11243 
1 9226 324 9424
18094 3745 5028 
1 144 2606 8554
16045 16776 1623 
1 5664 1112 6597
14820 4606 11701 
1 4257 3384 5898
1991 3244 11560 
1 5898 5413 8576
11559 8337 14445 
1 1993 215 5733
11038 11406 2221 
1 2853 1341 6893
9312 7110 8428 
1 2001 1443 5705
12107 11181 50 
1 6644 4078 8834
7285 10373 17328 
1 436 6480 9325
9074 12502 835 
1 1532 699 5668
18009 2908 15802 
1 7689 1400 8249
14451 13773 13970 
1 916 1940 9415
1593 18465 2181 
1 4894 6305 7425
12357 12354 15327 
1 2283 5670 7425
6083 14555 4462 
1 7570 6603 9303
9267 3705 1816 
1 4643 656 5671
9831 9099 13154 
1 771 3577 8129
11171 19277 7283 
1 2188 400 7064
-6 5751 18994 
1 810 5389 6185
11844 5709 12121 
1 1377 1491 9300
4291 10559 8779 
1 5873 3838 9542
11904 16356 11320 
1 3808 5775 8373
12386 6803 7457 
1 545 5417 5675
1713 11126 6749 
1 5417 1594 5675
4333 3108 11125 
1 5676 8037 9484
3710 6331 11403 
1 7659 3465 9765
14592 4018 19159 
1 1418 2841 7548
2552 2050 16326 
1 1416 3404 5677
15835 2756 14797 
1 756 1785 5977
19318 19117 4571 
1 5679 5393 5931
9858 11622 7665 
1 5956 2488 6719
3109 13169 11671 
1 6551 2630 7303
12838 9771 -6 
1 2684 5681 8868
8720 8719 8323 
1 4250 8381 9611
367 930 18855 
1 2224 4760 6651
16744 11138 7197 
1 6651 4760 6999
11137 11916 1996 
1 6626 961 8377
4206 4433 4806 
1 3792 1066 9831
6478 10660 1859 
1 279 3619 8857
18748 15331 17373 
1 3617 4127 6121
17849 4419 11994 
1 5685 224 8953
2536 5550 4524 
1 6401 2110 8954
12545 7811 17362 
1 943 2656 9580
10968 1833 2519 
1 5688 5687 6618
5401 5193 13837 
1 5415 5652 6006
1922 11080 18339 
1 3218 895 5690
10759 8208 11153 
1 5664 1311 7559
18696 5096 14820 
1 839 6521 8280
14819 16237 3932 
1 895 5561 5689
10898 6299 8208 
1 2606 1129 5690
12596 11153 16776 
1 1129 3218 5690
4109 11148 11152 
1 5838 2422 6038
7120 964 11443 
1 7523 6422 8130
3189 14748 15941 
1 7713 343 8879
16318 10294 2009 
1 4326 3138 5692
9060 10428 17416 
1 1277 928 9951
11298 19515 19322 
1 1730 3567 5703
3411 11177 11178 
1 5694 1028 7671
7207 15039 8768 
1 6296 2578 8747
8996 3354 15681 
1 6753 2905 8648
3643 5041 15415 
1 6435 8124 8300
8383 11164 13852 
1 8124 1848 8300
6309 16526 11163 
1 9599 2771 9935
13391 5420 10745 
1 6247 541 8397
8550 16466 12594 
1 6077 7194 7634
6529 6018 4599 
1 5560 5698 7224
13312 10897 15453 
1 1881 2164 5699
8852 10836 11170 
1 2254 1881 5699
12810 11169 4404 
1 3577 771 5859
11119 5060 11484 
1 1831 2588 6197
11483 11962 16975 
1 7815 4931 9984
93 19576 575 
1 7639 625 9984
17472 12493 15323 
1 28 1396 5702
16601 11176 18898 
1 1396 165 5702
2447 2905 11175 
1 5703 3567 9236
11159 18113 1935 
1 104 1730 5703
10363 11159 7984 
1 5732 3854 7155
7547 11235 9783 
1 546 2351 6672
11757 1050 4684 
1 1443 4023 5705
3046 11182 11109 
1 4023 4160 5705
10379 17327 11181 
1 1084 5605 5706
10986 11184 19118 
1 5605 724 5706
10982 2169 11183 
1 6492 2480 9653
1201 4289 18938 
1 2104 5707 6492
10748 10611 4847 
1 5708 3246 6098
16091 6354 13669 
1 392 3438 7978
17238 7566 16490 
1 452 4084 5709
5643 11002 11190 
1 4352 452 5709
11674 11189 3726 
1 8646 2565 9122
16958 15908 10991 
1 2111 7349 9809
14405 17225 16957 
1 3455 1319 8951
6764 10840 6765 
1 7574 1319 7683
10840 6764 8318 
1 4014 8755 9304
17172 8402 18249 
1 3670 448 5712
4441 4198 7859 
1 5622 7358 9276
5546 18192 3392 
1 4258 1867 9621
9115 9986 17808 
1 3305 5212 7677
10407 13829 11947 
1 3222 7677 9120
15050 13829 13830 
1 1809 8609 8947
16886 5507 3874 
1 6706 4348 8314
13144 18020 14692 
1 998 7431 9090
14566 2351 17829 
1 7961 5929 9218
13446 6015 17828 
1 817 2778 5717
12283 11206 1529 
1 2778 4015 5717
1036 9707 11205 
1 3080 1221 7763
12383 5027 15220 
1 7380 601 7516
14466 5078 11012 
1 5719 3850 6124
14735 5747 11015 
1 5718 5719 8906
795 11015 8441 
1 3852 4907 9851
728 19328 7149 
1 2727 3849 5720
14801 9658 5334 
1 9373 2582 9879
18384 19340 5048 
1 3802 1506 7227
7446 7660 507 
1 6155 958 6869
9000 13462 6520 
1 1057 2789 5722
5457 5937 12536 
1 6081 5552 8406
13721 3331 11917 
1 5723 1706 9650
11363 12581 14428 
1 2272 3647 5724
19053 7088 11220 
1 4127 2272 5724
3026 11219 4419 
1 2004 1193 8999
208 6773 669 
1 180 5089 5726
4593 11223 9050 
1 5089 2124 5726
1652 9865 11222 
1 2316 9584 9639
18801 932 2113 
1 5727 5728 9268
17710 10824 973 
1 610 5524 9268
13087 3061 18176 
1 506 939 5728
18917 10824 3105 
1 6824 4419 6925
7901 13574 4102 
1 502 6727 8710
12234 2114 2724 
1 7852 9167 9591
7529 15200 17476 
1 6964 7849 7962
12172 13619 15391 
1 6421 6784 7394
2242 8493 311 
1 413 2868 5731
14494 5610 8118 
1 3336 5127 6952
13229 3699 6531 
1 7155 3854 9174
11179 14027 14026 
1 7874 5819 9341
11630 11826 11825 
1 1145 5819 6893
11826 5428 7110 
1 1145 6590 9341
10064 11629 11826 
1 49 5321 5735
4263 11241 11045 
1 5666 5733 8084
2221 662 15852 
1 5321 1861 5735
15798 10424 11239 
1 4992 8198 8224
16076 3695 5029 
1 5736 500 9661
6581 11101 5632 
1 2804 253 9605
15534 15703 18843 
1 4669 7918 9404
9147 13680 14521 
1 737 5738 6501
10880 3330 1559 
1 1228 6700 8804
13132 1338 1336 
1 7722 5277 7823
5527 10338 8314 
1 5739 2826 6474
15339 6320 125 
1 6664 3211 9588
4783 6285 12078 
1 63 4703 6768
17911 3500 7495 
1 7044 2068 8932
14113 17519 13718 
1 5945 2924 8805
3136 17270 6390 
1 4135 1752 7013
13804 13552 13748 
1 4962 6715 9790
4157 9107 5258 
1 246 5647 7630
2310 14958 3510 
1 630 130 5743
13422 7676 2391 
1 5744 3984 7772
17271 15238 9394 
1 663 6805 8805
3135 6390 7552 
1 8001 1085 8527
15113 -6 11261 
1 5745 8001 8527
15689 11260 15688 
1 6578 4782 9202
11888 17079 10941 
1 538 3494 5746
17368 10964 14949 
1 1212 2324 7540
142 11265 14783 
1 2324 944 7540
5251 14752 11264 
1 1002 5748 7322
11267 4334 -6 
1 1002 4702 5748
-6 9600 11266 
1 7667 7666 8823
3020 6400 8778 
1 1498 6068 7666
11892 8045 3020 
1 3927 3131 9748
18836 11271 7586 
1 3131 7511 9748
6395 13163 11270 
1 1158 4568 8979
18825 2425 17612 
1 5941 5751 9131
10346 9329 17611 
1 2580 955 6755
10684 2816 5617 
1 5752 4167 6755
11469 13241 6232 
1 8691 4063 9641
17047 1305 15192 
1 3859 7924 8439
15539 11647 16550 
1 114 5754 9017
16754 3291 1655 
1 3779 5754 5948
3291 15312 11655 
1 2800 2172 5755
10170 11281 12565 
1 2172 3467 5755
13083 9385 11280 
1 2497 416 6526
10762 4881 9715 
1 5756 2049 7402
12789 14509 9105 
1 3496 1003 7450
12138 266 14604 
1 7065 5757 9250
7644 15043 12503 
1 4608 488 9552
3773 5616 937 
1 3001 5625 5758
9028 11026 9925 
1 5335 7455 7485
4886 7322 10452 
1 1325 3437 5759
14686 3353 14613 
1 6756 5913 9002
-3 14479 2895 
1 561 7439 9983
14583 10934 19575 
1 3952 5262 9151
10310 7262 7261 
1 3990 4834 9890
2200 8009 19404 
1 4338 1338 9350
9029 2240 1138 
1 5762 3165 7308
2072 7485 4911 
1 8242 1841 9059
1345 17148 5148 
1 2339 6901 7456
14436 12076 5729 
1 928 1277 6571
11158 7570 12877 
1 3870 1768 9513
5722 1797 18662 
1 4298 2752 5866
1278 11498 384 
1 8730 6953 9013
8416 4155 8057 
1 3987 4578 8982
14808 7807 6103 
1 118 5725 5766
-5 5343 17617 
1 5860 33 7521
6995 11485 5234 
1 1851 2654 7395
1283 14495 10430 
1 2051 5504 5768
9202 7951 -5 
1 669 9270 9523
14530 6701 6702 
1 7320 8273 9269
742 3309 12750 
1 7498 5015 7938
11310 2863 11658 
1 5015 7498 7701
11309 9825 15096 
1 1924 672 9479
5327 1854 18594 
1 672 1378 5771
16553 5084 12562 
1 5974 6074 9230
7516 11488 11710 
1 2455 4936 5772
14187 3979 18603 
1 70 2024 9751
10359 5513 3645 
1 2823 2822 9860
7957 7365 19345 
1 7199 376 8393
11318 6391 8794 
1 5837 376 7199
18290 11317 13809 
1 9618 8170 9700
16020 9560 1779 
1 2763 5873 9542
11512 11123 18719 
1 181 5657 7429
11090 9918 7371 
1 959 1934 5776
3081 6377 12175 
1 3304 897 7071
8181 13862 11324 
1 2162 3304 7071
383 11323 9860 
1 5778 1106 8553
8434 2965 9393 
1 4307 458 6854
2924 13433 1939 
1 5980 6647 8474
3931 1359 18651 
1 1424 2131 5779
885 2120 10731 
1 9335 3227 9528
18308 8381 18291 
1 4868 5780 6778
15475 13268 13284 
1 2496 2331 5781
4557 11332 5851 
1 2331 2655 5781
1391 2386 11331 
1 6418 4529 7447
201 1291 8872 
1 5782 970 7862
14444 8873 14628 
1 391 1905 5783
7337 11336 6610 
1 1905 1574 5783
18135 6612 11335 
1 3938 3591 8670
8281 7033 7034 
1 5882 2330 8539
13029 10146 8998 
1 3989 7399 8852
3373 8515 14504 
1 3616 1718 5785
9003 1694 4121 
1 21 4478 6809
7795 3064 8771 
1 84 3408 7703
1511 15100 3963 
1 2572 4827 5787
9457 11344 5697 
1 4827 2681 5787
16075 1684 11343 
1 1778 4231 6354
7366 12453 938 
1 1171 6114 7669
1637 3827 6229 
1 2236 8407 9886
16486 15792 19396 
1 5789 8054 9861
16485 -4 277 
1 3690 5410 9206
16361 2955 10743 
1 6296 3395 7145
3642 7843 8996 
1 5791 2764 6819
6075 7906 11792 
1 8311 608 9140
5263 5407 7405 
1 2863 2732 8283
1525 5994 17491 
1 2097 5792 6810
16244 5857 13348 
1 7144 6056 8706
5292 7374 3914 
1 2408 4093 6219
4282 5159 3738 
1 7317 2019 8322
2500 9392 4219 
1 2044 3976 9182
7786 2143 4728 
1 8085 8869 9744
15853 15390 15692 
1 6870 4853 9008
5979 3754 11971 
1 1886 6570 6870
12876 5979 13465 
1 5682 6651 6898
7197 1996 1010 
1 1706 5723 8804
11218 1336 13130 
1 2001 4223 9262
8269 16967 13059 
1 1702 3719 8129
16968 7363 15939 
1 1494 2589 9633
5062 11697 11992 
1 8662 1487 9720
19056 16282 7299 
1 423 3529 9982
11599 1697 1602 
1 827 4039 5800
7908 8841 19102 
1 1563 9624 9825
18881 11952 2599 
1 37 6690 9682
10979 -6 9433 
1 6709 6329 9483
12049 8426 12573 
1 5771 361 8217
5084 7688 16114 
1 8848 3491 9291
17356 15454 9505 
1 5981 5585 7466
16686 12951 18222 
1 1170 724 5804
2169 11377 458 
1 724 1654 5804
8410 1431 11376 
1 6261 952 9691
12269 6327 3796 
1 1943 953 5805
6134 1847 1844 
1 7798 4465 8513
15290 3049 3274 
1 394 4404 8561
8626 12136 5109 
1 689 5952 7206
1916 11383 14127 
1 5952 4212 7206
9390 11663 11382 
1 3977 4720 5808
8202 11385 14356 
1 4720 5499 5808
10777 10132 11384 
1 268 267 5809
13980 2428 11387 
1 1884 268 5809
7445 11386 2907 
1 7789 5810 9913
3092 18106 15122 
1 7714 2705 9913
17615 10598 18106 
1 6639 1146 9126
5824 17896 10101 
1 2378 5342 6040
3482 11837 2459 
1 592 2379 5812
5381 11393 11396 
1 2379 609 5812
17341 8856 11392 
1 7050 7095 7379
9629 1271 14464 
1 5813 7379 7593
14464 11956 14463 
1 592 5812 9048
11392 5183 9471 
1 978 1892 8134
6772 5342 3021 
1 3362 2894 7175
421 14066 6583 
1 3220 3320 7539
18690 7288 14781 
1 4432 1461 7539
2845 14781 8682 
1 7054 5714 8661
15799 5473 11017 
1 8661 3114 9619
16988 5437 5900 
1 2129 5676 9484
12387 11127 18604 
1 7444 5481 9237
18137 15016 17556 
1 5935 155 9341
4221 11825 18320 
1 5733 215 6893
11107 13510 5428 
1 413 4146 7319
8118 8458 6682 
1 6342 477 9844
2505 10718 10667 
1 5391 3392 7810
8240 8139 14471 
1 5821 7253 9763
19485 8546 8241 
1 5822 495 7868
11412 11011 8956 
1 495 5822 5823
11411 15553 7539 
1 2114 5556 5823
1876 11414 13975 
1 5556 685 5823
13184 7539 11413 
1 1393 324 5824
3745 11416 14653 
1 324 4982 5824
3368 5265 11415 
1 4799 5825 6530
11974 6745 8571 
1 4679 2571 6181
11977 8543 9403 
1 968 3933 6577
1819 2285 12890 
1 1593 5727 5826
17709 2527 18910 
1 285 9520 9898
18675 5577 18477 
1 1524 5827 9820
3939 9381 10211 
1 2355 6899 9386
13522 4004 1447 
1 6592 2842 6751
14460 4449 4560 
1 6249 843 7034
3358 198 7157 
1 7748 6947 9756
10696 14998 19141 
1 1823 3872 5995
17706 11748 355 
1 1822 8172 8963
16025 3559 17581 
1 9065 2048 9986
4001 14202 -3 
1 3191 4247 5832
17535 11431 4493 
1 4247 194 5832
8317 5745 11430 
1 4390 2319 6787
4089 19598 13302 
1 2095 2094 9981
10006 10007 4502 
1 5263 5834 7265
7727 790 6737 
1 4144 3677 5834
8309 10871 10312 
1 2382 8877 9132
17139 3349 17908 
1 1533 3119 5835
1114 8650 9031 
1 3613 4459 8195
7076 9341 8734 
1 1056 5836 8195
12882 16070 3794 
1 7044 293 7199
4425 14112 14113 
1 5936 6036 9326
5582 9082 9313 
1 601 2864 6038
8762 11832 11833 
1 5838 6038 6119
11154 11832 7121 
1 4204 3496 7673
15225 14604 7253 
1 6691 2128 6717
13559 17675 13166 
1 2003 7459 8811
14621 3911 12382 
1 3213 1088 7783
6744 12950 1566 
1 2096 4234 6806
19501 13339 4754 
1 5842 4565 7074
15742 9070 4638 
1 82 8074 8621
2805 9861 3414 
1 6247 5697 9599
12594 14664 18831 
1 3902 3526 5978
2001 5212 11714 
1 730 5347 9680
4147 15631 18990 
1 8793 2874 9680
17247 5339 2966 
1 5845 171 9676
4361 18982 11696 
1 178 1054 5845
3926 4361 809 
1 3784 3317 8962
19074 2930 1380 
1 3627 2530 5846
17973 8053 17579 
1 4759 3052 7288
17140 9325 37 
1 570 1289 5847
16694 3044 14287 
1 6051 297 6251
12579 3644 4256 
1 6135 8281 8447
879 16239 18844 
1 2909 2173 9391
4566 4054 18419 
1 7178 4384 8677
12681 2483 4455 
1 1863 4803 5850
9101 11466 7720 
1 4803 4903 5850
-5 12984 11465 
1 1302 5851 9566
2008 4029 8637 
1 4311 6518 9003
7348 118 12773 
1 4167 5752 7327
11275 9498 14363 
1 4848 1968 7327
8159 3845 5045 
1 531 3635 5853
7117 11472 14994 
1 3635 1740 5853
10352 16794 11471 
1 701 8127 8563
15935 380 3187 
1 1536 1636 9455
13750 2589 2993 
1 7262 4175 7393
14236 8476 3208 
1 6760 5855 7262
4632 9857 3208 
1 3589 347 5856
15457 11478 8971 
1 347 4656 5856
15891 2661 11477 
1 5857 3516 6879
14435 4690 2395 
1 7488 3200 8426
19438 18857 5149 
1 149 2615 8715
12359 13389 17093 
1 2615 2890 7592
12360 14885 11053 
1 2588 1831 6099
11172 2598 2809 
1 1563 3577 5859
2599 11171 11953 
1 33 2676 7521
3579 14744 11304 
1 1100 2789 5860
9400 6958 5234 
1 5487 6179 7489
10753 10754 7578 
1 6074 3347 9230
11903 14913 11313 
1 891 2056 5862
3709 7018 11490 
1 5280 891 5862
10151 11489 16608 
1 6475 8338 9656
10974 -3 16232 
1 1021 219 8086
1676 5504 15855 
1 3134 5082 5864
5576 11494 6527 
1 5082 953 5864
11013 6134 11493 
1 7143 164 8934
5361 8512 17524 
1 741 414 5865
8504 9821 8114 
1 1451 1189 7085
7228 4017 8319 
1 2752 2961 5866
2563 11692 11300 
1 5867 2205 8632
16535 17811 9887 
1 6365 334 9686
15125 1831 10768 
1 5868 710 6109
6954 11640 10195 
1 1682 3768 7895
3391 7380 283 
1 536 203 9004
-5 17466 11504 
1 8903 536 9004
-5 11503 17474 
1 6144 6576 8038
3059 6147 9638 
1 3323 4806 6146
3830 4618 12042 
1 9430 6221 9662
2015 8344 1246 
1 7217 2495 8966
6977 14148 9006 
1 8243 8448 9883
2811 16166 4974 
1 4177 3247 9623
18039 5922 18879 
1 5775 3475 9542
10730 16419 6803 
1 2763 5772 5873
5404 8245 11320 
1 6593 3116 7880
12330 15452 11514 
1 7264 6593 7880
10896 11513 3010 
1 1301 1635 6876
6825 9582 8449 
1 757 6623 9941
8656 13298 14749 
1 2533 2739 5876
1353 3587 11518 
1 4197 2533 5876
80 11517 17787 
1 2831 865 7167
410 1714 7609 
1 2900 3561 7649
15378 14996 4223 
1 3147 2952 5878
2217 11522 2004 
1 2952 3584 5878
205 3070 11521 
1 8047 2280 9788
4088 15612 19203 
1 7100 8445 8627
13794 13920 10995 
1 889 5880 6755
3056 5617 13241 
1 280 5555 8593
10886 8158 16853 
1 4381 5881 7191
8189 187 3609 
1 5881 3517 8124
7689 15929 8383 
1 1493 4593 9183
16005 5389 886 
1 6087 5177 6310
7855 7017 7856 
1 6168 6993 9760
12087 10234 11949 
1 1127 6097 9760
2726 11949 4636 
1 5983 4386 7973
11724 3825 11534 
1 5983 7973 8539
11533 8207 10146 
1 5885 3558 6237
770 239 3332 
1 3636 300 8123
13633 15927 13943 
1 6231 3740 7245
12211 5200 13840 
1 1375 5795 5886
7492 3485 8733 
1 6405 5887 9139
4473 12879 10172 
1 2288 755 5887
15186 1339 4473 
1 6460 35 7133
562 5671 12849 
1 4993 4427 9613
1394 10127 11098 
1 3174 2812 6961
801 13646 1343 
1 8369 8477 8750
44 2002 10624 
1 5890 237 5978
16389 6904 5212 
1 3526 1354 5890
2001 5548 5212 
1 2541 496 8333
12522 16342 5346 
1 4527 7655 9516
15007 18668 14607 
1 2519 5892 7255
4925 -4 5703 
1 7334 683 8207
14377 14467 7920 
1 4097 2585 6015
13886 11787 11788 
1 5943 5554 6790
10885 7817 8738 
1 89 435 5894
15893 17897 10100 
1 1337 2680 9145
5242 6509 17935 
1 6663 4223 8647
16967 8269 15345 
1 1076 7750 8178
15194 3375 5700 
1 2452 2780 9701
13337 19030 7535 
1 9243 9417 9572
13866 4617 12032 
1 5413 5898 6499
11106 3244 8211 
1 4169 4257 5898
9195 11105 7015 
1 822 1017 6698
12192 1971 4190 
1 7031 5396 9302
6726 10574 16857 
1 1386 831 9934
9046 4805 19486 
1 5173 2918 7726
1569 5708 15146 
1 2058 5901 7824
8610 6721 15341 
1 581 2743 9182
6828 18007 2143 
1 1519 3089 5902
4139 11568 16220 
1 3089 709 5902
390 8575 11567 
1 3005 3697 8194
5186 13576 16068 
1 3679 3638 5903
2028 766 7123 
1 7273 7188 9179
13155 6225 17378 
1 2929 1170 5904
11576 458 11767 
1 3274 5827 9718
9381 6410 7667 
1 2592 5581 5905
5069 5898 19065 
1 5906 2929 6005
11576 11767 5819 
1 1170 2929 5906
11572 11575 2270 
1 4596 10 8348
649 8614 3441 
1 161 3690 8445
16360 10743 13794 
1 6506 5954 7610
8934 6143 12748 
1 5908 6990 8664
178 13703 5352 
1 578 1826 5909
5396 11582 7846 
1 1826 1110 5909
15718 9424 11581 
1 2425 5910 8587
11584 12203 17454 
1 2425 154 5910
4738 2733 11583 
1 6798 6377 8010
10247 4328 15706 
1 5070 2111 6628
14405 16957 12991 
1 6628 5912 7213
5079 11018 11939 
1 6092 4969 7213
9166 13141 11018 
1 598 6756 7387
-3 2895 11854 
1 6888 5914 10000
19599 -4 8530 
1 2751 1183 6598
2297 6579 2082 
1 1679 5138 8522
4306 2350 8564 
1 5003 711 5916
14580 2652 11594 
1 5432 5003 5916
2507 11593 9801 
1 4314 5471 7111
11596 1176 13942 
1 5471 4314 6224
11595 10722 4821 
1 304 9724 9824
19076 5578 4314 
1 572 3529 5919
16655 11599 8859 
1 3529 423 5919
11368 5502 11598 
1 5998 8117 8415
5217 1347 10850 
1 2155 5432 5920
10644 9801 15915 
1 3637 5921 6038
6313 6030 964 
1 1776 5921 7516
6030 8761 5078 
1 1390 1489 8999
16204 17650 2317 
1 4521 6009 8623
1143 389 11776 
1 4925 4331 9128
12325 17901 2323 
1 3620 6754 9525
-5 11625 11626 
1 4640 1958 8070
15805 15823 4878 
1 1136 5687 6006
5193 11770 10240 
1 3689 4767 6241
4794 7224 -6 
1 930 3550 6585
7927 7617 234 
1 6830 3150 7504
2358 14710 863 
1 2775 6030 9924
1324 5581 19468 
1 7047 3189 9639
4129 7902 932 
1 6416 4288 9483
12403 8742 8426 
1 6646 9585 9586
18803 14907 9895 
1 3072 6385 7961
12512 8163 17828 
1 3357 4257 6860
8336 8185 8162 
1 4699 4242 8974
10727 14603 7871 
1 8081 8974 9102
7871 9214 939 
1 8738 4793 9545
15753 262 2721 
1 5393 988 5931
10092 17138 11132 
1 5932 662 6366
171 2509 2826 
1 2113 4832 7410
1975 14525 4745 
1 6754 7804 9525
13239 13386 11607 
1 6830 3620 9525
-5 11607 2358 
1 981 3153 5934
10858 11628 7468 
1 3153 1703 5934
15372 1449 11627 
1 6590 6034 9341
4740 18319 11238 
1 5733 5819 7874
5428 11236 11824 
1 6037 3575 9326
11831 4039 9082 
1 49 155 5936
11045 4221 9313 
1 5840 7588 9802
14878 1012 16823 
1 2229 5742 8616
16963 18207 2097 
1 4481 2020 6503
15032 3945 12743 
1 2206 4798 5938
9401 6957 2437 
1 4937 3685 6044
5336 10138 11845 
1 649 886 7796
12986 6557 2872 
1 8776 5868 9569
6954 10195 11969 
1 710 460 6109
16991 713 11501 
1 9164 7423 9596
12590 5175 14551 
1 5941 6455 6596
10639 17732 10345 
1 966 5942 9610
11644 2397 18230 
1 966 259 5942
1346 5843 11643 
1 5894 4002 6790
2251 13307 227 
1 4729 1977 9334
2223 18305 8630 
1 7924 5753 8439
6183 1803 11277 
1 2478 261 5944
4843 7562 17654 
1 522 5945 7525
11650 9415 14782 
1 522 3856 5945
14484 3136 11649 
1 2466 5946 8636
3882 12384 17437 
1 2134 1964 7761
4987 1388 2345 
1 8490 1961 9796
236 1198 597 
1 742 9020 9869
17692 6043 1417 
1 210 3779 5948
14029 11279 1437 
1 583 444 8966
850 11657 4876 
1 8966 444 9064
11656 9678 9006 
1 5752 7498 7938
6232 11309 13240 
1 2511 5005 6050
4909 2663 7057 
1 1203 5273 5951
10330 11661 6378 
1 5273 2691 5951
18332 4721 11660 
1 5807 5952 7196
3389 1916 4895 
1 4212 976 7206
8246 5427 11383 
1 197 2593 5953
9691 11665 9499 
1 2593 3128 5953
3474 529 11664 
1 2819 3085 5954
2142 11667 8934 
1 3085 2024 5954
5513 3033 11666 
1 6629 5327 8422
8388 5296 1256 
1 7089 3502 7411
13899 2467 14527 
1 6938 142 8996
13601 4655 12447 
1 6399 5956 6719
8403 11133 7270 
1 1838 8268 9787
13493 2298 8671 
1 452 5958 8751
11674 7996 5643 
1 452 4352 5958
11190 7763 11673 
1 1333 261 7392
4628 4843 651 
1 1265 2546 5959
4978 8485 14490 
1 2327 5130 5960
15516 11678 15712 
1 5130 5545 5960
10055 3719 11677 
1 3416 2005 7980
12613 15646 2208 
1 8714 32 9864
17091 4992 5741 
1 3316 3644 5962
4836 11682 8501 
1 3644 3544 5962
6747 4940 11681 
1 6388 7009 8256
5664 1488 5463 
1 900 150 5963
1326 202 10833 
1 7497 2016 7731
18193 15155 14696 
1 7000 923 9674
1657 11877 1557 
1 2901 185 6387
17594 11688 10354 
1 185 1140 6387
8561 14602 11687 
1 2577 4350 5966
8521 11690 6435 
1 4350 2258 5966
9604 6604 11689 
1 2262 5866 5967
10741 11692 4421 
1 5866 2961 5967
11498 5383 11691 
1 3117 3680 5968
4062 9785 11694 
1 4579 3117 5968
1660 11693 14074 
1 4562 4127 9367
3026 17849 18372 
1 2231 5845 9676
330 11455 436 
1 2589 1694 9633
160 2315 11366 
1 6263 5970 6508
6341 169 168 
1 8678 7949 8777
8850 17021 76 
1 7205 3545 7438
5309 14124 14581 
1 5664 6597 9530
11104 1470 18696 
1 2001 5667 8647
50 16959 8269 
1 311 446 5973
9084 11704 3203 
1 446 1642 5973
513 3866 11703 
1 5976 7606 9230
12103 11710 2259 
1 5976 6283 8373
11709 7457 12103 
1 1700 5224 5975
6469 11708 17793 
1 5224 3303 5975
18191 392 11707 
1 5976 719 6283
13561 6554 11706 
1 7606 5974 9230
14912 11313 11705 
1 2181 8003 9744
3164 15691 15390 
1 5678 5977 8361
4571 9053 2946 
1 2840 2783 9127
9756 371 17899 
1 2783 3902 5978
19550 11452 371 
1 3618 5979 7464
11716 7086 1573 
1 5979 3618 8222
11715 15203 15204 
1 719 95 8544
13560 1784 16757 
1 6087 2755 8474
7856 16620 11928 
1 5418 5472 8508
10617 2262 9579 
1 5803 6316 8848
12377 10947 9505 
1 1281 8851 8852
17360 4475 8515 
1 5982 1281 8400
17360 16472 2638 
1 2330 4593 5983
5389 11724 10146 
1 4593 4386 5983
16004 11533 11723 
1 1743 6682 9337
16770 8931 2423 
1 353 3066 5984
1812 3602 3402 
1 1716 4220 5985
8952 11728 8262 
1 4220 540 5985
664 3024 11727 
1 2225 2146 8582
12593 13281 1033 
1 716 2660 5986
6210 8666 16831 
1 128 2773 5987
11798 11732 18389 
1 2773 223 5987
12794 675 11731 
1 9175 8771 9923
5822 11734 7003 
1 8771 231 9923
17204 17993 11733 
1 5587 1430 9099
2019 13046 17846 
1 2461 5062 5989
9348 328 16860 
1 1723 4432 6246
6110 1139 12238 
1 5990 4690 7950
1696 17641 12342 
1 6669 853 8456
8533 13071 13070 
1 548 4800 7215
5910 7903 14145 
1 8419 259 9635
16510 6703 10168 
1 3423 3653 5992
13449 489 9822 
1 8363 8864 9691
16400 3796 11081 
1 952 5619 5993
12269 3876 6327 
1 3021 7420 7421
14345 8696 9902 
1 3649 4439 7421
5057 5914 14547 
1 5363 3970 8493
177 7781 16657 
1 5995 3872 8493
11427 10507 19061 
1 7787 252 7954
13051 13682 13678 
1 3607 5241 7277
4496 10267 911 
1 2680 8299 9974
7362 1428 6509 
1 5700 2588 5997
11962 6235 19557 
1 238 2668 5998
11799 11754 8605 
1 2668 5537 5998
10851 5217 11753 
1 1896 2765 5999
5409 11756 8048 
1 2765 2492 5999
15167 8781 11755 
1 2351 546 6000
11180 11758 4820 
1 546 4696 6000
9200 8566 11757 
1 6001 4815 6690
14917 -6 10979 
1 6100 6803 9624
13334 13333 2810 
1 19 3195 6002
4871 11762 4650 
1 3195 675 6002
17036 19155 11761 
1 7697 1059 9100
15089 13273 17848 
1 9082 7198 9402
2849 12839 8029 
1 6631 5084 7776
545 12997 3586 
1 7635 1234 9295
14218 4547 4185 
1 2929 5904 6005
11572 11768 11575 
1 5904 390 6005
8015 9544 11767 
1 5526 794 6006
10751 18340 11770 
1 5687 5526 6006
5401 11769 11609 
1 2398 951 6007
17343 11772 2046 
1 951 3700 6007
17541 7166 11771 
1 1166 7829 7975
1156 838 15231 
1 7093 635 8133
709 4409 15947 
1 7553 3987 8263
14808 7808 5599 
1 978 4521 8623
3021 11605 16913 
1 1947 2349 6010
3803 9882 11778 
1 3312 1947 6010
2750 11777 670 
1 417 1982 6011
2511 1999 11780 
1 2815 417 6011
18655 11779 5509 
1 2124 4696 6320
8566 9200 12385 
1 2632 3702 6012
6866 4050 16940 
1 2081 7356 8203
8187 5771 16086 
1 7744 2018 9366
8186 4887 7115 
1 4428 4971 6014
5160 11786 9730 
1 4971 362 6014
-6 9739 11785 
1 6015 2585 6892
11551 19333 270 
1 3369 4097 6015
3430 11551 15343 
1 59 9281 9973
18203 3076 19556 
1 8335 8317 9556
14262 5260 8446 
1 2833 9408 9493
18453 18327 18261 
1 5791 6819 9111
11351 13365 17671 
1 1195 94 6018
34 11794 2320 
1 94 2740 6018
7800 5360 11793 
1 1032 560 8821
2042 16821 6488 
1 3414 680 9101
108 17850 1976 
1 2712 7535 8253
14773 10724 10723 
1 2773 128 8294
11731 1589 12297 
1 2668 238 7975
11753 15231 1719 
1 7769 6021 7975
16029 1719 15638 
1 1412 3889 6022
7615 6545 11802 
1 4841 1412 6022
7486 11801 6016 
1 1270 2642 6023
18694 11804 6602 
1 2642 2972 6023
5038 928 11803 
1 9163 5000 9648
9795 17968 7413 
1 8765 226 9723
3996 7142 9999 
1 8157 1475 9826
15358 19278 4583 
1 1616 4506 9287
1214 9757 18214 
1 847 8384 8883
16442 9035 17425 
1 6027 6888 7038
13500 8530 12232 
1 5341 2120 7836
10464 15365 4703 
1 3855 4251 9747
8324 14690 19502 
1 4251 815 6028
1131 7549 14690 
1 606 3430 7544
5355 624 6890 
1 7544 6029 9280
1693 14790 5042 
1 9029 1571 9924
3062 19467 16231 
1 7052 6228 8014
6241 2607 9808 
1 2436 1142 6031
9271 11819 8680 
1 1142 2670 6031
5222 10204 11818 
1 7435 6361 7578
12959 14576 4191 
1 6612 822 7435
12192 12959 1096 
1 6065 6632 7477
13 12802 14657 
1 2770 2065 6033
13388 6984 16603 
1 5734 5733 7874
662 11630 15441 
1 155 7874 9341
15440 11236 11405 
1 5819 1145 9341
11237 11238 11236 
1 3141 3692 6037
11066 11830 11829 
1 6234 2403 9096
17187 12915 17841 
1 6036 3141 6037
7575 11827 9082 
1 3692 4636 6037
6148 11831 11827 
1 4636 3575 6037
2681 11631 11830 
1 6038 2864 6119
11442 14751 11443 
1 1776 601 6038
5078 11442 6030 
1 17 3381 6039
6492 11835 11998 
1 3381 4795 6039
9395 957 11834 
1 2253 1508 6040
14086 18528 11837 
1 5342 2253 6040
4982 11836 11391 
1 9471 6531 9472
3284 18580 18377 
1 8844 3125 9772
12798 19173 11970 
1 2039 5249 6042
8755 11841 2922 
1 5249 5250 6042
14188 10486 11840 
1 1158 1249 7437
17612 12978 12591 
1 7119 2968 8956
19226 13957 7621 
1 5389 810 7726
11121 15145 8961 
1 810 4937 6044
12121 11637 15145 
1 1097 3601 6045
6305 7461 11847 
1 3726 1097 6045
7509 11846 6655 
1 8351 6046 9327
6361 16377 18292 
1 4503 666 6336
3140 1316 5791 
1 6840 6988 7547
2165 4627 13405 
1 2614 432 6788
8746 15655 4662 
1 258 4242 9626
9877 10727 18884 
1 4704 4375 9102
4872 17601 17852 
1 7131 598 7387
13242 11589 310 
1 6152 6151 6252
9497 3137 2664 
1 1609 2787 6050
15506 9804 12053 
1 1472 2523 6419
7792 4019 15512 
1 2326 2178 8281
1873 4546 4020 
1 274 1590 9587
5462 6064 18806 
1 1606 2042 9587
8108 18807 1080 
1 8018 8136 8237
3161 815 5196 
1 748 92 9086
165 4188 17821 
1 8231 1031 9437
16976 7281 12144 
1 7434 6655 9308
12740 2383 18257 
1 5045 2488 6599
6200 3109 12934 
1 3712 5712 6055
17645 2666 9885 
1 1076 2914 6056
16354 11868 15194 
1 2914 1728 6056
5090 179 11867 
1 6057 5245 7739
11870 7459 13907 
1 3809 5245 6057
7460 11869 3073 
1 1087 2926 6058
12692 6405 11872 
1 3271 1087 6058
18112 11871 10922 
1 1284 2153 6059
19402 14805 11874 
1 4575 1284 6059
1662 11873 1578 
1 3253 3159 6317
3396 4629 4511 
1 1121 7883 9872
1867 16668 6271 
1 923 9575 9674
18783 15255 11686 
1 1736 4621 9873
-4 15256 19370 
1 5240 5732 6062
5685 11880 4677 
1 5732 5087 6062
4585 10049 11879 
1 228 6063 7646
5598 6462 4376 
1 6161 4414 6162
6463 12072 3764 
1 242 3691 6064
7227 17124 11884 
1 5362 242 6064
10506 11883 6385 
1 9375 8176 9494
18388 12809 4322 
1 6236 2403 6335
15986 17188 12217 
1 5444 5739 8025
10669 10648 15542 
1 4782 6578 8725
11262 17113 4896 
1 5874 7264 8453
14240 3010 12922 
1 4145 5309 7508
17268 9871 10401 
1 3033 5749 8823
5938 14288 15030 
1 1498 4109 6068
12742 8816 11269 
1 2685 3604 6069
5252 11894 6233 
1 3604 944 6069
14752 5251 11893 
1 999 6070 7786
11896 7623 3452 
1 999 2356 6070
1371 1937 11895 
1 4248 972 7683
9467 9813 15061 
1 5108 4211 6071
1778 606 13368 
1 660 3257 6072
16749 1275 11900 
1 4441 660 6072
13452 11899 8700 
1 6917 948 9249
8095 6633 18140 
1 157 8616 9790
2097 13162 9107 
1 3347 6074 6173
11488 9293 15123 
1 3838 5873 9395
11123 18427 10011 
1 6499 4843 8258
1621 13100 8211 
1 2636 4349 6075
8518 10593 8430 
1 6685 4191 8407
749 13102 15749 
1 151 3335 7326
8933 14104 11909 
1 6994 151 7326
9619 11908 3043 
1 5264 7554 9406
18170 8373 15336 
1 2898 6396 8570
16575 6562 16808 
1 6079 1459 7252
4551 7574 4693 
1 6253 2401 8931
12252 15662 17518 
1 4617 95 7489
1784 9045 1765 
1 2131 8544 9508
16758 2772 9044 
1 4760 3675 6999
1617 14116 11138 
1 1706 6081 8406
13130 11217 9668 
1 1495 2795 6082
10804 15143 11919 
1 3694 1495 6082
17252 11918 6551 
1 2192 4093 7911
8014 4282 15514 
1 4542 2116 6083
8899 5270 15513 
1 6520 9352 9451
18342 14307 10257 
1 9448 1218 9774
18532 15998 17974 
1 2250 7403 8059
6956 8997 12895 
1 6579 6085 7973
6108 827 3825 
1 9693 5543 9865
1795 1808 5646 
1 2529 1134 6086
12064 1988 5647 
1 2013 6087 8474
11929 11718 1359 
1 2013 5882 6087
3394 7855 11928 
1 3551 4836 6088
10319 11931 10634 
1 4836 4611 6088
2491 17614 11930 
1 3957 9114 9739
6090 2365 19107 
1 2975 433 9739
17203 19106 17875 
1 2252 1298 9414
17949 5764 3673 
1 1318 6090 8613
14064 459 9721 
1 2613 394 6091
8626 12929 11937 
1 2989 2613 6091
19109 11936 12779 
1 247 6215 6314
12179 5026 12176 
1 2597 6628 7213
12991 11587 14140 
1 2540 7067 9614
12483 13455 7222 
1 4076 5506 7067
10792 4962 12483 
1 2729 6730 8793
2581 17248 15897 
1 1398 5339 9091
5492 4752 1205 
1 5573 3701 9543
1670 10923 5725 
1 550 356 9322
8119 9119 13730 
1 3243 5312 8388
1820 10216 6473 
1 6096 3305 7677
4329 11199 5300 
1 6726 2373 9426
10848 7701 2284 
1 6097 6168 9760
5603 11531 11532 
1 1543 1350 6098
16498 14889 11951 
1 5523 1543 6098
11083 11950 6354 
1 9624 6001 9825
13333 10658 11370 
1 1563 5859 6099
11484 2809 18881 
1 6201 2085 7609
19027 -6 12151 
1 6201 1704 6655
3045 12152 14572 
1 7379 6101 7593
17240 -5 11395 
1 6102 2477 8610
-5 4568 6260 
1 1849 6103 6203
1140 -5 3610 
1 8158 1432 8339
17235 3631 16353 
1 1686 1554 9475
4630 15411 18586 
1 9238 3185 9429
16275 18117 7572 
1 2588 5700 6197
11752 7963 11172 
1 3276 2973 6196
12356 1043 12142 
1 5604 3445 7453
12796 14609 3409 
1 1548 117 6107
14150 9589 11966 
1 2434 1548 6107
5614 11965 15536 
1 687 6707 7528
13146 18903 4184 
1 5014 3423 6707
1231 8217 13146 
1 4104 8776 9569
1753 11639 18771 
1 7781 8844 9772
5354 11839 883 
1 2257 6870 9008
13464 11360 12207 
1 7174 6110 8752
14896 14184 9763 
1 6181 6111 8244
8543 16167 10984 
1 5825 4799 6181
11417 7294 12113 
1 8319 2601 9728
4770 11976 15011 
1 2601 1203 9728
10330 6379 11975 
1 2571 4679 6113
11418 11978 2369 
1 4679 1726 6113
4122 8168 11977 
1 5375 5788 9488
10532 6817 18611 
1 6678 6114 9488
175 1637 6817 
1 4644 3929 7147
13811 12160 9098 
1 3658 4547 6328
14018 5669 12401 
1 8391 5817 9619
16456 6095 18871 
1 3080 6217 7331
12182 11990 12383 
1 1196 1979 6117
15500 11986 14327 
1 1979 428 6117
2862 701 11985 
1 2630 4988 6118
1270 11988 9771 
1 4988 1573 6118
18633 1822 11987 
1 7763 7524 8391
5027 5103 18871 
1 6217 5637 7331
10713 9112 11984 
1 225 8662 8907
19057 7299 2035 
1 5702 1494 9633
2911 11366 18898 
1 3518 1505 6121
2278 11994 15839 
1 1505 3617 6121
2249 11142 11993 
1 2902 8596 9343
4789 133 17798 
1 23 2487 6122
1787 619 10008 
1 3832 6123 7602
10545 3204 6491 
1 17 6039 8713
11834 18913 6544 
1 4310 783 6124
10618 3467 12000 
1 5620 4310 6124
18172 11999 5747 
1 3614 5036 6125
7722 12002 9866 
1 5036 2390 6125
17665 7655 12001 
1 3017 1877 9457
12680 18355 18549 
1 8942 2245 9731
2204 7007 2834 
1 7368 8206 8531
3116 6056 4110 
1 2583 6127 8495
5051 3438 16461 
1 5958 1907 9369
7763 18375 866 
1 2060 3742 6128
7330 8999 8236 
1 7415 1647 9340
10978 14535 1534 
1 6129 8651 9340
16611 3213 18318 
1 6265 4652 9439
15940 9723 18513 
1 4172 6130 6314
5987 12176 3371 
1 1488 3078 6131
3041 817 12014 
1 5007 1488 6131
15713 12013 4238 
1 1799 3291 6132
13626 12016 1349 
1 3291 1779 6132
18547 111 12015 
1 2315 4037 6133
17179 18616 12018 
1 4357 2315 6133
17571 12017 18083 
1 2028 6891 9996
13506 3961 589 
1 3252 4162 6891
4056 7341 13507 
1 7428 1839 9612
12560 3563 18856 
1 8447 5848 8825
16239 7698 5144 
1 2479 3543 7742
17450 12030 15178 
1 427 3868 6550
7576 4696 17173 
1 8033 4154 9253
15303 12026 5375 
1 4154 4808 9253
7604 15405 12025 
1 1813 1913 9504
15533 3107 4195 
1 1917 5824 6138
1897 250 18643 
1 6542 3848 8657
1056 12787 1370 
1 3543 7704 7742
2534 1646 12023 
1 456 3575 9732
4039 2681 319 
1 4920 9243 9572
10786 11558 1369 
1 264 5286 6141
16645 3875 -6 
1 585 5580 6142
6916 12035 7108 
1 5580 3532 6142
12972 1537 12034 
1 7148 6145 8681
12037 12219 16078 
1 6145 7148 9818
12036 988 14014 
1 6343 284 8265
10785 3787 7883 
1 281 5870 6576
6507 1005 3059 
1 1107 1108 6145
17494 12041 14014 
1 1108 514 6145
12336 3436 12040 
1 3323 6146 6245
11506 3829 1678 
1 6146 2790 7525
4618 14753 4543 
1 1096 4141 9476
167 9450 12060 
1 399 4722 6147
9251 1073 13118 
1 2854 7280 7412
431 2348 4099 
1 9580 6602 9659
5584 17170 2519 
1 6149 594 8399
4552 4588 13026 
1 6329 6709 9284
11372 16470 7989 
1 1523 6180 7925
10806 10805 14475 
1 6180 9368 9440
14476 15540 10805 
1 6151 498 8912
4747 10932 6991 
1 1609 6050 6151
11856 4747 12054 
1 1609 6151 7907
12053 9497 15506 
1 4848 1847 7907
5045 15505 4241 
1 244 2877 6153
17092 12057 19496 
1 2877 3340 6153
4993 10446 12056 
1 581 1509 9785
2940 14343 3750 
1 4040 4794 6154
3279 2867 14049 
1 367 1096 9476
1081 12044 18588 
1 5722 3330 6869
3494 2048 12536 
1 3240 4328 7752
13250 15197 4903 
1 4041 5000 7529
17968 9034 12317 
1 1134 2529 6157
11927 12065 14271 
1 2529 2165 6157
8362 622 12064 
1 1356 3663 9989
2636 303 263 
1 5358 5359 6662
8082 5543 13058 
1 1748 2032 6159
12514 12069 13535 
1 2032 1657 6159
7279 2112 12068 
1 6160 2899 6161
7813 6463 7388 
1 600 4427 6160
9470 1394 7388 
1 4414 720 6162
18145 12074 11882 
1 3300 600 6161
6384 7388 3764 
1 720 3958 6162
3869 12075 12072 
1 3958 3772 6162
7750 2129 12074 
1 7456 6901 7613
11297 4399 12744 
1 9544 1839 9606
3563 16565 18333 
1 9133 6664 9588
13061 11250 209 
1 63 5246 6164
14893 5724 829 
1 6165 8293 9116
1367 6137 17879 
1 7074 2256 7154
15042 12606 1457 
1 5946 6817 7761
3882 4169 1388 
1 1619 2466 9668
13362 16939 18153 
1 7833 1126 8366
2530 15359 16497 
1 1252 8737 9773
10013 6291 19175 
1 3850 7868 9266
15429 11011 14734 
1 6168 2373 6993
11016 10848 11531 
1 9239 6169 9841
4394 19308 7009 
1 5176 8486 8587
16644 1368 12203 
1 4395 765 8497
2779 5131 14420 
1 3498 7824 9182
6848 7785 18008 
1 250 6347 8247
16632 6652 12439 
1 6172 2502 6316
16592 3486 10946 
1 1406 6200 9945
8964 9800 19506 
1 6026 1380 8460
15886 2683 4258 
1 2109 5108 6173
428 12097 9293 
1 5108 2524 6173
13367 19464 12096 
1 2200 982 9498
798 4196 10118 
1 4201 2352 6174
8225 18632 2616 
1 8721 6887 9073
6740 2069 10422 
1 5861 6176 6887
12102 2069 13499 
1 6176 5861 6918
12101 19 18102 
1 7606 5976 8373
11705 11706 14912 
1 1904 2265 8013
10977 2525 4548 
1 401 5130 8112
6677 15516 15906 
1 1702 8470 8651
16612 3213 16968 
1 1443 2001 6178
11109 1 10378 
1 699 6080 6179
18010 12109 6997 
1 6080 911 6179
2078 10754 12108 
1 5514 2266 9440
2967 5134 18516 
1 3260 6951 8532
18374 10258 6325 
1 2871 6821 8244
3016 12547 15507 
1 366 5825 6181
15508 11974 10984 
1 6182 1753 7334
17261 3220 7920 
1 1923 1650 8207
14468 16093 4614 
1 3812 4874 8251
2560 273 16181 
1 6331 6183 8251
18711 7465 273 
1 6607 5811 9446
13012 12119 4478 
1 5811 6040 9446
2459 18528 12118 
1 3290 4937 8950
1568 6443 17555 
1 4937 810 6185
11845 11121 6443 
1 1808 6657 9124
18745 -6 17893 
1 6187 3717 6458
12520 12305 6300 
1 6187 1657 7454
3412 7279 558 
1 6188 3885 7620
7055 9021 8315 
1 5157 4246 9507
15138 12756 18650 
1 2717 9698 9798
19025 14822 7531 
1 6027 2407 7836
12232 4140 16445 
1 9094 7902 9642
3621 1243 1818 
1 1993 5666 7619
2221 15852 5774 
1 1195 1260 6191
2320 12132 34 
1 1260 1173 6191
5698 2277 12131 
1 7716 2657 8614
15979 15547 16896 
1 2437 1707 6192
4392 10860 314 
1 4964 7460 8352
2654 3297 3826 
1 4404 1565 8561
1538 5887 11381 
1 3806 4016 8079
7864 15841 2990 
1 1003 3496 7766
11284 15225 8234 
1 6889 8559 9954
9867 13106 7643 
1 4151 4945 8611
2609 5499 16889 
1 1849 591 6196
3610 12142 4756 
1 591 3276 6196
5286 11963 12141 
1 3718 1031 9536
7281 18707 3574 
1 2490 8231 9437
10688 11863 13540 
1 5434 6198 7724
12892 15130 15139 
1 241 2586 6198
12601 2415 3790 
1 6836 6199 7045
9097 10798 7693 
1 4644 6946 7045
13616 12303 13811 
1 8247 5003 9346
14580 2507 18330 
1 8374 4268 8473
16422 16617 16421 
1 6803 6201 7609
3045 11954 4072 
1 1704 1040 6655
2013 2383 11955 
1 1381 5095 6202
11095 12154 19123 
1 5095 1482 6202
8303 3507 12153 
1 2347 738 6304
1430 554 2357 
1 26 3508 7124
2612 2778 13967 
1 1344 4737 6204
9281 2075 12845 
1 1943 3433 6894
1603 6528 10936 
1 3941 60 6205
7717 6722 5927 
1 7147 3929 7344
11981 12302 14395 
1 7104 3625 9063
13928 17775 13823 
1 1987 8062 9170
15808 17894 16716 
1 740 4746 6207
9299 4986 916 
1 3313 3427 8479
17871 6711 8051 
1 2794 1044 6208
2175 6344 7448 
1 488 1688 6209
16974 9158 12167 
1 2861 488 6209
5616 12166 11036 
1 468 3704 7271
3639 757 14252 
1 8543 1760 9054
17550 2482 7453 
1 4887 6610 8398
9575 14342 1910 
1 5080 6448 8094
7342 9458 15872 
1 6964 5730 7849
1632 14605 11231 
1 3658 322 7451
12401 12400 1308 
1 1382 586 9074
189 17796 336 
1 959 5776 6213
11322 2066 547 
1 6130 247 6314
2528 11938 12012 
1 6116 2610 6705
15219 4022 8169 
1 6214 1726 6314
8168 12374 5026 
1 247 3058 6215
16824 920 11938 
1 7036 6216 8346
12924 3177 16367 
1 5563 161 7100
1384 13794 2419 
1 3080 6116 6217
15220 12183 11984 
1 6116 5467 6217
8169 9545 12182 
1 3737 3181 7645
13785 10972 10973 
1 1125 2145 6218
7320 14988 8635 
1 4093 3639 7982
5245 15650 5159 
1 3459 7499 8853
14701 17365 66 
1 472 3374 6220
7112 4967 12189 
1 5591 472 6220
5168 12188 14390 
1 942 5011 9430
851 4601 9816 
1 137 2050 7751
18409 15196 578 
1 1017 822 6612
11561 11821 1970 
1 6974 5899 7645
15175 14987 10972 
1 565 3547 8732
5486 17127 2988 
1 4821 633 9957
591 1089 9444 
1 6322 4626 7333
6221 2974 14375 
1 4417 5917 6224
951 4821 4734 
1 3244 3994 6225
2452 12199 2280 
1 3994 1448 6225
2812 6351 12198 
1 234 3311 6226
6485 7977 12201 
1 4074 234 6226
13426 12200 3780 
1 8883 8101 9841
16441 4853 19309 
1 5910 5176 8587
15443 12089 11583 
1 4890 6327 7111
3912 8653 1954 
1 6228 1663 6287
3042 2342 2607 
1 2719 1878 8650
12653 16965 9150 
1 4984 2257 9008
4229 11971 12875 
1 564 3403 9213
78 54 4951 
1 2719 479 6230
9150 3903 15279 
1 2181 4459 6231
17396 12211 3164 
1 4459 3740 6231
7325 11537 12210 
1 6378 4927 8151
4242 9300 4372 
1 2675 3945 6232
7726 393 15983 
1 1550 2069 6233
3019 12215 10327 
1 2069 477 6233
10718 720 12214 
1 6234 8008 8830
17841 17320 9645 
1 3868 6236 6335
12221 11886 4696 
1 5178 8746 9593
17155 17154 17359 
1 6145 7590 8681
3436 14013 12036 
1 8239 7742 9418
16032 12836 18472 
1 3868 708 6236
7229 4792 12217 
1 1828 4230 8541
730 7993 16751 
1 5563 4103 8343
3440 10601 1384 
1 8364 418 8585
12225 16837 16403 
1 418 8364 9399
12224 12334 18435 
1 1021 2814 6968
15855 -3 403 
1 7166 1972 8241
18717 12228 2755 
1 1972 6511 8241
2761 16161 12227 
1 930 5925 6241
234 9339 7224 
1 7560 941 9798
5314 19223 14822 
1 2407 4355 7006
13798 -6 3066 
1 2407 6027 7038
12128 11810 13798 
1 6888 6243 9998
3952 1164 19599 
1 6727 502 8095
11229 13185 9104 
1 4763 7125 7126
9332 14452 13579 
1 281 6144 6245
3059 12237 3829 
1 6144 949 6245
2354 16208 12236 
1 1389 1723 6246
5727 11737 12239 
1 4513 1389 6246
10530 12238 8683 
1 8644 3157 9935
16953 10745 19489 
1 96 2470 6247
7042 6179 5500 
1 5373 2635 9135
2842 17915 1152 
1 406 5082 8969
5787 5576 17592 
1 8452 5829 9695
824 14601 12534 
1 2093 2009 7845
1902 3359 14863 
1 85 6667 7366
-3 342 3777 
1 959 1882 6250
14866 1983 3081 
1 2726 2626 6251
17309 9997 12249 
1 5101 2726 6251
4933 12248 19286 
1 6312 1765 9402
13927 18440 17812 
1 6352 6252 8192
18224 8028 231 
1 2401 6253 9348
11913 2171 18334 
1 2226 2326 9348
4255 4020 2171 
1 3735 9129 9229
17903 10278 6164 
1 8826 4114 8927
8055 14722 17510 
1 339 1833 6255
6505 12257 9238 
1 1833 2198 6255
2621 6506 12256 
1 841 2705 9685
10598 8741 19000 
1 4463 7116 9685
3647 4058 18105 
1 4670 3238 6257
10656 13399 12261 
1 5168 4670 6257
15640 12260 1158 
1 3927 6258 7398
7586 8773 10483 
1 4781 6716 9748
13164 14725 19124 
1 2274 2794 6259
2635 1944 12265 
1 4638 2274 6259
13668 12264 616 
1 1366 5024 6260
9446 12267 8901 
1 5024 4543 6260
6362 3847 12266 
1 83 5619 6261
11014 12269 5934 
1 5619 952 6261
11744 11378 12268 
1 379 6262 8962
17971 1380 7101 
1 8865 3897 8866
6495 16693 12278 
1 6799 307 8711
13325 10230 12273 
1 7853 6799 8711
7899 12272 17086 
1 1272 4456 9434
18900 6555 15291 
1 5152 6723 7483
13178 13177 14669 
1 8578 7588 9439
1012 644 2168 
1 8827 8811 9561
10249 3911 17282 
1 8765 8865 8866
9999 12271 17391 
1 5429 7901 8884
2255 10518 16692 
1 728 64 9199
8864 1183 7071 
1 1769 2152 7932
14630 1965 1805 
1 3963 2903 9387
7972 18411 9900 
1 2778 817 9387
11205 5434 18410 
1 5009 6269 6867
18817 12289 4126 
1 2113 4013 6269
408 12289 1975 
1 7161 2410 8617
15400 12456 2627 
1 6270 2308 6294
16902 12335 5660 
1 2157 6561 8304
10663 6413 12857 
1 6269 4013 6867
12285 13458 12284 
1 4511 6137 9647
8134 1516 8585 
1 806 849 8589
6936 7805 16846 
1 2512 7905 8449
15502 3085 16570 
1 6273 2320 6472
5369 6196 5370 
1 3654 68 7315
8390 6762 14340 
1 963 6733 6783
16904 6272 13294 
1 6981 7081 9371
5424 13687 14080 
1 646 2773 8294
12795 11798 524 
1 5153 6900 9907
10099 4927 405 
1 4745 3084 8269
16044 16216 3454 
1 6207 7914 9125
523 16717 916 
1 8163 2046 9117
8784 17880 16010 
1 3929 7246 7344
8908 14600 12160 
1 6946 6417 7045
12575 7693 12148 
1 6521 6627 8061
2546 12971 16237 
1 6458 3717 9740
12123 12655 3968 
1 2749 4934 7860
5377 9276 15414 
1 3088 3346 6280
6045 9868 9277 
1 7226 4974 8347
1726 10142 8037 
1 3102 3251 6281
6804 7944 253 
1 3519 7481 9935
14665 18830 5420 
1 2840 8518 8637
17899 5211 15557 
1 319 200 6283
4163 12313 6554 
1 200 3808 6283
19029 7457 12312 
1 2148 2303 6284
10053 12315 10728 
1 2303 5106 6284
15615 4091 12314 
1 3897 6024 9066
5174 6496 2368 
1 4041 7529 9462
12063 2265 18928 
1 355 4660 6286
6770 12319 14122 
1 4660 256 6286
6771 4367 12318 
1 1206 524 6287
10734 12321 2342 
1 524 1488 6287
9140 15714 12320 
1 3424 3152 6288
1151 12323 8425 
1 3152 4266 6288
3481 2192 12322 
1 6289 6611 7909
12956 7212 9649 
1 4331 4925 7909
11606 15510 7212 
1 3699 7359 8096
10228 8588 9452 
1 4056 6290 6779
6852 7244 2205 
1 5871 6291 7217
7850 6977 6972 
1 4009 641 9061
8678 13245 17772 
1 3116 6593 7283
11513 1365 12921 
1 6292 1806 6392
13383 6021 2476 
1 8829 5519 9482
6632 10078 10814 
1 7039 8591 8829
6648 15774 17318 
1 8364 6238 9399
1905 4512 12225 
1 2308 1124 6294
1904 16402 12287 
1 514 1108 6295
12041 12931 12337 
1 2724 514 6295
16556 12336 10541 
1 8648 5695 8747
16962 17156 15415 
1 4592 588 7145
9815 14007 3355 
1 2242 484 9130
7208 3492 7383 
1 484 3645 7981
181 15649 2238 
1 7784 5990 7950
9189 11738 6725 
1 5043 5374 6298
1038 8147 2068 
1 2284 4796 8973
2235 4464 4465 
1 2241 1420 6299
1777 6500 5557 
1 4418 6528 9681
13457 8420 18993 
1 5304 127 6468
13847 12674 7418 
1 7771 7061 7806
7838 9265 5707 
1 5943 2667 7771
8738 7838 13842 
1 748 5118 6302
17821 12351 10030 
1 5118 481 6302
8541 10940 12350 
1 302 7644 8528
14985 88 17020 
1 3686 6301 6303
7837 3971 14986 
1 6305 6509 7425
6415 4462 11115 
1 591 6203 6304
3610 549 5818 
1 2973 3276 6305
11963 5286 12357 
1 4894 2973 6305
9402 12356 11115 
1 2218 4900 8824
14636 603 145 
1 2615 149 6307
11481 1562 12360 
1 2890 2615 6307
11482 12359 1223 
1 410 6498 9887
12733 18769 19393 
1 481 3113 9885
12391 454 19394 
1 7453 8860 9179
17379 14256 6225 
1 6309 8031 8860
15747 5730 17379 
1 3533 1072 6310
16103 4554 12366 
1 3583 3533 6310
10739 12365 279 
1 2590 440 9061
10647 2016 9005 
1 1089 3024 6311
15828 2109 17771 
1 3336 1527 7104
6531 6532 13823 
1 6003 3570 7198
17582 5459 14111 
1 270 919 7239
5007 12610 9161 
1 4714 4676 7239
9234 9161 14193 
1 290 526 6413
10983 5036 8572 
1 1726 4376 6314
4122 1932 12178 
1 7329 5595 8551
10966 646 5411 
1 2045 9093 9827
3603 3856 6252 
1 5803 5920 6316
14635 12378 11720 
1 5920 5916 6316
9801 2652 12377 
1 3758 6060 6317
7361 12380 8705 
1 6060 2693 6317
19292 8529 12379 
1 1373 4767 8238
9340 4794 2439 
1 8130 2003 8811
12389 11446 10249 
1 1221 3080 7331
11207 11984 9113 
1 5946 5182 8636
9864 3619 11651 
1 487 2124 6320
9865 11781 333 
1 5775 3808 9700
11124 19029 10730 
1 5676 2129 9136
11403 8171 17917 
1 9915 7523 9941
3189 1323 13298 
1 6322 2003 8130
14375 12382 14748 
1 3593 4361 8136
1586 15952 3161 
1 3113 481 6323
12362 8541 717 
1 4567 2038 9725
543 19078 1582 
1 3963 6268 7668
9900 8756 15034 
1 6807 4780 9452
17001 2919 2818 
1 454 5595 7072
4864 10966 1758 
1 1592 1962 8533
3007 3834 16736 
1 8366 1037 8991
16406 6733 16497 
1 416 5491 6327
10762 12399 9581 
1 5491 1663 6327
4880 3042 12398 
1 7451 322 8570
12173 16807 308 
1 322 3658 6328
12173 11982 16807 
1 2317 8399 9285
16471 2318 3343 
1 5485 4288 6416
16113 11615 12574 
1 310 628 6330
18493 11006 12405 
1 3002 310 6330
14239 12404 11005 
1 3642 1933 8251
370 16180 5589 
1 6846 1485 7970
14651 1293 15628 
1 3387 4605 7418
6809 14932 13938 
1 4605 8444 9594
16559 3036 14932 
1 4055 9992 9993
19589 -4 16761 
1 6333 2420 6447
4730 3552 7532 
1 1122 8479 8577
16630 6711 4232 
1 6752 9112 9267
5897 1078 17872 
1 7018 8763 8830
5536 9645 14245 
1 1467 7719 8830
15132 14245 9322 
1 7510 8927 9382
19242 14722 271 
1 2959 1793 6336
18090 5791 8820 
1 4367 2488 7243
13169 6200 7068 
1 8792 1355 8887
5467 17432 2808 
1 8802 6140 9616
2533 13542 10167 
1 5029 5645 6338
4695 5535 17265 
1 1026 2997 6339
1207 9122 12423 
1 4657 1026 6339
1986 12422 10476 
1 708 2426 9944
7229 19504 7620 
1 7956 6340 9214
6284 11065 315 
1 6639 4153 9000
16836 12427 3727 
1 4153 8077 9000
8456 3657 12426 
1 1462 6342 8161
12429 7653 16408 
1 1462 5213 6342
18412 2505 12428 
1 6444 866 8265
16956 155 3787 
1 6909 2182 9701
7001 5439 19031 
1 1156 5938 6344
1476 12433 2243 
1 5938 1255 6344
6957 8989 12432 
1 866 872 6345
4855 12435 155 
1 872 4027 6345
5458 2682 12434 
1 992 993 7745
5976 7514 3376 
1 4822 627 9473
13648 18581 13755 
1 4700 4612 8581
3459 16829 14542 
1 4518 250 8247
1848 12092 16173 
1 6348 793 7146
6195 2067 898 
1 6348 2193 8213
1890 2600 6195 
1 72 2622 9694
13000 4403 19017 
1 1150 2228 6349
4355 6113 10715 
1 3869 6350 8700
17795 12885 17106 
1 6176 6175 9073
18101 17105 2069 
1 3915 2149 9304
3347 10320 8402 
1 6399 6938 8996
12541 11670 8403 
1 2430 1513 9292
6523 2947 3295 
1 642 773 6352
12840 10933 17813 
1 6783 8205 9497
8101 8370 16090 
1 3254 1783 8658
7154 16981 134 
1 2071 7 6354
13544 8285 12453 
1 4231 2071 6354
1304 12452 11345 
1 8161 3821 9388
7483 2847 16408 
1 1660 1816 8367
3910 15029 3090 
1 2410 1402 8617
2898 16901 12286 
1 796 17 6357
2194 12458 6902 
1 17 1132 6357
6544 19004 12457 
1 3030 5171 9397
5932 10121 15435 
1 1392 1951 6358
4043 10472 10123 
1 36 1751 7408
3419 6335 18303 
1 1300 6510 8519
15527 14931 2399 
1 6360 8684 9707
17034 3426 16000 
1 9608 7325 9707
18849 19042 3426 
1 822 6222 6361
4190 12466 12959 
1 6222 5598 6361
7319 8766 12465 
1 788 6494 9555
12725 18743 10386 
1 7555 5394 9272
14812 8757 8363 
1 135 2829 9627
6470 10958 4119 
1 6883 3055 7268
10620 10511 14247 
1 1292 6366 7068
141 502 13857 
1 6463 8087 9252
12665 1241 8646 
1 6882 5494 9322
1669 1450 9119 
1 7716 3804 8149
16896 10809 15979 
1 6563 3993 7172
12488 3449 12793 
1 3610 1189 7410
4017 9466 14524 
1 2978 5186 6367
6914 12478 5043 
1 5186 3402 6367
6663 5793 12477 
1 5225 1860 9209
18605 16415 2918 
1 6438 2884 8232
19221 5846 16144 
1 3005 726 6369
5882 12482 5186 
1 726 3270 6369
8465 5006 12481 
1 2540 4076 7067
8654 11941 11940 
1 6363 5629 6868
18886 13461 13858 
1 2947 2828 9225
7436 3879 16051 
1 1805 5799 9720
4503 18061 16990 
1 5612 6372 6560
5807 1240 5670 
1 3993 6563 9684
12475 10448 18997 
1 7715 3307 8304
12858 10389 5129 
1 5303 2389 6373
19312 4391 16285 
1 1786 3491 9999
6835 2684 16241 
1 1507 5184 6374
15259 2504 10143 
1 625 2293 9984
4483 575 11174 
1 4931 5200 6375
93 3336 19576 
1 383 2657 8404
15334 678 8690 
1 4213 5306 8838
17728 8249 8120 
1 5230 117 7218
9589 14150 10248 
1 1082 1548 9871
14151 12546 19365 
1 818 1264 6378
16599 249 12500 
1 2238 818 6378
686 12499 4372 
1 5320 1566 9663
17065 18956 7730 
1 6480 6781 9325
12899 1785 11111 
1 4405 7065 9250
3638 11285 18142 
1 1798 7630 8894
11070 7866 17446 
1 1771 4017 6679
4507 1229 13091 
1 1137 1141 8457
15099 16585 2632 
1 1141 3408 6382
15100 3063 16585 
1 6495 6915 7197
9198 4514 10603 
1 1886 6110 7598
13465 14896 8853 
1 8104 3277 8629
2229 19014 855 
1 6384 6486 8676
9121 7030 1907 
1 3072 4698 6385
18078 12513 11617 
1 4698 558 6385
6014 5154 12512 
1 2032 1748 6386
12068 12515 14611 
1 1748 2395 6386
1553 5311 12514 
1 7449 6624 9912
6211 488 8306 
1 5965 6387 7737
5675 10355 9876 
1 772 5760 6388
3132 12519 1861 
1 5760 900 6388
768 5664 12518 
1 3717 6187 8115
12123 558 9090 
1 5553 6586 6587
10882 6591 12910 
1 496 2541 6390
11547 4969 12523 
1 2925 496 6390
5476 12522 8869 
1 6391 3087 7859
2337 7395 8665 
1 1804 4514 6391
16753 2337 1383 
1 5615 1229 8561
3050 16790 7353 
1 1565 3007 6392
2111 2476 5887 
1 5644 1705 9156
11064 17957 1630 
1 6675 5167 9908
7206 6101 6788 
1 5314 1732 8098
1806 9220 2378 
1 1152 2895 7348
5662 15388 14403 
1 2291 1883 8306
13401 10071 16288 
1 3535 1285 6395
6922 566 13001 
1 969 8452 9695
16576 12244 14597 
1 677 8910 9756
15398 15392 4457 
1 1057 5722 6869
11216 12061 13463 
1 3330 1790 6397
3494 2852 2048 
1 2290 4494 8899
4816 7932 12813 
1 8592 3003 8640
16851 16573 8528 
1 1595 988 9771
18724 10092 19170 
1 6399 5679 6938
7270 7186 12447 
1 7733 1357 7953
18960 15397 15401 
1 7854 7029 7953
15003 15595 6684 
1 2289 3989 6401
7812 12545 5808 
1 3989 2110 6401
14504 11144 12544 
1 1548 2871 9871
3016 15273 12498 
1 6821 7908 8244
6224 1834 12112 
1 1 4165 6403
-5 6057 -3 
1 3186 892 8899
15211 12813 17456 
1 2464 2687 8899
8922 17455 6236 
1 2639 6405 8720
12552 4469 180 
1 2639 2288 6405
711 4473 12551 
1 31 3925 8900
2584 9153 368 
1 1781 4770 8742
2232 5206 2301 
1 2876 1160 9442
6024 5658 14789 
1 606 3172 6407
5753 470 5355 
1 5392 2035 6482
5094 1077 12558 
1 1936 5392 6482
10566 12557 12702 
1 5857 3536 8426
2395 5149 16524 
1 1839 7428 9781
12021 7831 19189 
1 8882 3415 9479
17422 1554 8396 
1 672 5771 6410
11312 8427 1854 
1 3731 3126 6411
17212 12564 9345 
1 3126 4770 6411
9346 2232 12563 
1 2800 5755 9549
11280 12566 18730 
1 5755 6412 9549
10241 6789 12565 
1 8791 3661 9537
17243 18709 6746 
1 996 6613 8675
18710 7168 13161 
1 3974 5830 9808
7782 27 2239 
1 1949 4271 6414
176 7191 3560 
1 2319 4131 9997
4623 5562 19598 
1 2981 2980 6415
4348 5948 10243 
1 6256 6709 9483
13150 11372 18602 
1 4303 5485 6416
8397 12403 8876 
1 6845 6417 6946
2190 12303 12576 
1 501 6845 6946
13416 12575 13415 
1 7994 4526 9166
8255 1682 6659 
1 3713 1331 6418
1295 201 14599 
1 297 6051 6419
11461 12580 4019 
1 6051 3215 6419
16240 4932 12579 
1 1706 7361 9650
9668 -6 11218 
1 7607 9011 9184
14914 9260 13582 
1 403 4727 6421
12668 762 14915 
1 1956 6822 9412
13371 18459 7849 
1 1091 4626 6422
9062 6221 13171 
1 7894 1081 9070
946 8849 2095 
1 6589 4934 7471
13922 592 14645 
1 6941 4939 7287
6536 17057 14285 
1 1617 983 6424
4919 3352 4917 
1 8962 7423 9164
2930 11641 17340 
1 6425 1158 7437
17182 11842 9460 
1 4122 6780 9777
8071 5650 19182 
1 2146 2225 6780
11729 13287 8071 
1 5697 6247 8397
11451 11166 8549 
1 650 5483 9805
10746 10252 19238 
1 1129 2606 9146
11152 16045 14069 
1 8183 1889 8834
16520 13023 10373 
1 5660 4240 9850
9985 11096 832 
1 8660 4552 9548
10383 15548 7406 
1 595 6430 8708
7011 5482 6050 
1 2586 241 8385
12146 16443 4621 
1 1403 4728 6431
15408 12603 5478 
1 4728 1999 6431
9767 11093 12602 
1 4396 170 7541
17186 14784 3924 
1 511 2535 6432
7259 6669 8612 
1 2256 2374 7154
2736 13869 12081 
1 8428 5842 9794
14447 17130 4624 
1 3244 1620 6924
2280 10869 13573 
1 6547 8142 9971
3209 3160 14161 
1 7239 919 9123
12371 16278 9235 
1 4385 9123 9290
17892 16278 14501 
1 3416 4119 9560
16737 6689 9863 
1 2005 3416 7792
11679 9863 15278 
1 2282 4263 8402
2957 16476 1445 
1 1596 3129 6437
3112 7713 6796 
1 4712 8837 9797
4082 3422 2522 
1 2090 5796 8232
2690 10238 5640 
1 7698 1928 9018
5325 2435 3960 
1 6439 291 7220
295 10471 3320 
1 3784 6262 6440
1380 12621 19075 
1 6262 3862 6440
7912 7632 12620 
1 201 378 6441
1041 12623 5996 
1 378 1965 6441
9439 4837 12622 
1 335 8600 8699
7839 9067 17063 
1 6442 8206 8688
5046 6589 3288 
1 2999 1437 8993
15438 430 5871 
1 5185 4751 9961
1242 10160 2390 
1 6525 1304 8645
6283 13217 1311 
1 949 146 8265
2354 7883 16208 
1 623 413 9906
14493 275 4370 
1 868 768 8806
1881 17272 11085 
1 8910 1640 8949
3496 15001 17553 
1 1894 1179 7353
9784 963 13778 
1 1052 705 6447
8486 12635 3552 
1 705 5436 6447
7938 19590 12634 
1 4828 3748 8094
6631 15871 9701 
1 7794 5577 7893
9700 15478 6560 
1 1758 6449 8498
-3 13530 17877 
1 2067 1423 6450
6160 12640 10353 
1 1423 2875 6450
18545 5768 12639 
1 6507 3166 8138
6007 12751 9413 
1 729 1237 6609
1840 18179 12953 
1 3033 2237 6452
15030 12644 3031 
1 2237 3821 6452
2847 7483 12643 
1 7970 3328 9538
1293 4961 1783 
1 6453 3158 9312
2382 9549 9550 
1 1370 4101 6454
4748 12648 2850 
1 4101 773 6454
10933 16280 12647 
1 5281 226 9811
17907 3996 17194 
1 3259 8467 9040
16605 14908 16410 
1 6456 7381 8278
3265 12652 18539 
1 7381 1650 8278
16093 14468 12651 
1 1878 2719 9213
12206 6664 18068 
1 1795 1128 6457
14874 3504 9753 
1 3717 513 9740
9090 19108 12305 
1 4640 2496 6458
4878 5851 3968 
1 6459 6333 8546
10652 7532 -4 
1 2899 1927 7133
7813 13985 193 
1 6560 6460 7170
562 12849 13984 
1 6461 5024 7209
1340 9446 358 
1 965 4854 9338
9510 18313 8974 
1 4778 8269 9433
3454 3405 13354 
1 3084 41 6462
16043 3455 16216 
1 3993 4906 6802
18997 444 3449 
1 6463 1767 8087
8421 910 12472 
1 1700 7657 8516
15012 12667 6469 
1 7657 6464 8516
7478 7479 12666 
1 4727 403 9184
12583 13582 13583 
1 764 878 9143
1480 17930 1277 
1 2062 6289 8200
4427 16079 15116 
1 8200 7812 9383
14921 2515 288 
1 7769 2714 8833
15638 9747 5019 
1 6008 6467 7694
10549 13868 29 
1 127 494 6468
14036 12675 12347 
1 494 4300 6468
12792 10449 12674 
1 6184 2482 9548
15838 7406 4851 
1 4552 1784 8667
8918 16999 3083 
1 8173 6470 8272
2263 16026 8358 
1 5072 4268 8272
16617 16206 16223 
1 1877 3017 8096
12003 9452 15876 
1 4384 7178 8357
11464 8334 7424 
1 4070 576 8305
13014 8078 10682 
1 5762 2745 6472
4911 5370 8077 
1 645 2050 6473
15196 12685 7429 
1 2050 327 6473
18408 648 12684 
1 7718 253 7922
5528 15534 15141 
1 574 1479 6734
6738 15412 2881 
1 317 4928 8863
1400 3832 16650 
1 8277 7775 9656
3920 18943 -3 
1 1797 1404 9035
18523 5335 6748 
1 3644 263 6476
4835 6939 6940 
1 2926 1087 6723
11871 13177 12761 
1 7799 6515 9533
5415 4954 18702 
1 4493 7294 9385
2128 480 18407 
1 5265 5165 7008
4520 13738 9530 
1 4899 6479 9090
9211 552 9597 
1 2141 4698 6479
9204 4335 9009 
1 5668 2084 9325
2908 18287 4396 
1 3947 1068 6680
4669 13092 2671 
1 2947 3235 6481
799 2469 12701 
1 3797 2947 6481
7436 12700 18271 
1 1936 6482 7127
12558 10016 6871 
1 5992 3509 9069
489 17786 1872 
1 5409 8880 8981
750 14836 17616 
1 1772 3460 6483
14835 5291 15121 
1 2105 3192 6484
16489 12707 16434 
1 3192 160 6484
17040 1272 12706 
1 5396 6485 7741
6726 1060 10574 
1 7032 3181 7629
13672 13785 13590 
1 4633 4733 8676
9076 2912 17018 
1 4735 956 8753
3892 17168 555 
1 801 1275 6487
5112 12713 12912 
1 1275 2715 6487
7280 5331 12712 
1 88 4598 9084
17145 9252 17816 
1 3895 4520 9980
14828 9048 10876 
1 6588 7984 9419
5330 13303 4680 
1 3366 3754 6489
1469 8006 18474 
1 6944 2825 7210
14002 5287 14330 
1 429 4264 6490
17512 6982 5888 
1 7470 3696 9231
732 18103 3544 
1 5584 1042 9351
10145 8401 11079 
1 7314 8390 9653
3904 7659 4289 
1 1725 7495 8904
14693 8975 16993 
1 1484 6493 6706
7350 12747 14692 
1 788 4469 6494
17222 12726 12467 
1 4469 4569 6494
8943 2387 12725 
1 3642 2857 6915
5589 13555 5590 
1 5411 2440 7197
2894 14108 7131 
1 310 5874 6496
14240 12730 18494 
1 5874 567 6496
12922 18510 12729 
1 7624 6931 9783
7687 18596 2679 
1 8032 166 9097
8205 15748 17842 
1 6498 410 8330
12361 2787 13019 
1 3884 4024 9926
30 7606 1587 
1 3384 4305 6499
1991 12736 3244 
1 4305 2636 6499
7618 8430 12735 
1 3646 5380 6500
15028 12738 10542 
1 5380 2777 6500
5329 7138 12737 
1 6502 313 7434
-6 13045 14573 
1 6655 7434 9699
11864 13045 14572 
1 8231 6054 8655
9896 13044 16976 
1 4109 1498 6503
11892 12743 5191 
1 1498 4481 6503
1856 11635 12742 
1 5763 7456 7613
14615 12076 6263 
1 3652 3057 9617
7150 3595 5786 
1 1368 7382 7982
6450 7681 15651 
1 6493 3923 6706
18093 3751 12724 
1 6506 7610 7998
11579 1191 9388 
1 2736 2819 6506
3533 8934 9388 
1 3068 7320 9269
12993 11308 2402 
1 3166 5614 8138
14350 15957 12641 
1 6120 1487 9714
7310 19056 2179 
1 3296 153 6508
2727 168 6455 
1 738 490 6509
4586 12755 554 
1 490 2283 6509
13032 4462 12754 
1 4246 7620 9507
14938 212 12126 
1 7617 6359 8519
4634 1930 14229 
1 1419 1418 8325
2552 16326 3853 
1 1641 2931 7734
3541 17098 4194 
1 3348 7738 8401
15169 4570 6556 
1 6477 2926 6723
1642 12692 1556 
1 5975 3703 9630
3319 18893 15209 
1 1686 4514 9782
18586 16753 4485 
1 4172 6413 6514
3371 12765 14877 
1 6413 996 6514
14092 13161 12764 
1 7674 9533 9632
3521 4954 434 
1 4360 5246 7799
5724 14892 15292 
1 5098 5099 7431
9992 499 14567 
1 7179 6516 9218
7542 14073 6015 
1 8578 6130 9802
2528 5987 1012 
1 3756 6517 8515
18514 14178 14179 
1 4736 6681 8169
5316 777 16019 
1 3953 4311 9003
16465 11468 17659 
1 385 5416 9159
3101 4 6430 
1 1241 4113 9460
10029 9536 18554 
1 7298 3377 7879
18336 1052 3473 
1 7250 3231 9956
10109 19524 3372 
1 839 1112 8554
14624 1539 14819 
1 2989 6091 8280
11937 4605 1594 
1 3328 1485 6810
1293 13348 4961 
1 1922 5411 6522
10602 9606 10702 
1 1248 5008 6523
9811 12783 6002 
1 5008 1340 6523
5272 1118 12782 
1 1721 5431 9221
10643 15295 4947 
1 7801 6043 9221
9461 3360 18615 
1 7699 6645 8645
194 1688 13217 
1 3848 1608 8657
15636 16979 12029 
1 8978 4036 9915
6588 17609 16115 
1 2049 5756 6526
11283 9715 17161 
1 3912 4195 6527
-3 12791 10082 
1 4195 2399 6527
3417 5049 12790 
1 4300 494 9681
12675 9611 3921 
1 6463 6563 7172
949 12475 8421 
1 223 2773 6529
11732 12795 8267 
1 2773 646 6529
12297 14818 12794 
1 3445 5604 6530
11964 12797 6745 
1 5604 4362 6530
13553 7169 12796 
1 460 3125 8844
15046 11839 713 
1 9160 1682 9472
17965 283 18579 
1 2702 9223 9600
18087 2874 16147 
1 2702 3329 6532
345 8286 18087 
1 6632 4140 7477
5419 12998 11822 
1 6533 6065 9169
4034 12837 17983 
1 3094 6534 9539
13223 584 18713 
1 1372 4639 6695
9087 397 13122 
1 2603 115 8340
-5 2085 15063 
1 5104 614 8178
668 9192 3375 
1 5188 8571 9418
19505 223 15177 
1 8176 6536 9494
6983 16031 11885 
1 1881 2254 9414
11170 5347 18464 
1 7546 7486 9501
3408 17948 4401 
1 6404 8177 8868
6961 8323 16034 
1 892 2290 8899
19234 12538 12549 
1 3985 2445 7565
15150 5585 5586 
1 6539 4283 7512
6944 11008 4320 
1 2526 3645 6540
15649 12817 9425 
1 3645 931 6540
4380 9922 12816 
1 4157 5632 6541
6643 12819 15314 
1 5632 5338 6541
14075 11029 12818 
1 3210 6139 8657
4264 1677 16980 
1 4171 1304 6542
13218 6283 1370 
1 7096 5256 9963
4432 3338 4790 
1 961 1066 6543
10660 2694 10720 
1 5140 5155 6544
9869 2195 12825 
1 5162 5140 6544
10116 12824 1194 
1 4345 5865 6545
5800 12827 7200 
1 5865 2964 6545
9821 4539 12826 
1 3056 4168 6571
6565 12878 4278 
1 7323 5764 8567
15914 14068 14354 
1 5340 8142 8245
3160 6268 16170 
1 32 244 9940
17091 19496 15843 
1 769 9187 9615
18017 2293 38 
1 4602 1541 9187
9016 1661 18018 
1 345 583 6793
1125 8090 857 
1 5949 645 6549
17587 7429 516 
1 7742 2830 9418
1646 15177 12220 
1 6065 8756 9169
950 17174 12803 
1 2630 6551 9852
11134 -6 8494 
1 7198 6791 9402
15270 17812 11764 
1 773 642 8301
12449 7511 16280 
1 1981 4000 6553
1170 12842 1802 
1 4000 825 6553
16155 4793 12841 
1 5544 1463 9324
10864 18285 16279 
1 6552 107 8301
18441 473 7511 
1 1344 6204 8483
12157 8930 2076 
1 5378 6325 7072
2691 18086 13865 
1 8724 6581 9324
17112 1136 10657 
1 8476 4774 9770
17111 13380 9968 
1 6460 7133 7170
11541 2332 12659 
1 5438 5544 6557
427 8797 2767 
1 589 3621 6558
9898 12852 6339 
1 3621 2041 6558
12856 14057 12851 
1 2092 4102 9690
17376 4086 19010 
1 6032 7436 7578
982 4191 4187 
1 6837 6257 7401
9781 13399 10128 
1 2041 3621 6560
12852 5670 13984 
1 4701 2157 8304
14389 12288 10389 
1 6271 3307 7715
13459 12489 15124 
1 3820 4233 6562
479 12860 13650 
1 4233 4277 6562
7470 1530 12859 
1 6372 5333 9684
7820 10999 11000 
1 6802 4185 7172
14156 13332 3449 
1 1192 6942 7706
13609 13608 15105 
1 989 3685 7765
10138 5336 10845 
1 9676 1032 9930
18983 5350 436 
1 163 2231 9527
330 15877 18689 
1 2429 6364 7068
1279 2510 502 
1 1320 4185 6566
13332 7113 13856 
1 2113 9288 9795
1885 10959 408 
1 266 1292 6567
141 3671 18216 
1 6568 12 7457
9468 3740 4112 
1 7457 1914 9314
14618 13011 4112 
1 6313 8266 9123
16210 9235 17892 
1 6569 5551 7324
10879 8812 2005 
1 2090 4984 9008
3429 12207 2690 
1 1886 1998 6570
8853 9508 11361 
1 3865 928 6571
19515 11298 12878 
1 4168 3865 6571
992 12877 12828 
1 5887 3608 9139
2327 2326 11539 
1 1729 7222 8975
1985 1926 17604 
1 7690 7240 8159
7987 15075 15999 
1 5836 1056 9579
11439 18063 1843 
1 4935 8406 9870
16484 3331 7196 
1 2277 805 6574
14117 19364 9327 
1 6350 2389 8700
4391 10388 12444 
1 2623 1566 6575
18956 13075 4668 
1 2259 7073 7687
13867 9639 15069 
1 4920 663 7687
15760 7552 9639 
1 2316 5826 6577
2113 12890 10889 
1 5826 968 6577
2527 11419 12889 
1 8859 8122 9364
15926 18366 9368 
1 6198 5434 7626
12145 14950 3790 
1 6579 4386 8162
3825 16004 1440 
1 991 5177 8539
10944 8998 16747 
1 5668 2250 8059
4396 11924 15802 
1 1539 6782 9134
13292 8478 2449 
1 6554 6454 8301
18286 16280 16623 
1 5589 770 9770
9149 9968 19169 
1 6480 6580 6781
9074 6955 12502 
1 2384 5289 6582
417 5460 13289 
1 2368 808 6583
7263 12902 9184 
1 808 5143 6583
11077 7232 12901 
1 3557 368 6584
8084 12904 9155 
1 368 4915 6584
12947 4715 12903 
1 3550 1662 9512
3009 15239 7617 
1 6984 4180 9512
13691 6627 8431 
1 2358 1659 8188
8243 13299 14670 
1 6587 1117 7984
1552 18352 5330 
1 6047 6788 9380
4662 13300 8992 
1 6487 5553 6587
246 12521 1360 
1 7654 4089 9419
15006 9236 13303 
1 801 6487 6588
12712 1360 4680 
1 2465 956 7860
4818 3892 10182 
1 124 229 9070
8750 2095 15479 
1 2403 8153 9096
15986 816 11828 
1 4753 123 6590
15702 2220 10288 
1 1871 2107 9526
3425 3812 2258 
1 2334 141 6591
9745 7313 4707 
1 6751 6825 6899
92 4004 4560 
1 3629 360 9761
486 16129 19151 
1 5806 3116 7283
6099 12330 14277 
1 567 5874 8453
12730 11889 1616 
1 4734 473 7581
13789 4087 14864 
1 6216 7036 8146
12180 2374 15973 
1 6595 4850 9335
18099 18307 2339 
1 63 5495 7596
7495 693 14893 
1 1220 3449 6596
16011 12928 6960 
1 3449 4761 6596
3071 10345 12927 
1 6091 394 8352
11936 14623 3297 
1 5972 4067 9530
7286 18695 17934 
1 6295 1108 7075
12336 1769 2144 
1 2912 5915 6598
1142 5382 213 
1 1371 3167 6599
6876 12934 10568 
1 3167 5045 6599
7455 11865 12933 
1 1060 9936 9937
17434 -4 13592 
1 6106 2973 6601
1043 2096 12937 
1 6107 6106 6601
1429 12936 15537 
1 3233 3600 9987
836 19581 12939 
1 8622 3233 9987
16912 12938 16229 
1 4241 937 9564
18525 18760 8301 
1 5001 4730 6654
18246 4737 13043 
1 490 3107 6604
4586 12943 13033 
1 3107 465 6604
-5 13822 12942 
1 1053 2879 9563
3956 3102 4946 
1 873 3417 9764
14837 4578 10596 
1 368 2703 6606
1835 940 12947 
1 4915 368 6606
12904 12946 14625 
1 6184 8077 9446
2938 8456 15838 
1 2378 5811 7476
2459 13013 3964 
1 1088 6608 7783
2107 6289 11447 
1 5585 751 7466
9110 14634 11375 
1 6451 5769 8227
6585 6198 6979 
1 638 729 6609
6599 12642 6115 
1 451 7316 8398
9459 3241 16469 
1 2130 7397 8089
14499 15469 15862 
1 6611 6289 7709
12324 4427 5119 
1 7707 1580 9979
18438 894 19567 
1 890 6612 7336
1970 7914 1723 
1 822 6361 7435
12465 11820 11821 
1 526 6530 9537
10983 7169 5036 
1 6811 262 8649
13350 5037 9154 
1 2381 1128 9821
3504 4652 2186 
1 5422 8477 9821
2002 14873 19268 
1 2376 3398 8510
1817 8049 16691 
1 3398 1896 6615
4642 8048 8049 
1 3828 6985 9896
18959 19415 17631 
1 681 3735 6768
17903 13264 10769 
1 846 7059 9299
13838 13475 6071 
1 2156 4989 6617
197 3065 18238 
1 1365 2331 8070
3413 4557 4879 
1 6627 7058 8061
12988 12989 12304 
1 3532 5580 6619
12035 12973 4008 
1 5580 3433 6619
6528 1603 12972 
1 5455 4072 6620
1946 3607 12975 
1 5555 5455 6620
357 12974 8158 
1 1256 3833 8510
8782 3804 5408 
1 3499 2376 6621
1817 16691 8091 
1 7437 1249 8350
11842 2287 16375 
1 8350 3771 9196
2287 18035 16202 
1 6824 5729 8140
4102 10650 10651 
1 4958 8749 8978
17160 10721 17610 
1 3921 3173 6624
4331 12983 6211 
1 3173 5041 6624
4197 488 12982 
1 5850 4903 9315
11466 -5 18270 
1 4431 3461 6625
5629 2472 743 
1 886 649 9831
11638 19288 7426 
1 8332 1474 8377
2920 16340 4433 
1 6627 5690 7058
16777 9890 12971 
1 7058 6618 8061
13837 1631 12971 
1 3282 6705 8208
13142 3370 16096 
1 2597 5070 6628
1708 11586 11939 
1 5955 950 8422
5611 16515 10437 
1 7320 3068 9838
12750 16224 742 
1 8194 5903 8846
7123 1519 7239 
1 5499 4176 6630
3808 16277 10132 
1 9689 2985 9840
19008 19306 3182 
1 5084 4783 7776
2925 15245 11765 
1 4140 3566 7477
17358 13786 12802 
1 7031 7032 8053
10735 13590 15791 
1 2622 72 8892
12442 9232 17442 
1 3535 6395 6633
12533 9233 4272 
1 8602 3419 8718
10144 4093 16448 
1 3419 2888 8286
10144 4276 5289 
1 2246 2930 6635
1686 13005 10060 
1 2930 1133 6635
5732 856 13004 
1 6636 5159 7250
3356 5009 10110 
1 4622 5208 6636
10005 164 10110 
1 1253 1747 6637
1736 13009 8795 
1 1747 896 6637
13896 10261 13008 
1 1317 411 9749
11057 8576 19126 
1 1914 209 9314
9088 3747 12872 
1 5811 6607 8584
12118 16835 13013 
1 7476 5811 8584
12949 13012 13781 
1 576 4070 9350
12682 1138 7968 
1 590 3623 9032
15591 2601 17716 
1 5338 4451 9193
5863 11039 11029 
1 1912 4363 6839
15490 13404 6459 
1 781 971 9583
15545 6798 2012 
1 5046 6498 8330
1908 12733 16533 
1 2409 2334 9171
8220 4707 17987 
1 1587 1754 7350
2866 14406 10323 
1 842 4476 9289
8767 416 3379 
1 1889 7826 8834
15346 14070 12597 
1 549 6836 6845
13398 2190 3788 
1 463 9155 9212
17955 15269 16571 
1 8235 6149 8399
4852 12048 16471 
1 2348 1411 6646
471 5290 9895 
1 5779 1738 8474
2120 18652 16620 
1 2330 5882 6647
11338 3394 49 
1 193 227 6648
14231 13031 8640 
1 227 384 6648
16196 4749 13030 
1 2283 490 6649
12755 13033 6083 
1 490 6604 6649
12942 13536 13032 
1 8049 8202 9033
9849 15782 9944 
1 4467 2516 9098
13929 997 7935 
1 4145 6898 6999
10401 1996 13722 
1 3074 5682 6897
9839 1010 1560 
1 3988 2709 8646
2101 16958 19245 
1 5911 5912 6652
6096 5079 15274 
1 107 3836 6653
2975 13041 473 
1 3836 779 6653
10894 3267 13040 
1 3589 4637 8023
9120 9796 15731 
1 1345 5001 6654
9797 12941 4907 
1 8655 6054 9308
12741 1335 16141 
1 7434 313 9699
12739 -6 12740 
1 1430 1062 9099
13912 8506 11735 
1 2902 1870 9099
17798 17845 1442 
1 1457 1157 9124
10113 17893 8076 
1 6658 3921 7449
414 6211 8226 
1 258 1051 6658
18884 10188 8226 
1 743 252 7787
13478 11749 4214 
1 3206 206 7079
13883 1456 18055 
1 286 8378 8984
16429 10260 13803 
1 1469 2923 7640
990 14977 2359 
1 811 812 6661
10069 113 13056 
1 1511 811 6661
10636 13055 3453 
1 6662 5260 7770
10500 7738 9915 
1 466 5358 6662
10498 12067 15136 
1 1766 2001 9262
1 11364 18165 
1 4296 4067 8647
3690 7286 16960 
1 6664 9133 9234
12078 17910 8540 
1 5573 7004 9235
5725 6404 2774 
1 1161 2480 6665
16453 1201 13064 
1 4290 1161 6665
4268 13063 1725 
1 3391 2278 8362
2344 8921 9873 
1 8716 8619 8773
9108 4254 13551 
1 6853 6667 8703
342 -3 338 
1 7514 2619 9813
2783 19254 2833 
1 358 4785 6668
10950 10009 14730 
1 6669 8456 8557
11739 5809 16984 
1 853 3207 8456
15990 3287 11739 
1 6220 5629 9627
5169 18886 2564 
1 6670 2829 7341
10958 9812 9209 
1 6561 5441 9843
4934 7983 6413 
1 6575 1566 8700
12886 17065 9210 
1 717 7821 9741
7530 8372 6867 
1 2932 7016 7208
13753 1137 14131 
1 3212 4641 6673
7716 13079 7573 
1 4641 723 6673
3181 19305 13078 
1 8686 2216 9051
14458 17037 13081 
1 4615 8686 9051
4870 13080 4192 
1 2172 3429 6675
10556 8970 13083 
1 3467 2172 6675
11281 13082 6788 
1 6966 6676 7060
7004 2674 7498 
1 6676 5886 8361
7004 16397 3793 
1 573 4368 8065
3634 5495 15814 
1 5524 610 9068
11226 5831 2962 
1 5788 6354 6678
938 13089 6817 
1 6354 2983 6678
10531 7695 13088 
1 6679 6959 8894
1229 2392 4944 
1 1678 1771 6679
7295 12505 4944 
1 1068 1567 6680
8548 13093 12699 
1 1567 2791 6680
15267 17913 13092 
1 6076 898 9886
-4 8206 1739 
1 1194 2236 6681
16486 19396 5316 
1 2489 7072 7329
13865 10966 14367 
1 1743 6315 8551
385 4865 16770 
1 8076 7311 9658
2553 13221 1675 
1 1312 4315 6683
8451 4603 5387 
1 8258 4843 9849
11905 5155 7824 
1 3991 9637 9867
18907 10339 14704 
1 4191 6497 8407
19194 5085 11907 
1 3801 2348 9586
2746 9895 1957 
1 7173 1919 8292
7804 16261 9595 
1 3930 8417 9190
4364 2273 7024 
1 8559 8611 9954
8846 16382 12139 
1 4634 8509 9954
16383 7643 5081 
1 5835 2504 7055
4164 2151 9031 
1 2504 2774 8252
14107 3057 2151 
1 7062 1575 7577
3398 13844 4037 
1 2067 3066 6689
10353 16 6003 
1 7064 5801 9682
3323 9433 18994 
1 4649 1752 7041
391 13804 9106 
1 122 5840 6717
14878 9001 16701 
1 940 4006 6692
6145 13116 5014 
1 4006 5113 6692
105 5299 13115 
1 6693 7384 9476
676 1663 1473 
1 399 6147 6693
12045 4581 1473 
1 6694 2205 8432
17810 16535 1909 
1 8632 9081 9245
17811 17121 18132 
1 3094 3935 7595
14747 14890 13223 
1 278 1372 6695
2667 12805 8787 
1 6825 6916 8464
92 13556 4448 
1 2333 682 6696
16130 9025 7105 
1 567 5051 6697
1616 10687 13126 
1 5454 567 6697
18509 13125 5241 
1 890 910 7134
17769 15653 1601 
1 2145 6222 7645
7320 13671 14988 
1 6897 6898 7508
1010 10401 13521 
1 6081 1706 8804
11917 11363 17269 
1 5797 6699 6908
9669 3198 13541 
1 1228 5738 6700
3011 10880 11247 
1 4673 6708 7010
13148 10589 14001 
1 947 5086 6708
19441 13147 13148 
1 6759 5031 7537
15848 13248 4902 
1 4485 4857 6702
8338 9109 13247 
1 772 5579 9983
10935 14582 3132 
1 1953 2042 6703
18807 8107 19574 
1 1629 9228 9261
18098 614 3200 
1 8050 5458 8150
13652 15784 6847 
1 7213 4969 8208
11588 16095 1013 
1 3282 6214 6705
5104 6427 12990 
1 7495 1484 8314
7350 14692 16305 
1 69 4348 6706
3873 11202 1896 
1 5992 6408 9635
1872 10168 9822 
1 687 5014 6707
9823 11968 11967 
1 6708 5086 6808
13134 15865 9039 
1 4673 947 6708
13349 13134 13133 
1 8217 3879 9483
5322 18601 8742 
1 6256 6646 6709
18803 3458 12573 
1 4842 6710 7619
13152 5774 14936 
1 4842 2563 6710
9742 716 13151 
1 8023 6654 9078
4907 4737 3154 
1 4643 5671 8114
11118 9266 15910 
1 7188 7273 8091
11571 13343 13156 
1 5604 7188 8091
3409 13155 465 
1 7900 9286 9834
18213 15472 19295 
1 8387 5176 8718
16644 15443 4093 
1 2388 2523 8816
237 7792 10207 
1 3488 5209 6714
13589 2868 10929 
1 6514 996 8675
12765 12568 19231 
1 8616 338 9790
18206 16900 11902 
1 7511 5750 9748
5012 19125 11271 
1 4781 622 6716
9367 10789 12263 
1 3341 4595 9067
6587 9722 11050 
1 4962 6691 6717
5258 11445 9001 
1 1163 3749 6718
5541 13168 7343 
1 3749 844 6718
2302 4670 13167 
1 2488 4367 6719
12418 13170 11133 
1 4367 5032 6719
8553 9859 13169 
1 1091 6422 9915
12585 3189 17609 
1 4872 6319 7459
14371 10250 3385 
1 6721 2860 7562
13174 3465 5465 
1 1775 2860 6721
8854 13173 9440 
1 506 4324 9642
8468 5494 18917 
1 1646 2264 9094
16683 3621 17837 
1 6723 1087 7483
12692 1059 12275 
1 5152 6512 6723
15170 1556 12275 
1 6724 3294 9191
18483 2659 15109 
1 2880 3294 7921
16127 9759 1049 
1 7619 2951 7725
15851 11046 5011 
1 1861 2784 8342
10854 8110 4407 
1 2471 8004 9426
13709 2284 18488 
1 685 5556 9426
11414 18487 4270 
1 502 6927 8095
2724 7431 12234 
1 6729 3795 7360
3245 2973 7979 
1 5153 9138 9274
405 16058 10099 
1 56 1600 6728
7179 6563 18188 
1 1561 4666 8849
401 8105 3362 
1 894 6831 7946
10573 9511 7978 
1 1262 1627 6730
1399 13192 5338 
1 1627 2123 6730
596 17248 13191 
1 7232 1538 8827
19212 17313 5602 
1 6822 3364 7557
13372 19499 2513 
1 1668 6020 8253
16266 14772 10724 
1 4651 5472 7535
15250 10617 14773 
1 3254 6353 9497
134 1458 16462 
1 6733 8618 9045
16904 14843 13766 
1 2332 7945 8223
15580 10641 2514 
1 3355 6066 6734
15544 1654 16126 
1 3994 4820 6958
4217 7822 2812 
1 2651 3510 9329
10526 5765 4731 
1 6660 8145 8984
15970 17621 14536 
1 2372 3387 6736
9022 4174 13747 
1 8191 1358 9259
5107 16062 2445 
1 775 4686 6737
4248 2640 16061 
1 1095 3481 6738
13382 13208 6816 
1 3481 2744 6738
3707 5839 13207 
1 393 1411 7864
18210 471 5317 
1 4736 5019 8586
16019 3342 2917 
1 796 3315 6740
6902 7691 13212 
1 5642 796 6740
2194 13211 5468 
1 7167 5252 7301
1714 9561 1208 
1 315 314 6741
943 805 5672 
1 8331 2406 8896
2582 6937 1057 
1 1618 3667 8666
6060 18590 16339 
1 1304 7699 8645
15092 12786 12628 
1 1304 4171 6743
12821 3156 15092 
1 518 7621 7785
14940 221 15264 
1 4528 1149 8828
2473 17315 9674 
1 7311 4372 9658
617 18946 13098 
1 1679 1014 8769
1966 9964 16123 
1 6534 3094 7595
12804 13121 4078 
1 8271 408 9301
778 18242 585 
1 9227 6747 9927
13226 10000 5525 
1 7010 6747 9227
10589 13225 6965 
1 1030 6 8777
902 76 15588 
1 5971 337 7949
14961 17021 1558 
1 5127 3336 9063
11234 13823 13622 
1 1868 396 6773
18065 1491 7884 
1 5276 2944 8060
10335 15803 9976 
1 5243 6622 9729
10272 16007 19086 
1 1148 1048 6751
122 8617 13234 
1 5828 1148 6751
19528 13233 4449 
1 776 2916 6752
5704 13236 17872 
1 2916 6011 6752
1809 1999 13235 
1 1865 4005 8786
14008 5936 3601 
1 1718 2905 7861
3232 3643 15064 
1 6754 5271 7804
-5 5788 11625 
1 5852 5752 7938
9498 11658 15567 
1 4167 889 6755
1947 11525 11275 
1 6049 598 7131
-3 11854 3573 
1 6858 6859 9766
9353 3158 7090 
1 6757 770 6857
9942 9149 13443 
1 641 7378 9061
14462 9005 12329 
1 440 340 6758
10646 6978 2016 
1 4485 6702 7537
13136 9856 14777 
1 5031 3901 7537
7639 14776 13135 
1 3240 3399 6760
8035 6480 13250 
1 4328 3240 6760
12062 13249 14492 
1 9866 9965 9966
19257 -4 8698 
1 3944 8898 8965
6672 8046 17585 
1 8987 7400 9969
1146 3629 19548 
1 1612 4681 6763
5637 13255 13496 
1 4681 4884 6763
261 9423 13254 
1 1370 1674 7976
2850 15639 4240 
1 5661 1688 9928
9158 9782 3606 
1 3770 9672 9736
18974 8066 10758 
1 1823 2518 6765
6881 7190 7385 
1 6766 6866 9233
2649 6608 7757 
1 4418 6865 7221
13846 13331 13457 
1 3948 3329 9220
8286 9892 3387 
1 2370 6818 9318
477 13364 6086 
1 3735 1426 6768
6164 13265 12967 
1 1426 5495 6768
9502 7495 13264 
1 1305 3560 6769
1626 7220 -3 
1 1421 1610 7840
7340 6317 17791 
1 6778 5780 9528
11330 18291 9464 
1 5296 7850 9469
15394 18574 3214 
1 5148 7322 8824
-6 145 17308 
1 135 4178 6772
4119 13272 6470 
1 4178 667 6772
1738 6412 13271 
1 1059 7788 9100
2052 13309 11763 
1 6552 642 9402
7511 8029 18441 
1 1293 4158 8569
5506 6249 6831 
1 3193 1293 7433
6250 6831 14571 
1 1213 7242 8566
1596 2020 4860 
1 6775 474 7228
16799 3662 8925 
1 3493 5541 6776
6156 13280 8033 
1 5541 3843 6776
10514 2642 13279 
1 2146 7180 8582
4375 10245 11729 
1 2302 3043 6777
890 6254 14076 
1 7832 1204 9629
10699 18890 6316 
1 359 4868 6778
9537 11330 15357 
1 3791 5220 6779
14424 13286 7244 
1 5220 112 6779
7218 10382 13285 
1 2225 1515 6780
1033 13288 12593 
1 1515 3757 6780
7359 18564 13287 
1 2384 6582 6781
12900 13290 6955 
1 6582 3552 6781
9073 481 13289 
1 6582 4632 7897
5460 15485 3237 
1 1539 3673 6782
9490 4658 12896 
1 1131 4138 6783
5968 13294 16090 
1 4138 963 6783
4788 12295 13293 
1 1061 4916 6784
320 13296 1700 
1 4916 299 6784
1296 9630 13295 
1 6785 3874 9298
14152 13761 2603 
1 6623 9915 9941
19451 12388 11516 
1 1659 6786 8188
8404 4681 12907 
1 6788 7984 9380
15655 18352 12909 
1 5656 6415 9997
889 5766 5562 
1 489 4390 6787
8599 11432 19570 
1 7984 7654 9419
1179 12911 12716 
1 6489 801 9419
5112 4680 18474 
1 4497 4468 6789
8809 9170 13306 
1 4912 4497 6789
5101 13305 9622 
1 4002 5397 6790
10576 13308 11645 
1 5397 2667 6790
13843 8738 13307 
1 9100 7788 9636
13273 14110 13310 
1 3570 9100 9636
17582 13309 5459 
1 4560 5698 6792
5886 13312 8005 
1 5698 5560 6792
11168 6100 13311 
1 447 4132 6793
7725 13314 2029 
1 4132 3793 6793
1124 857 13313 
1 8784 7427 9994
1167 5555 14559 
1 997 3531 6794
9269 2250 13467 
1 8707 7171 8734
13859 3716 1397 
1 1022 3304 6795
6808 383 1289 
1 6796 1869 7352
13320 1545 3842 
1 317 1869 6796
19219 13319 1400 
1 929 4944 6797
17012 13322 10036 
1 4944 5119 6797
9687 4365 13321 
1 2993 5608 9122
1517 17889 7809 
1 3724 5706 6798
19119 9543 15706 
1 2920 307 6799
10397 12272 13326 
1 3569 2920 6799
2728 13325 1919 
1 6800 710 8776
6118 6954 7061 
1 3606 7507 9667
15094 14838 4453 
1 6801 908 8024
3622 2275 7919 
1 1855 4716 6801
9239 3219 3623 
1 6865 6866 7221
3448 2649 13261 
1 4185 1320 7172
12868 14060 12862 
1 6803 6001 9624
4072 11952 11760 
1 6100 1704 6803
7006 3045 11760 
1 781 5582 9926
16138 19470 7606 
1 551 819 9251
6093 14565 15157 
1 2780 2452 8038
11557 9638 1838 
1 2363 7687 8805
15069 7552 15068 
1 6806 4234 8075
11448 4753 15071 
1 8075 4762 9092
4753 15070 9576 
1 8800 2361 9806
609 16059 386 
1 529 93 6807
3792 3397 2818 
1 8091 7273 9910
13155 14091 14257 
1 450 6701 6907
18095 9628 18665 
1 2295 1950 9702
16322 8252 6674 
1 84 5786 6809
3963 8771 3810 
1 4874 7967 9538
15622 1783 13418 
1 1485 2097 6810
7074 11354 12780 
1 947 4673 6811
13148 13350 8544 
1 4673 262 6811
13741 12961 13349 
1 4166 455 6878
672 13481 14993 
1 79 2043 6812
673 3990 944 
1 4932 2273 7164
7178 4014 3406 
1 8197 4778 9433
5949 12662 3840 
1 519 3008 6814
6966 13940 13356 
1 4129 519 6814
19472 13355 3867 
1 907 4406 6815
17159 13358 9264 
1 4406 2033 6815
173 5792 13357 
1 6270 51 8617
5660 6514 16902 
1 5424 4260 6816
4709 4513 5661 
1 7858 9256 9709
3157 9404 2542 
1 2466 1619 6817
12083 19047 3882 
1 9015 4098 9474
17486 16087 18584 
1 6818 9217 9318
18075 15307 13263 
1 6819 665 9111
18639 17869 11792 
1 608 1549 9597
8385 16298 5407 
1 2524 5108 6820
12097 13368 4215 
1 5108 6071 6820
11898 905 13367 
1 7923 6601 8031
15537 13370 9588 
1 6601 7817 8031
2096 5730 13369 
1 1956 757 6822
2997 13372 12584 
1 757 3364 6822
14749 13194 13371 
1 977 1144 6823
5232 95 13374 
1 4096 977 6823
4024 13373 6625 
1 2365 6925 7026
17084 8657 13969 
1 1956 1733 6824
7849 7901 10651 
1 4809 3980 6916
18566 13557 13378 
1 747 4809 6916
2454 13377 1584 
1 7354 717 9174
10709 6867 14414 
1 4774 1932 9770
9969 9943 12848 
1 1018 3481 6827
5368 13382 13577 
1 3481 1095 6827
13207 7204 13381 
1 1806 6292 7283
12331 4663 1365 
1 3015 691 6828
6592 2465 14276 
1 8751 2074 9036
7996 17132 16815 
1 7804 5933 9525
15302 2971 11625 
1 6729 4075 7946
2180 15582 4033 
1 2065 2770 6933
11823 15790 1647 
1 2615 7903 8715
1150 9190 11481 
1 745 3966 6832
7766 6794 15498 
1 6833 2771 9599
5501 11165 14664 
1 4284 6427 6833
6208 5501 18813 
1 1200 4951 7794
9955 10931 6560 
1 2354 7194 8030
6019 15047 14295 
1 8356 6835 9378
13396 4796 16145 
1 7184 6835 8356
652 13395 4381 
1 501 1939 7077
16572 13874 13416 
1 549 4807 6836
8166 7521 13024 
1 6257 3238 7401
12260 14507 12855 
1 5630 6257 9613
6338 9781 18859 
1 1883 2291 6838
12532 13402 4532 
1 2291 4131 6838
130 4623 13401 
1 3389 1938 6839
33 7568 13404 
1 4363 3389 6839
6827 13403 13017 
1 706 6840 7547
13406 11850 6089 
1 706 3709 6840
14087 475 13405 
1 3573 921 6841
14680 13408 6998 
1 921 4077 6841
17064 7729 13407 
1 4401 5374 6842
1358 13410 1025 
1 5374 1208 6842
9880 8622 13409 
1 6682 6843 7124
16771 6868 8931 
1 454 4559 6843
3617 6868 4864 
1 7013 7012 7142
821 13742 13613 
1 3008 7407 7884
16424 17069 13940 
1 3598 501 6946
3649 12576 2531 
1 6845 501 7077
12576 13397 3788 
1 2708 7663 9158
15024 5601 14650 
1 6331 4874 9538
273 13347 18711 
1 3827 5298 6847
2372 13420 7541 
1 5298 3851 6847
10875 10180 13419 
1 3385 1328 7782
2780 2977 2580 
1 130 630 6848
11257 1265 1807 
1 2149 5268 6849
10321 13424 10320 
1 5268 3670 6849
4441 7859 13423 
1 3026 234 6850
705 13426 7976 
1 234 4074 6850
12201 2717 13425 
1 1551 5040 6851
8940 13428 3696 
1 5040 3118 6851
6104 7466 13427 
1 3853 7313 8946
1618 8123 17547 
1 3022 3159 6852
17349 5524 4476 
1 3763 4771 7429
5677 5849 9918 
1 181 182 8703
7371 338 17070 
1 458 1624 6854
3168 13434 11326 
1 1624 1623 6854
5867 8889 13433 
1 4677 4110 6855
17584 13436 3918 
1 4110 5109 6855
17624 3152 13435 
1 3477 4203 6856
4390 13438 10662 
1 4203 3275 6856
3593 2448 13437 
1 6957 6826 7057
9899 13440 5188 
1 6826 2932 7057
13753 14131 13439 
1 5304 1201 6859
7418 13444 5806 
1 7057 8131 8334
13835 13638 5188 
1 6757 6857 9766
13244 7090 19161 
1 1201 2967 6859
3195 8565 13441 
1 2079 7961 8372
15611 9203 16418 
1 1211 5929 7961
1990 11204 15611 
1 1351 1457 6861
2980 8076 2626 
1 42 2533 9835
7411 80 6870 
1 3653 3423 6862
11742 1231 19296 
1 6834 6863 7692
9169 1215 7581 
1 1607 1701 9185
15078 14294 853 
1 660 4441 8893
11900 5848 9347 
1 5989 4148 9278
10269 2058 16860 
1 6965 6865 7756
3448 13846 7756 
1 7067 5365 9614
14053 13855 11940 
1 2643 3374 9233
4967 7819 18108 
1 6528 4418 7221
12346 13261 14157 
1 6867 4013 9795
12289 408 1974 
1 3307 6271 6867
12858 4126 14432 
1 3633 1880 9233
6607 7757 7819 
1 5629 2643 6868
5169 18108 12484 
1 958 664 6869
14473 13463 11215 
1 664 1057 6869
5457 12536 13462 
1 2257 6110 6870
14184 13465 11971 
1 6110 1886 6870
12509 11361 13464 
1 6871 1977 9562
17230 2223 7641 
1 997 6794 9994
13316 19592 1692 
1 909 901 6872
1821 13469 1115 
1 901 4316 6872
6185 8061 13468 
1 3479 4249 9894
5829 19411 8490 
1 249 3376 6873
5356 10478 15738 
1 2791 6659 9134
15268 4397 17913 
1 7181 7182 9371
10079 13901 13687 
1 746 1685 9589
5972 6590 18811 
1 7059 8796 9299
19121 1363 12968 
1 2422 5691 7333
7120 14374 9061 
1 4626 4417 6876
3190 4734 2974 
1 252 743 6877
13051 13479 13682 
1 743 2521 6877
3054 6806 13478 
1 6812 4437 9216
3990 18073 610 
1 455 1807 6878
4772 7764 13351 
1 1234 6409 9909
1940 6353 3572 
1 2187 4398 7528
3975 6704 18902 
1 4116 4120 6880
6755 13485 8059 
1 4120 3450 6880
6603 3884 13484 
1 8210 9443 9902
16099 16100 8288 
1 254 4752 6881
8374 1047 16589 
1 6882 356 7992
9119 15670 3514 
1 4655 8733 9686
17129 884 19002 
1 1692 833 7367
2806 7523 14440 
1 7268 1441 7367
10621 14439 14247 
1 3939 2282 9787
8347 19201 15887 
1 1838 8001 8268
3906 1333 11672 
1 954 5496 6885
10772 13495 16792 
1 5496 4650 6885
16818 17207 13494 
1 1612 6763 7158
13254 1953 9623 
1 4510 4610 9875
18293 19373 16182 
1 8700 5320 8721
17065 15251 17106 
1 921 5861 6887
14681 12101 6740 
1 6888 6027 8386
11810 16445 3952 
1 3846 3787 9998
7776 -4 1164 
1 3943 5501 8607
14894 5681 16882 
1 8709 4816 9768
16883 19164 17274 
1 2944 6166 9709
10335 19046 15410 
1 3351 7652 7653
1307 15199 14997 
1 2028 3975 6891
6366 13507 12019 
1 3975 3252 6891
8149 12020 13506 
1 1255 4798 9854
6957 4081 2631 
1 8024 4045 8236
15733 35 7919 
1 215 172 6893
11037 13511 11406 
1 172 3632 6893
1961 8428 13510 
1 60 2501 6894
7717 13513 6722 
1 2501 3334 6894
3694 10936 13512 
1 2986 4426 8268
6698 16214 4451 
1 7710 6895 8001
9037 1333 15689 
1 2368 4688 8211
9184 14365 5210 
1 570 7288 7290
14287 14286 14291 
1 5565 6067 6897
10400 13519 13521 
1 6067 5022 6897
10907 1560 13518 
1 805 7201 9870
14117 7196 19364 
1 5565 6897 7508
13518 13129 14719 
1 2355 6696 6899
7105 13523 11423 
1 6696 6592 6899
7106 4560 13522 
1 5272 3039 9907
7507 19434 16073 
1 8847 56 9274
7179 18188 3032 
1 2446 3931 7613
7697 6263 3779 
1 492 2633 9059
4572 17767 5740 
1 702 7037 8560
260 1263 16789 
1 6902 3026 7727
6571 7976 2702 
1 6449 147 8498
5733 1507 12638 
1 2673 3782 6903
7409 5227 16667 
1 3538 6904 7543
13533 4204 5538 
1 3538 3618 6904
1574 5673 13532 
1 703 1748 6905
1553 13535 17497 
1 1748 6159 6905
12068 8592 13534 
1 6649 6604 8789
13033 13822 13911 
1 7005 467 9515
13733 998 6832 
1 5404 6808 6907
9039 13539 9628 
1 6808 3557 6907
8084 9155 13538 
1 5454 2490 9437
5241 12144 18509 
1 2490 5797 6908
4867 13131 10688 
1 6140 3196 9616
19092 18864 12420 
1 6343 146 9701
7883 7535 537 
1 7 2071 6910
12452 13545 978 
1 2071 3798 6910
6639 13880 13544 
1 813 5085 6911
17200 13547 2610 
1 5085 3893 6911
16124 5204 13546 
1 3463 4205 6912
8233 13549 10868 
1 4205 32 6912
4992 15843 13548 
1 5368 3309 8565
14235 3938 3556 
1 7375 8716 8773
9938 13066 17208 
1 7013 1752 9283
11254 820 821 
1 4362 5604 8791
12797 465 6746 
1 6383 4519 7197
9933 10603 14109 
1 2857 1263 6915
4660 4514 12727 
1 6916 2276 8464
13557 16600 13123 
1 3980 2276 6916
7794 13556 13377 
1 2128 6917 9067
13559 11050 17675 
1 2128 6691 6917
11445 8095 13558 
1 95 719 6918
11717 13561 19 
1 719 5976 6918
11709 2259 13560 
1 213 791 6919
595 13563 2490 
1 791 491 6919
7500 1253 13562 
1 7082 6785 9412
7588 2603 18460 
1 7019 3480 9900
6541 19423 2336 
1 3680 5167 6921
4062 13567 10125 
1 5167 4330 6921
7206 4245 13566 
1 3992 8105 8727
469 4064 17118 
1 2517 298 6922
6037 10884 7929 
1 106 3090 8708
16444 5483 5482 
1 7126 7373 8871
14452 13774 13971 
1 3025 4705 8538
8643 8219 16746 
1 3146 3244 6924
299 12608 9928 
1 4419 1008 6925
3384 13575 11228 
1 1008 4763 6925
9332 8657 13574 
1 3697 6926 8194
6811 7400 11569 
1 1018 6827 6926
13381 9228 4971 
1 7402 5435 8710
14510 2723 2114 
1 7026 4763 7126
8657 12235 13581 
1 6244 1400 7741
13773 15176 7432 
1 7026 7126 8249
13579 13970 13969 
1 403 7607 9184
14915 12582 12668 
1 761 4727 9184
3890 12668 18011 
1 803 1199 6930
17729 13585 2328 
1 1199 2260 6930
10395 1695 13584 
1 5802 9480 9783
1956 2679 4368 
1 7624 802 7952
19386 -4 7687 
1 6932 3447 8187
16321 6829 6750 
1 5209 3488 6932
13160 618 6750 
1 7032 7629 8053
12709 1731 12999 
1 894 8053 8466
15791 14656 10573 
1 9114 1060 9937
7748 12935 19490 
1 7738 7561 9735
4609 55 4570 
1 2212 767 9056
1762 10299 13595 
1 7983 2212 9056
4323 13594 8769 
1 5058 6936 9020
9911 2413 15210 
1 732 272 6936
19361 2413 3517 
1 5141 4508 8006
8830 1063 2963 
1 5165 5166 9397
4520 18430 10473 
1 555 6351 6938
7666 13601 7186 
1 6351 142 6938
18248 11670 13600 
1 2479 2509 6939
15178 13603 7520 
1 2509 71 6939
1008 4845 13602 
1 9067 9012 9792
9722 17782 7357 
1 6731 1538 7557
17313 14816 19498 
1 4181 6424 7287
5770 3352 17056 
1 1369 2716 6941
8193 9676 14285 
1 6942 6564 7706
9447 15224 12863 
1 1192 1874 6942
3935 2678 12863 
1 1177 3378 6943
402 13611 6054 
1 3378 2373 6943
7701 11016 13610 
1 6660 3565 7212
6810 13745 15970 
1 3565 7013 7142
13748 13413 13745 
1 5417 2217 7094
4332 3229 13909 
1 7991 644 9105
1264 17857 10413 
1 6946 4644 7108
12148 9098 8909 
1 5510 6278 7045
10799 13812 10798 
1 6212 4734 7748
13790 10696 15190 
1 7849 6947 7962
14998 4685 11231 
1 2327 8013 8112
15712 8482 15516 
1 2785 2669 6948
16098 16296 8127 
1 7838 5127 9063
15370 13229 7097 
1 3959 1130 6949
4575 970 3445 
1 4886 4965 6950
9727 9262 13625 
1 4986 4886 6950
7974 13624 4288 
1 3291 1799 8532
12015 16733 10258 
1 7121 7385 7925
6679 14475 15541 
1 1179 2393 7151
612 10048 334 
1 1202 5240 6952
10265 4677 3896 
1 8472 1626 9013
14278 14989 17678 
1 6953 4298 9411
8416 14981 4155 
1 2248 300 6954
4686 13633 7118 
1 300 3636 6954
11536 19579 13632 
1 3665 1412 6955
7615 13635 3060 
1 1412 3823 6955
7486 6646 13634 
1 1078 493 6956
5812 9666 13637 
1 1081 1078 6956
2658 13636 8849 
1 8131 4373 8334
15943 5737 13442 
1 5704 5052 8131
948 15942 13835 
1 46 1448 6958
6351 2812 13641 
1 2421 46 6958
18147 13640 460 
1 5343 5543 6959
1808 13643 6757 
1 5543 6381 6959
17807 3275 13642 
1 6960 7520 9449
509 18534 14629 
1 523 4478 7993
3064 9617 15673 
1 2812 2470 6961
6179 13647 11543 
1 2470 3595 6961
7042 4868 13646 
1 627 4822 6962
12437 13649 1330 
1 4822 965 6962
2914 8974 13648 
1 3820 6562 8358
12859 10178 9704 
1 1900 676 9893
3122 3998 1062 
1 6964 5458 8050
15391 13140 1632 
1 7650 6396 9756
6562 19140 15392 
1 5379 2540 6965
8560 13655 7756 
1 2540 6093 6965
7222 1563 13654 
1 3829 1375 6966
7497 8733 13657 
1 6089 3829 6966
4874 13656 7498 
1 602 4927 6967
9300 13659 3701 
1 4927 4747 6967
19209 4243 13658 
1 3880 3830 9711
1182 19051 5537 
1 2767 2122 9753
10680 2183 13662 
1 2718 2767 9753
5077 13661 5412 
1 3844 2474 9466
9951 7728 2732 
1 2805 5834 6970
9820 7727 18567 
1 7332 4913 8601
17354 14372 7271 
1 309 4319 8601
14348 16131 586 
1 4999 1044 8792
8378 2175 9792 
1 2274 4638 6972
12265 7661 17246 
1 5708 6098 8380
11187 3714 1163 
1 6973 2105 8380
3542 16434 6732 
1 6222 6698 7645
4190 10973 13128 
1 6974 3181 7032
10972 12709 10735 
1 348 1231 6975
16925 13674 5743 
1 1231 4911 6975
17045 8878 13673 
1 6976 887 7015
9103 2478 9307 
1 2637 3187 6976
17523 1522 9307 
1 5234 1840 7254
7477 14222 10255 
1 6979 7787 7954
6276 11749 4928 
1 6177 5960 8015
15709 6678 4466 
1 7918 1300 9404
7132 5644 11245 
1 206 6659 7787
8620 15268 6276 
1 252 6877 7954
13478 13879 11749 
1 221 5047 6980
8832 13684 4090 
1 5047 1503 6980
17758 8087 13683 
1 9104 7182 9376
13901 10079 13900 
1 1539 6982 9331
13688 18380 9490 
1 7081 7181 9371
13894 13473 12296 
1 1539 6874 6982
2449 2023 13686 
1 3021 3603 6983
9902 13690 13937 
1 3603 3178 6983
3822 1466 13689 
1 3357 4180 6984
2352 12906 13692 
1 4305 3357 6984
8336 13691 7618 
1 6694 1169 9081
1703 9886 17810 
1 8729 8989 9896
5274 14302 17630 
1 4674 7875 8602
15470 15442 16872 
1 6986 2888 8403
4276 16478 10158 
1 2747 8577 9180
16822 7447 18004 
1 6565 2231 9930
15877 436 5505 
1 2386 4840 8739
4600 9324 14266 
1 3110 2614 6988
15289 8991 14267 
1 1483 1005 7114
4230 6933 13948 
1 1005 4839 9517
9480 9287 3285 
1 6990 3406 8664
6670 17465 11580 
1 2419 8187 9405
16054 6829 16053 
1 6792 5806 9361
6099 6421 8005 
1 7091 7281 8739
14273 865 9324 
1 1780 539 8687
7560 267 10283 
1 4795 7772 9640
9394 7551 957 
1 2471 3933 8004
2285 4637 13183 
1 2979 5883 6993
1877 10234 2185 
1 525 7194 7326
15047 6529 14361 
1 1677 5698 6994
10897 9619 15687 
1 4161 532 6995
15148 6572 13714 
1 5800 4161 6995
8841 13713 8621 
1 874 2642 6996
1667 13716 6913 
1 2642 605 6996
18693 17874 13715 
1 5437 8968 9009
17591 3635 15797 
1 6997 7044 8932
1839 11252 806 
1 6998 5179 9644
9566 1274 2291 
1 1691 1541 6998
14731 9566 293 
1 5552 6081 6999
11217 13722 16483 
1 6081 4145 6999
17269 13036 13721 
1 9574 9573 9674
4782 18782 15255 
1 8298 774 9873
16274 14224 15256 
1 8505 7021 8605
17529 7654 16290 
1 316 8502 8937
1451 2000 2608 
1 7002 7361 8406
-6 9668 10881 
1 4548 4879 8270
14293 6330 10534 
1 3102 5175 7003
7022 10533 6804 
1 550 9322 9543
11945 1555 18721 
1 6095 3211 7004
18283 4783 8248 
1 3079 3490 7005
629 13733 698 
1 3490 467 7005
15022 13537 13732 
1 5680 5341 7006
14316 1823 -6 
1 40 4310 7007
10619 18173 13736 
1 5421 40 7007
5746 13735 2283 
1 3453 2313 8006
6761 2963 15698 
1 5165 5164 7008
3124 3150 12695 
1 4558 1486 7009
18939 1488 13740 
1 5963 4558 7009
9548 13739 10833 
1 262 4673 7618
13350 14001 13939 
1 7142 7012 7618
13413 2400 13746 
1 7631 8604 9286
16875 15472 748 
1 7887 707 8774
15466 9157 16477 
1 3565 7142 7212
13613 136 13612 
1 2825 7142 7618
136 13742 14934 
1 2372 6736 8378
13204 6981 16430 
1 3565 4135 7013
10873 11254 13613 
1 1970 1633 7509
7715 14720 4107 
1 1636 1536 8220
11474 9557 2992 
1 3815 287 8489
4076 892 16648 
1 2203 2637 7015
14004 9307 9102 
1 2932 6826 7016
13440 13754 13077 
1 6826 2346 7016
19168 7548 13753 
1 6346 4822 9473
10844 12437 6442 
1 1676 4464 7017
737 5977 6948 
1 4753 7937 8008
10287 17320 15702 
1 4477 2509 8239
1008 16032 16157 
1 7109 1708 9277
3334 3821 18195 
1 6785 7020 9900
7588 2336 14152 
1 3874 4008 9298
18235 18237 13297 
1 6920 4595 7020
17676 7587 13885 
1 7056 1006 9201
17072 16674 -5 
1 8937 5233 9201
16680 -5 18045 
1 7022 3946 8624
10088 5487 7538 
1 2727 6733 9045
2597 13198 14801 
1 8524 2119 9161
9249 15025 17967 
1 8199 6235 9254
16077 17966 1571 
1 4299 7120 7656
13959 5814 14922 
1 5047 8041 9053
14757 3785 17758 
1 2713 1727 9349
18508 10205 14306 
1 6573 9657 9774
6613 17974 19176 
1 1400 6244 8249
13580 16176 11113 
1 7373 6430 8871
5773 7011 13571 
1 9826 7027 9925
19279 15954 7829 
1 4901 4788 9824
18663 2084 5578 
1 2906 9174 9741
17992 6867 19111 
1 1894 7353 7354
12633 18449 14415 
1 7753 7653 9167
14809 15199 17552 
1 4462 3497 7733
10281 2138 15401 
1 7476 8584 9244
13013 2222 573 
1 3992 2080 9296
5754 5825 469 
1 3318 5899 9302
9512 15175 18245 
1 894 6485 7031
7978 6726 15791 
1 3181 3737 7629
12184 14955 12709 
1 7477 3566 8466
12998 6727 16604 
1 3449 1207 7033
903 13788 3071 
1 1207 5102 7033
1379 5760 13787 
1 473 4734 7034
12923 13790 15383 
1 4734 6212 7034
13618 2360 13789 
1 1529 2690 9967
712 3148 7040 
1 4278 3594 7035
8880 10420 9181 
1 1246 8144 8929
7156 611 17513 
1 7100 161 8445
12181 11578 11524 
1 3228 1825 7037
7035 1263 13796 
1 4039 3228 7037
527 13795 7036 
1 65 4355 7038
-6 13798 3951 
1 4355 2407 7038
12231 12232 13797 
1 530 5142 7039
18600 13800 17318 
1 5142 154 7039
2733 551 13799 
1 1618 6939 7040
4905 13802 6060 
1 6939 3840 7040
7519 7236 13801 
1 5548 286 8984
15067 13053 17620 
1 1752 4135 7041
11254 14143 13113 
1 5079 3962 8315
6398 10152 16306 
1 5330 4728 7857
14337 15408 2729 
1 3301 5286 8288
3875 18963 6465 
1 7376 129 8288
2952 16253 14457 
1 5774 5837 7199
7002 11318 7867 
1 1379 2556 8932
16459 11059 17520 
1 3929 4644 7045
11981 12148 13812 
1 6278 3929 7045
8908 13811 13617 
1 556 3097 7046
10725 13814 1161 
1 3097 6128 7046
660 4582 13813 
1 2604 1301 7047
1748 13816 6242 
1 1301 4314 7047
10722 5092 13815 
1 7048 4587 8574
13818 17164 657 
1 2235 4587 7048
14123 13817 8986 
1 9037 6115 9085
17726 1003 5668 
1 7049 2340 7838
962 15369 7752 
1 7106 5103 9515
14517 13931 998 
1 6604 465 8789
12943 132 13536 
1 3336 7104 9063
12369 12161 13229 
1 7051 2340 7151
15369 14019 2334 
1 2078 6228 8819
8652 6241 17298 
1 3189 1885 8819
4129 17297 3681 
1 5617 5111 9689
3188 11010 3182 
1 288 3790 8220
7423 16119 9557 
1 7677 5212 9120
11199 4123 11200 
1 8058 3222 9120
19081 11200 15049 
1 2151 3140 7055
6105 13832 2224 
1 3140 1533 7055
9740 9031 13831 
1 1006 8704 8705
17072 18392 8311 
1 2906 6672 7208
19111 2289 17992 
1 7057 5704 8131
14130 13639 13442 
1 5689 5688 7058
6299 13837 9890 
1 5688 6618 7058
11146 12989 13836 
1 846 3010 7059
5892 13839 12968 
1 3010 4337 7059
10465 5364 13838 
1 7060 6231 7245
2674 11537 7075 
1 2975 6089 7060
17875 7498 7075 
1 2033 5943 7771
5215 12349 5792 
1 2667 5397 7061
13308 2458 7838 
1 1575 5361 7577
10503 14856 13110 
1 4374 580 7233
8568 14180 6159 
1 6865 4418 7756
13261 18993 13454 
1 127 5304 7584
12347 14040 14036 
1 7064 5601 7415
5751 7921 2547 
1 5672 2939 7064
15938 3323 2547 
1 5757 4204 9381
7644 7253 15043 
1 2594 4306 7065
8039 8823 3638 
1 6435 8300 9290
11163 14501 14192 
1 5170 5426 7066
10131 7685 8177 
1 7092 277 8920
4224 14248 17496 
1 5365 3961 9614
11033 18860 13455 
1 1320 6566 7068
12868 13857 14060 
1 6566 1292 7068
3671 12471 13856 
1 6363 6868 8985
12484 2650 17623 
1 7071 7171 8707
2024 13317 9860 
1 4955 5194 7070
15135 13861 7862 
1 5194 3663 7070
303 1306 13860 
1 897 5402 7071
10585 13863 11323 
1 5402 277 7071
8180 2024 13862 
1 3596 1447 9222
9571 16233 2623 
1 2489 5378 7072
10538 12846 13096 
1 9243 2556 9417
8793 16459 11558 
1 2259 5741 7073
6621 4996 12887 
1 6467 372 7694
17325 18551 12673 
1 7154 2374 8293
12606 4882 8942 
1 325 2027 7075
2147 13871 1769 
1 2027 5026 7075
5696 9846 13870 
1 7113 1777 9694
13979 3469 4403 
1 5468 3082 7113
83 2823 4647 
1 7077 1939 9155
13397 15269 23 
1 6444 284 8645
3787 1311 16956 
1 7078 8690 9717
4317 6821 2798 
1 2999 579 7078
5871 9309 2798 
1 7087 5996 8783
3052 6138 10481 
1 6877 6977 7954
8978 15598 13682 
1 6910 3798 9703
13545 4046 19035 
1 914 3774 7080
159 3258 3814 
1 9104 6275 9371
14079 18379 13901 
1 206 3206 7081
13052 14078 5424 
1 6940 7557 9625
2513 1465 18883 
1 6920 7020 7082
13762 7588 18882 
1 2585 4097 9854
11551 5054 19333 
1 4097 4109 7083
3430 5191 5054 
1 7913 4630 8626
15518 8165 16920 
1 3978 8389 8443
16451 6314 5165 
1 3610 4248 7085
14524 13891 4017 
1 4248 475 7085
15061 7069 13890 
1 4590 7086 7547
61 6089 418 
1 4590 9357 9800
418 9489 61 
1 7181 7081 9207
13687 14078 2999 
1 851 7079 7087
18056 3052 14268 
1 896 1747 7088
13009 9768 13897 
1 4790 896 7088
482 13896 6346 
1 1782 2969 7089
16467 13899 6212 
1 2969 3502 7089
6856 11669 13898 
1 5651 9104 9376
17856 13685 1565 
1 7182 9104 9371
13685 13882 13473 
1 1562 899 7091
14360 6530 13903 
1 4840 1562 7091
4036 13902 9324 
1 7270 91 8628
14059 16528 16924 
1 7268 722 8920
10511 17495 14052 
1 8029 5033 8621
15743 3414 15831 
1 5420 6057 7739
14639 11869 14283 
1 6240 5592 9105
3944 7909 17858 
1 504 5417 7094
10615 13614 10412 
1 7095 6584 7461
4716 4715 6028 
1 7461 6649 8789
14626 13536 6028 
1 1062 1430 7096
13046 6376 13913 
1 1710 1062 7096
17443 13912 1490 
1 2405 352 7797
7027 10458 15288 
1 7835 5055 9933
17859 14220 10042 
1 7463 2595 9449
1742 4013 18533 
1 2566 2273 7098
1489 7178 15672 
1 8692 7512 9577
8983 11008 15881 
1 7099 4584 7811
19105 8583 8582 
1 8627 8445 8935
11524 4687 10136 
1 3960 5790 8945
6650 10996 17545 
1 4934 6589 7101
12587 13923 9276 
1 6589 3088 7101
6045 9277 13922 
1 6829 53 8735
-3 16950 534 
1 8175 7502 8642
16030 6466 -3 
1 7304 1435 7662
14318 6029 9702 
1 1765 6312 7104
12250 13928 3901 
1 6312 3625 7104
7098 12161 13927 
1 2516 4467 7105
13035 13930 9075 
1 4467 615 7105
2422 9428 13929 
1 5103 450 9515
3421 18665 13821 
1 7106 467 7979
998 3798 14517 
1 1453 7162 7584
14041 10390 14870 
1 180 3168 7162
9050 14238 14041 
1 8108 7147 9037
14394 14395 5668 
1 251 6206 7108
2335 9711 296 
1 3021 6983 7219
13689 19424 6634 
1 7318 3387 7418
14346 12408 15864 
1 3285 262 7618
5037 13741 2400 
1 6814 3008 7884
13355 13414 17511 
1 2169 2467 8819
4060 3681 2900 
1 1885 4314 7111
5092 11595 17297 
1 7112 3636 8123
7647 11536 13944 
1 7112 8123 8343
13943 10903 10601 
1 1589 1777 7135
15054 3936 13989 
1 7679 3123 9694
6034 4290 3469 
1 528 2887 7114
19016 13948 2889 
1 2887 1483 7114
4945 13701 13947 
1 230 4740 9688
7096 18669 1948 
1 4080 594 9685
4588 18999 4058 
1 4463 4531 7743
7596 15179 3647 
1 7117 543 7906
13953 18863 9626 
1 769 543 7117
38 13952 446 
1 1864 4177 7118
6357 13955 9716 
1 4177 3783 7118
18879 139 13954 
1 9221 3743 9799
18084 19225 18615 
1 2968 2837 8956
420 9713 11843 
1 2839 2889 7120
18563 2460 13959 
1 4299 2839 7120
11030 13958 13769 
1 4453 7121 9857
19343 19136 19336 
1 3086 7513 9859
16047 4428 2409 
1 4391 7247 8021
14209 2945 7174 
1 3538 613 7122
5538 14208 1574 
1 9149 9150 9505
5593 3037 5618 
1 7426 698 9352
6444 10004 15451 
1 4559 6204 7124
8930 13967 6868 
1 6204 26 7124
2075 12156 13966 
1 3580 980 7225
1485 14164 453 
1 2365 7026 8249
13375 13581 15073 
1 7126 7689 8249
13971 11113 13581 
1 7689 7126 8871
13970 13571 14451 
1 7127 8 7930
10016 9734 10200 
1 1837 5111 7127
3192 6871 5622 
1 7128 2604 9584
10888 6242 3106 
1 2114 5823 7128
11413 8448 3106 
1 1297 2167 7412
2520 4099 14528 
1 230 330 9181
9479 18005 1627 
1 2015 1491 7135
19564 4291 3098 
1 1777 7113 7130
13872 2823 3936 
1 267 268 7131
11386 13981 310 
1 268 168 7131
1967 3573 13980 
1 7132 3721 8876
17372 9188 7095 
1 279 7132 9706
17373 7095 14780 
1 2041 6560 7170
12856 12659 14057 
1 1927 295 7133
8798 2332 12658 
1 5257 3435 7629
6226 3985 14956 
1 3737 6698 7134
10973 1971 14955 
1 1377 763 7135
3895 13989 4291 
1 763 1589 7135
3506 13945 13988 
1 100 373 7136
5516 151 -3 
1 3287 918 9339
6533 10322 10910 
1 7958 5567 8228
18423 10911 4079 
1 5902 4378 9749
9362 19127 1461 
1 411 2996 7138
8602 580 8576 
1 4754 4113 7139
2025 13996 10184 
1 4113 5117 7139
10029 2410 13995 
1 3040 7339 8547
7646 14190 14387 
1 1408 5081 7141
9957 7235 14000 
1 3069 5562 7141
10901 14000 302 
1 5562 1408 7141
4956 13998 13999 
1 4673 7010 7618
13133 14933 13741 
1 2825 6944 7212
12718 14139 136 
1 4346 4345 9447
14241 7200 1435 
1 2637 2203 7143
13752 8511 17524 
1 7911 2408 8706
4282 17075 15174 
1 7144 351 7750
3914 1185 5292 
1 588 4005 7145
7081 14008 12339 
1 4005 1865 7145
13237 2080 14007 
1 1038 3484 7873
9308 9646 15439 
1 3484 975 7146
1129 3127 9646 
1 7246 2415 7346
1509 14206 4719 
1 3658 7351 9651
1308 17818 14018 
1 7590 912 8681
14882 9248 12219 
1 1107 6145 9818
12040 12037 19263 
1 870 4704 7149
1386 10304 -6 
1 4576 3391 9939
16411 8707 9640 
1 7355 7150 9939
5869 19495 8963 
1 4547 3658 9651
11982 14012 3897 
1 2340 1995 7151
962 18934 13824 
1 6795 2367 7573
17077 4497 1289 
1 4583 1261 7152
17227 3051 5089 
1 2087 4750 8778
16649 8945 17218 
1 4750 4749 7153
1471 532 8945 
1 6732 3136 9116
16185 1887 3256 
1 5777 8734 9794
17131 4624 16527 
1 7208 7155 9174
1137 11235 17992 
1 3854 6446 9174
3700 14414 11235 
1 210 732 7156
19362 7403 14029 
1 3779 210 7156
11655 14028 9917 
1 3339 3340 7980
2575 4993 15647 
1 1759 1360 7157
2643 15575 1181 
1 4610 7660 7827
18294 3143 19373 
1 6789 6886 7158
9170 9032 9622 
1 2653 6859 8334
5806 9353 5737 
1 5052 2351 7159
1050 4820 15942 
1 494 127 7584
12674 13847 8799 
1 1991 4373 7160
4594 9199 14869 
1 28 5970 8465
18899 6341 16601 
1 7276 6816 9057
10629 3530 1189 
1 5304 1991 7584
4594 14869 13847 
1 1453 180 7162
9973 13934 13933 
1 7163 1325 7455
4856 14613 4886 
1 3339 7157 7942
15647 15575 6538 
1 4235 25 7164
1007 14045 4014 
1 25 4846 7164
9493 9663 14044 
1 3842 4076 7165
10792 8654 14047 
1 5282 3842 7165
994 14046 10539 
1 4990 5592 8241
14926 3944 16162 
1 4040 6154 9541
12059 7971 18266 
1 8485 7301 8933
3933 9561 10289 
1 420 1698 7649
1978 1544 14995 
1 7168 7268 8920
10584 13905 4966 
1 5365 7067 7168
13455 4962 4966 
1 4003 1596 8600
3112 6796 7839 
1 8496 2753 9076
4460 14442 17801 
1 5888 6558 7170
7091 14057 3986 
1 6558 2041 7170
12852 13984 14056 
1 82 5033 7371
3414 1981 5980 
1 3055 91 7270
503 13904 14251 
1 1320 7068 7172
13856 14061 13332 
1 7068 1767 7172
2510 8421 14060 
1 7424 7728 8292
5173 7803 10838 
1 1361 3888 7173
16037 7804 4777 
1 6090 1318 9581
11935 3240 4405 
1 3527 1998 7598
6906 8853 3684 
1 2894 3327 7175
17533 -6 11398 
1 3103 8567 9793
10231 8868 16802 
1 5764 6546 8567
312 8868 12829 
1 6428 1129 9146
4109 12596 16046 
1 7826 5667 8834
16959 1936 13023 
1 7359 2075 8357
14425 8587 6069 
1 5220 7256 9931
14226 14225 7218 
1 6516 9090 9218
17829 6573 12769 
1 4579 5968 9321
11694 18280 5826 
1 5338 5632 9946
12819 10459 5863 
1 2302 6777 7180
13282 10246 8070 
1 851 7279 9207
14268 6275 18056 
1 7081 3206 9207
13883 18055 13894 
1 4844 6275 9104
4714 13882 14364 
1 6982 6981 9371
2023 12296 18380 
1 653 1841 9135
17148 10527 17914 
1 1841 2934 7183
1345 5153 10527 
1 1764 2526 7184
15648 14084 15529 
1 2526 5064 7184
9425 7165 14083 
1 3781 1784 7929
2231 8918 2695 
1 1508 2253 8558
11836 16784 7407 
1 3709 706 7186
13406 14088 1588 
1 706 7086 7186
6089 10045 14087 
1 7296 8989 9807
14302 5274 14303 
1 1039 2697 7187
2269 6191 7368 
1 7273 2576 9910
17378 9967 13343 
1 996 6413 9537
12765 5036 18710 
1 747 1048 7405
1584 122 16813 
1 1852 4885 9958
1759 3616 5559 
1 2435 3588 7190
7028 14096 7707 
1 3588 3684 7190
2294 7023 14095 
1 3873 5350 7191
9164 14098 187 
1 5350 3918 7191
10790 10482 14097 
1 2596 9043 9988
10587 19346 17738 
1 9892 3751 9990
10653 19407 19586 
1 371 1317 7193
11058 14102 7624 
1 1317 3664 7193
19126 9965 14101 
1 2191 7676 8030
9481 3134 15048 
1 3335 899 7326
6530 14360 11908 
1 386 5112 7195
96 9382 -3 
1 689 2774 7196
17909 14107 1916 
1 2774 2504 7196
13109 4164 14106 
1 2440 3527 7197
16628 14109 12728 
1 3527 6383 7197
3684 13554 14108 
1 7788 1868 9636
17954 7884 13309 
1 2170 6003 7198
16063 12370 2849 
1 7199 293 8057
11440 10855 7867 
1 2068 7044 7199
11252 11440 8794 
1 2854 2167 8839
4099 17337 9286 
1 6157 7280 9181
1656 431 14271 
1 6999 3675 9870
11916 19363 16483 
1 805 2277 7201
12884 2014 13520 
1 8185 1215 9379
16049 5120 15321 
1 5548 3478 7686
14978 15066 15067 
1 1970 1332 9026
6779 17704 3186 
1 2139 4255 7203
5912 7267 1112 
1 355 6286 8574
12318 657 16816 
1 4587 2235 7204
13818 5642 1453 
1 3545 5971 7438
6942 5218 11700 
1 9346 3396 9945
10645 18329 4834 
1 7206 4793 8877
262 15753 17139 
1 2382 689 7206
17908 11382 17139 
1 807 1910 7207
8713 14129 1434 
1 1910 3587 7207
7026 10296 14128 
1 5704 7057 7208
13835 14131 2289 
1 7057 2932 7208
13440 13077 14130 
1 1366 4121 7209
8901 14133 9446 
1 4121 4581 7209
1924 5337 14132 
1 4129 515 9927
14328 5525 19472 
1 5093 429 7310
1836 8350 18970 
1 2506 3524 9106
4898 1406 15363 
1 3487 3684 8886
7215 2294 17430 
1 6844 2137 7212
819 15971 14139 
1 6944 6844 7212
14329 14138 14002 
1 618 2597 7213
9344 11939 14141 
1 5621 618 7213
16987 14140 1013 
1 5237 7041 7214
16596 14143 4175 
1 7041 4135 7214
13804 10873 14142 
1 7215 5991 7472
9977 7893 5178 
1 4377 548 7215
17697 11740 5178 
1 7216 765 9413
6388 2779 8609 
1 1280 458 7216
3168 2924 4964 
1 2495 1817 8966
3548 17586 11508 
1 4940 4597 9360
16704 10707 17777 
1 117 1548 7218
11965 14151 12497 
1 1548 1082 7218
12498 60 14150 
1 3874 6785 9900
13297 13760 5489 
1 3480 7109 8154
6541 18195 6334 
1 1651 3549 9968
14301 15723 3321 
1 7794 985 9431
10931 18497 6079 
1 4185 6802 7221
12862 14157 3302 
1 6802 6528 7221
444 13457 14156 
1 6572 693 8975
10432 1188 1145 
1 1729 3837 7936
3894 15562 1985 
1 3520 5067 8423
6158 6350 6891 
1 4198 6547 9971
8500 12609 15964 
1 1677 5038 7224
15686 14163 10897 
1 5038 2599 7224
10906 5901 14162 
1 980 2100 7225
1029 14165 13968 
1 2100 4635 7225
3366 9079 14164 
1 3585 852 7226
16930 14167 8037 
1 852 4105 7226
9357 4134 14166 
1 1613 5721 7227
17515 14169 3145 
1 5721 512 7227
18198 2935 14168 
1 1875 3333 7228
19341 7161 14171 
1 3657 1875 7228
1597 14170 3662 
1 1025 4533 9281
3377 8860 18203 
1 1921 1578 7229
128 7900 5712 
1 483 736 7230
926 3775 14175 
1 1188 483 7230
3096 14174 1426 
1 5322 7231 8504
10426 9912 4958 
1 382 2834 7231
8736 1527 9522 
1 6517 122 8515
10714 16701 12771 
1 8052 3756 8515
18755 12771 9002 
1 580 1245 7233
5273 14181 13845 
1 1245 1138 7233
14538 9810 14180 
1 7549 7446 7682
3900 14398 222 
1 5385 2213 7442
2739 14589 4488 
1 6110 2257 8752
13464 4229 11972 
1 2734 2091 7235
4083 16316 5978 
1 4936 7236 7574
14187 5118 10419 
1 4936 2455 7236
11314 6785 14186 
1 5250 5249 8687
11841 10283 17039 
1 539 619 7237
7559 11072 7611 
1 7339 7340 8547
6008 3155 13997 
1 1597 777 7238
3113 4957 16763 
1 4479 6435 9290
10878 13852 18221 
1 3154 4714 7239
9351 12372 7942 
1 7690 9400 9847
18925 3484 7987 
1 5145 5208 8159
164 19177 15075 
1 3070 5232 7241
5421 14197 9603 
1 5232 3035 7241
975 1668 14196 
1 14 5107 7242
4026 14199 4682 
1 5107 23 7242
1787 3416 14198 
1 3609 6337 7243
17245 14201 2022 
1 6337 1760 7243
2482 7456 14200 
1 2048 871 9986
9679 19580 11429 
1 871 2686 7244
658 1687 19580 
1 1622 9342 9758
3460 2139 1842 
1 231 2975 7245
17204 7075 19145 
1 2415 5449 7346
10678 1506 14011 
1 7446 969 8552
16576 16772 14596 
1 7122 613 8021
13963 15726 2944 
1 4391 371 7247
6423 7624 13962 
1 7248 9101 9367
7084 8079 67 
1 1505 2735 7248
2278 4444 67 
1 2255 312 7249
18834 5447 14213 
1 5146 2255 7249
531 14212 10085 
1 721 4622 7250
10783 10110 14215 
1 5105 721 7250
18537 14214 3372 
1 647 3748 8196
6439 6631 5386 
1 1762 1901 7251
10774 2299 16071 
1 3999 1234 7635
4692 11766 7832 
1 4388 3867 7252
15599 4693 9593 
1 5055 3298 9933
15037 9905 13915 
1 4157 7810 9763
15314 8139 15313 
1 1840 4203 7254
5130 14223 13677 
1 4203 167 7254
6805 6471 14222 
1 774 6061 9873
18979 3759 13724 
1 7256 8677 9931
4455 16725 14072 
1 5220 6471 7256
7243 6903 14072 
1 2513 8764 9481
8284 4045 17190 
1 639 5375 7257
10532 388 2468 
1 6332 7617 8519
14545 12757 16709 
1 7258 6359 7408
1930 10279 18444 
1 227 193 7977
13030 7430 14391 
1 5857 1935 8743
16524 4398 14435 
1 2251 406 9671
5985 3432 18973 
1 1985 7201 7261
1911 3197 -6 
1 3309 5368 7262
13550 14236 9857 
1 5368 4175 7262
15944 11475 14235 
1 4370 7162 7263
2565 14238 7524 
1 7162 3168 7263
13934 7223 14237 
1 310 3002 7264
12405 9870 14240 
1 5874 310 7264
12729 14239 11889 
1 4345 4346 7265
14003 1866 14242 
1 5013 4345 7265
5800 14241 790 
1 2788 2569 7735
1774 4897 15164 
1 7266 7736 7837
14971 5268 3325 
1 7719 7018 8830
17982 12414 12415 
1 4758 524 8482
9140 1749 9141 
1 6883 7268 7367
12470 13491 3074 
1 277 7069 8920
11034 14250 13854 
1 1103 5 7269
2349 878 -5 
1 7069 5365 8920
10512 4966 14248 
1 722 3055 7270
10511 14059 17495 
1 1510 468 7271
16796 12168 14253 
1 3505 1510 7271
18796 14252 7255 
1 385 1167 7272
6430 14255 3101 
1 1167 4754 7272
9315 9314 14254 
1 8860 2413 9179
4755 15746 12363 
1 2689 8091 9910
4357 13343 19440 
1 187 3137 7274
6140 4459 14259 
1 4068 187 7274
5257 14258 3848 
1 1902 2300 7275
14848 14261 10480 
1 2300 752 7275
5966 1720 14260 
1 6799 8317 8335
7899 11790 1919 
1 5221 7161 7276
6989 10629 16310 
1 2602 915 7277
1099 1886 14265 
1 3136 2602 7277
16184 14264 10267 
1 3279 2386 8739
19347 13699 17141 
1 3110 6988 7278
13700 2165 8745 
1 851 7087 7279
13895 14269 14077 
1 7087 915 7279
10481 1099 14268 
1 840 6148 7412
517 14529 1949 
1 1134 6157 9181
12064 14115 18006 
1 6991 4465 7281
3049 2384 14273 
1 7091 6991 7281
812 14272 13706 
1 364 140 9769
15996 15311 19167 
1 3706 6104 7282
7257 10640 4484 
1 3015 6828 7283
13384 14277 1092 
1 6828 5806 7283
6421 12921 14276 
1 4115 1626 8472
14990 13630 3763 
1 7958 3337 9393
5686 5794 18423 
1 8043 1666 9897
8578 19417 14385 
1 2143 5310 7285
14951 1763 1468 
1 7944 6467 8133
15579 10549 9069 
1 2538 5420 7739
15832 13907 15172 
1 1369 8036 8104
15756 6416 8193 
1 1369 6941 7287
13607 12588 15756 
1 7288 4540 7290
9325 8479 13517 
1 570 5847 7288
11460 37 13517 
1 5749 1790 8823
2852 8778 11891 
1 7666 3269 7935
8045 2093 15561 
1 7290 3709 8046
8479 1588 7193 
1 5125 570 7290
16695 13517 7193 
1 4548 3442 7291
5405 2308 14293 
1 4879 4548 7291
13728 14292 17050 
1 1701 6863 9185
1215 2330 13451 
1 3549 2354 8030
14300 13394 3134 
1 292 1295 7865
3720 15423 4726 
1 7865 1342 8307
15424 5219 1172 
1 5765 9248 9453
369 17677 8010 
1 7294 2528 7297
18541 5687 480 
1 2354 3549 7295
14295 14301 6019 
1 3549 1651 7295
14154 4035 14300 
1 8989 7296 9896
14089 16932 13694 
1 7510 7296 9807
6375 14089 19242 
1 828 5364 7297
893 14305 5687 
1 5364 1615 7297
10124 8801 14304 
1 7025 2713 9349
3170 13771 6614 
1 9352 7879 9451
773 1052 11922 
1 103 7215 7572
9405 7903 14846 
1 8659 8759 8760
18654 2426 2537 
1 3359 1478 9194
16548 14691 18032 
1 1381 2115 7300
9015 2290 11095 
1 1343 2900 7301
14830 14313 3933 
1 2900 932 7301
4223 1208 14312 
1 6738 27 8027
6812 8790 2121 
1 4487 3402 7302
15035 6663 15739 
1 5341 5680 7303
13734 -6 5893 
1 1996 4952 7304
14713 14318 3899 
1 4952 1435 7304
2322 13926 14317 
1 2820 7746 8126
9564 10421 9587 
1 373 8126 9784
4468 5515 15934 
1 407 6518 7306
118 14322 5796 
1 6518 2962 7306
10796 16647 14321 
1 9 1168 7307
7318 18935 14324 
1 1223 9 7307
10642 14323 10989 
1 4190 1716 8449
8263 8262 3085 
1 3822 3722 7819
7289 15332 7087 
1 1196 6117 9670
11985 8083 14519 
1 515 4129 7309
14134 3867 702 
1 6844 6944 7310
14139 14330 8350 
1 6944 7210 7310
12718 5526 14329 
1 2754 6745 7311
3598 14332 2553 
1 6745 1014 7311
9964 1966 14331 
1 2669 8209 8310
16098 9078 16296 
1 7312 8310 8411
16297 9434 16494 
1 4149 1336 8946
6368 17546 7545 
1 3852 2150 7313
2596 4815 1618 
1 4728 5330 9653
13806 18937 9767 
1 5187 4073 9534
10164 11094 18704 
1 4930 5720 9851
5334 6370 2843 
1 3204 3654 7315
4200 12294 16089 
1 3350 5497 9567
6994 1250 15775 
1 6610 1661 8398
14500 16468 12170 
1 1509 1473 9785
841 3259 12058 
1 1920 4794 7317
2867 2500 19197 
1 7420 3021 8090
11745 14544 7056 
1 3387 7318 8154
13938 4635 15989 
1 309 4236 7319
2675 6682 14348 
1 4319 309 7319
13666 14347 567 
1 389 2966 9838
5803 5805 6000 
1 5614 3166 8273
12751 3309 919 
1 668 768 7321
17272 14352 7184 
1 768 202 7321
9463 1487 14351 
1 8810 6771 8824
1943 1964 603 
1 7323 8567 9814
12829 10231 19256 
1 7176 2469 9793
1747 4279 10232 
1 3977 5808 8168
11384 10778 16017 
1 5808 6630 7324
10132 2005 10778 
1 2318 8858 9506
17375 1798 15618 
1 8684 902 9609
17033 18850 8161 
1 899 1562 7326
13902 14361 14104 
1 1562 525 7326
15744 13711 14360 
1 415 2872 7327
15362 14363 3845 
1 2872 4167 7327
5044 11469 14362 
1 4922 4844 9104
4608 14079 2836 
1 4688 4329 8211
9185 4626 13516 
1 1845 1846 7329
17834 14367 5411 
1 1846 2489 7329
10538 13096 14366 
1 1400 5669 8595
15072 10736 16858 
1 8408 3472 8859
16488 6797 9368 
1 4652 6319 7331
17283 14371 9112 
1 6319 4872 7331
13172 11049 14370 
1 4913 111 8601
9625 16869 13665 
1 5469 6900 9274
19315 10099 18189 
1 5691 2003 7333
14621 14375 13476 
1 2003 6322 7333
12389 12196 14374 
1 1653 5893 7334
3226 14377 3220 
1 5893 683 7334
16151 11550 14376 
1 321 7959 9216
15607 610 5769 
1 321 2739 7335
3313 1353 15607 
1 758 4379 7336
5951 14381 16081 
1 4379 2040 7336
4103 1723 14380 
1 2870 4789 7337
5613 4809 -3 
1 746 7338 8801
18811 17263 14916 
1 2756 4003 8801
5973 16943 1446 
1 8201 8043 9897
14575 14280 14577 
1 3069 3707 7340
302 3155 14388 
1 7238 3040 8547
5952 13997 16763 
1 2213 3069 7340
10901 14386 7181 
1 2157 4701 7363
12857 14431 5534 
1 5591 6220 7341
12189 9209 19217 
1 227 7977 8259
14231 4619 16196 
1 3582 3044 7343
1382 9193 14393 
1 4693 3582 7343
9194 14392 8993 
1 7108 7147 8108
9098 13935 296 
1 7147 7344 9037
12160 17725 13935 
1 5064 4164 7372
8154 1528 9923 
1 5498 8020 8230
15725 8345 16140 
1 7446 7346 7682
14596 1506 14182 
1 7549 6249 8452
3358 824 3900 
1 4891 2116 9200
5270 18043 1108 
1 2678 1931 7347
3262 3772 6216 
1 1391 7348 8044
14403 7434 2377 
1 1391 1152 7348
2884 12531 14402 
1 8782 6652 9809
7293 9934 2271 
1 2111 5070 7349
11586 7810 11192 
1 1754 1951 7350
14860 14407 13021 
1 1951 5269 7350
4043 7314 14406 
1 1997 9085 9651
17819 3897 11051 
1 521 1179 7351
963 6561 1878 
1 2895 624 7847
5663 6907 15388 
1 624 625 7352
4483 6908 6907 
1 521 6078 7353
14606 14413 963 
1 6078 196 7353
10313 18448 14412 
1 6446 7354 9174
14415 13379 14027 
1 6446 1894 7354
4584 13778 14414 
1 7375 9491 9810
18618 472 9938 
1 2998 5072 7355
16618 5869 10771 
1 1540 5092 8203
1815 16085 3292 
1 2949 6424 8267
4917 5770 16213 
1 7988 4395 8497
3993 12090 3992 
1 7357 7988 8931
4351 4550 3590 
1 471 4787 7358
9379 14423 8785 
1 4787 2016 7358
15155 18192 14422 
1 5220 3791 8096
13285 15875 7243 
1 2832 2075 7359
2822 14071 10228 
1 1722 5756 7360
4002 14427 2973 
1 5756 6727 7360
9105 9104 14426 
1 1228 5723 9650
1336 11218 18932 
1 8607 8507 9492
10781 16881 1951 
1 1118 1238 7362
2861 7872 5213 
1 4701 3307 7363
10389 14432 14389 
1 3307 6867 7363
13459 1974 14431 
1 7915 419 9432
4698 6091 9749 
1 4977 55 9432
9296 18499 4437 
1 3516 5857 8743
11479 14232 17149 
1 6901 2339 7365
11297 5332 3250 
1 1934 6250 7366
3081 14438 337 
1 6250 2281 7366
2687 4458 14437 
1 1441 3842 7367
10791 14440 13491 
1 3842 1692 7367
994 13490 14439 
1 6484 7368 8380
3116 1163 16434 
1 2753 8597 9076
3006 16862 14055 
1 8930 3400 9141
18908 17516 15436 
1 970 5782 7369
11334 1880 14598 
1 5898 8576 9778
11106 15610 7015 
1 4294 4194 7370
16195 9071 16819 
1 5033 5842 8428
15743 12607 1981 
1 6433 752 9794
5967 16527 19216 
1 8233 4366 9354
1065 17826 7164 
1 4766 7345 7372
1169 9337 7954 
1 1400 7689 8871
11113 13971 15072 
1 7126 7125 7373
12235 1955 13571 
1 587 1978 8745
3663 7014 2614 
1 2525 5140 7374
10520 10116 17152 
1 7355 6666 9810
16255 19247 10771 
1 4107 7632 9491
8040 9516 18617 
1 7043 7376 8288
845 13808 18962 
1 2216 8686 9014
13080 4870 17680 
1 7377 360 9363
16129 18363 1018 
1 2842 6592 7377
11424 7106 1018 
1 6758 1089 9061
4446 17771 2016 
1 641 6291 7378
18495 7850 13245 
1 3079 5813 7593
600 11395 14887 
1 5813 7050 7379
600 11394 11395 
1 2937 4473 7380
16455 14466 1837 
1 4473 601 7380
1518 11208 14465 
1 683 4045 8207
35 4614 11550 
1 1650 1923 8278
12115 3756 12652 
1 4756 5793 8781
9319 9318 6930 
1 1368 3923 9226
3751 18093 6450 
1 7383 5391 7810
10564 11409 8140 
1 6541 6641 7383
5554 6644 8140 
1 664 958 7384
13462 9000 14474 
1 4594 664 7384
1070 14473 6392 
1 7385 1523 7925
18750 12050 13627 
1 9368 6180 9456
12051 14549 16540 
1 205 3255 7386
6373 7931 14478 
1 4130 205 7386
17918 14477 3480 
1 5913 4553 9002
-3 484 11290 
1 2896 267 7387
8929 310 1860 
1 1407 1458 7479
2706 2737 3314 
1 1966 1961 7388
1198 2705 3831 
1 5648 4174 8214
15781 2405 16108 
1 3856 522 7540
11650 14782 4542 
1 1046 4858 9859
17752 19342 4428 
1 7647 7518 8184
14729 6280 16048 
1 2191 7292 7391
15048 14488 18013 
1 7292 2386 7391
4600 19348 14487 
1 8697 2992 9578
17058 6386 5998 
1 1265 5959 7392
11676 3927 2795 
1 45 6285 7752
18560 6343 7412 
1 4328 6760 7393
13250 3208 15197 
1 413 623 7394
12630 9261 14494 
1 2868 413 7394
11233 14493 8493 
1 2654 3766 7395
9554 14496 11305 
1 3766 5324 7395
1282 5233 14495 
1 8889 3105 9968
6950 6420 15723 
1 1269 7295 7396
6949 4035 146 
1 2130 1661 7397
4395 14500 12955 
1 1661 6610 7397
14342 18741 14499 
1 8300 4385 9290
16525 12611 13852 
1 3873 4479 7398
10878 18221 9164 
1 1168 52 9652
7317 15680 18935 
1 2110 3989 8852
12545 11339 17561 
1 4269 5409 7714
750 17616 14506 
1 5810 4269 7714
9519 14505 18106 
1 3238 5438 7401
427 14508 13399 
1 5438 5888 7401
7091 3986 14507 
1 2049 4958 7402
17160 14510 11283 
1 4958 5435 7402
15961 13578 14509 
1 6582 7484 9812
3237 19283 9073 
1 7403 8682 8921
4070 4607 8997 
1 187 1024 7404
17542 -3 6140 
1 1148 7189 7405
19529 14515 122 
1 7189 1530 7405
2982 2226 14514 
1 13 7904 8702
14712 14714 15460 
1 5103 7106 7979
13821 13932 15645 
1 1944 1435 8375
6029 2322 5889 
1 7884 1196 9670
17068 14327 17511 
1 9333 7202 9379
9534 15321 9533 
1 5201 4669 9404
10193 11245 15526 
1 5147 863 8624
5156 6539 16915 
1 1930 3849 7571
9658 14802 6494 
1 4248 3610 7410
13890 12476 14525 
1 4832 4248 7410
1884 14524 11624 
1 7411 1034 8260
4869 4813 10755 
1 3306 7089 7411
10436 11669 10755 
1 204 1297 7412
463 13976 14529 
1 6148 204 7412
5194 14528 14270 
1 669 9130 9270
17905 17854 11307 
1 3668 2036 7413
18186 9359 18181 
1 4474 4600 7414
5403 14533 3423 
1 4600 2781 7414
17333 4711 14532 
1 4046 1887 8768
4981 17198 4275 
1 1647 1222 9340
17197 5750 12009 
1 7214 6660 8984
6810 13203 4175 
1 5600 7416 7686
16560 10976 10872 
1 1138 1245 7417
14181 14539 6767 
1 1245 235 7417
7265 6729 14538 
1 1542 5247 7617
9146 4634 5913 
1 5600 1542 8444
10872 5913 16560 
1 8580 4700 8581
16828 12438 8360 
1 6172 6171 8460
5605 16591 16592 
1 3021 3236 8090
6634 15863 14345 
1 7617 6332 9594
14229 3079 3036 
1 3523 5054 7421
9903 14547 7144 
1 5054 3649 7421
4101 11746 14546 
1 1306 1779 9046
111 9712 17743 
1 6180 8434 9456
10806 4429 14476 
1 9164 1504 9486
14551 17570 3862 
1 1504 9164 9596
14550 11641 18824 
1 2233 6686 7424
3735 14553 10838 
1 6686 2542 7424
5187 10839 14552 
1 3180 2413 7425
15746 15328 14555 
1 5670 3180 7425
5731 14554 11116 
1 2873 7123 9352
19383 773 10004 
1 2859 1799 7426
16733 1349 15451 
1 9878 6871 9970
19380 7641 1934 
1 2960 8784 9994
18977 13315 19591 
1 9610 8761 9909
17184 3572 17183 
1 3999 1459 9781
7574 969 4692 
1 184 6853 7429
10218 14563 3339 
1 6853 182 7429
338 7371 14562 
1 5669 6923 9415
17401 2181 10736 
1 819 2505 9251
3162 18143 13336 
1 998 5097 7431
17420 14567 11203 
1 5097 5098 7431
3446 12768 14566 
1 2795 5513 7432
10804 14569 10803 
1 5513 3346 7432
9868 10655 14568 
1 4112 4739 9478
9284 1760 9285 
1 3012 3193 7433
6712 13276 8050 
1 6201 6655 9699
11955 12740 19027 
1 6501 6502 7434
5481 12739 18257 
1 569 4042 7578
5779 4187 14857 
1 6032 8043 8201
15771 14385 982 
1 6361 6559 7578
8766 14858 11820 
1 758 8201 9897
16081 14385 6503 
1 7437 4829 8659
16375 16782 9460 
1 4062 8262 9196
16203 7331 18036 
1 711 5003 8247
11593 12149 6652 
1 4495 7205 7438
8806 11700 16172 
1 5579 274 9983
5462 1495 13137 
1 561 661 7439
2123 7600 11291 
1 2672 2063 8594
18823 2529 15081 
1 1598 7440 8594
10219 5226 7417 
1 4970 7441 9264
6130 14767 17489 
1 1645 3132 7441
6129 7103 6130 
1 1658 2296 7541
3235 3924 3252 
1 2213 3405 7442
7181 14785 14183 
1 850 4923 7443
15131 14591 10300 
1 4923 2065 7443
6984 4741 14590 
1 3465 7659 9237
11128 10742 18116 
1 4544 7137 8287
2394 15015 6784 
1 159 5284 9891
5991 7355 19405 
1 4660 5473 9959
6770 19531 761 
1 7346 7446 8552
14398 14207 4719 
1 7448 969 9695
16772 12534 19020 
1 970 7369 7888
14444 15468 504 
1 3713 6418 8226
12578 15674 16132 
1 7344 7246 8552
12302 4719 17725 
1 5829 503 9695
15189 1879 12244 
1 6387 1140 9912
11688 19444 5030 
1 4242 7449 8974
9877 9215 11619 
1 3496 7450 7673
11284 -5 11444 
1 5730 677 7849
18814 4457 12172 
1 6078 521 7451
14412 1878 2288 
1 1835 4527 9516
11022 11548 4968 
1 4538 9215 9474
18071 17682 17683 
1 3445 5825 7453
6745 14610 11964 
1 5825 6309 7453
114 17379 14609 
1 2032 6386 7454
12514 14612 7279 
1 6386 2715 7454
5331 752 14611 
1 1325 5759 7455
11289 14614 14042 
1 5759 1717 7455
3580 7322 14613 
1 5763 6504 7456
5530 14616 12744 
1 6504 2957 7456
6051 5729 14615 
1 11 1918 7457
-3 14618 3740 
1 1918 1914 7457
3739 12872 14617 
1 2132 4415 7458
4763 14620 4165 
1 4415 901 7458
8257 1821 14619 
1 2003 5691 7459
14374 14622 11446 
1 5691 3014 7459
9546 3385 14621 
1 394 1689 8352
5109 16378 12929 
1 1112 839 7460
12778 3932 2654 
1 4915 6606 7461
12947 14626 4715 
1 6606 6649 7461
4463 13911 14625 
1 9718 4031 9817
6406 19260 6411 
1 5782 7862 9531
11334 11041 1681 
1 7993 6960 9449
9617 13644 2098 
1 2152 1769 7464
12281 14631 17447 
1 1769 4707 7464
9221 1573 14630 
1 9578 3262 9932
18789 2796 5998 
1 7465 2369 8697
1232 4812 6181 
1 751 5920 7466
15916 14635 12951 
1 5920 5803 7466
12377 448 14634 
1 4900 2218 7467
12358 14637 1309 
1 2218 5748 7467
4334 1171 14636 
1 233 6057 7468
3731 14639 3303 
1 6057 5420 7468
13907 438 14638 
1 7469 3914 7870
16118 15432 4998 
1 5245 16 8219
3612 1227 7459 
1 2174 6491 9231
-3 5021 7237 
1 2431 193 7470
359 8640 3544 
1 4312 5134 7471
14868 14645 2090 
1 5134 6589 7471
10061 12587 14644 
1 4032 7472 9256
967 7893 5179 
1 7855 1178 8379
4148 7894 6683 
1 1440 198 7473
18475 14649 8365 
1 198 1546 7473
3012 2429 14648 
1 2965 2708 9158
5208 13417 17961 
1 1485 6846 7474
12407 9607 1841 
1 2147 8469 9504
6262 4195 10095 
1 1393 5824 7475
11415 1897 7124 
1 9126 435 9244
17897 8747 2222 
1 509 2186 9244
2544 573 18130 
1 8053 6933 8466
1731 15790 13591 
1 6033 6065 7477
950 11822 16604 
1 1829 3212 7955
9370 7573 15600 
1 7955 6673 9839
7573 19305 1121 
1 420 797 7479
14995 14661 1978 
1 797 6394 7479
15880 3314 14660 
1 2451 2061 7480
10951 14663 1858 
1 2061 2683 7480
18512 3768 14662 
1 5697 6833 9599
6180 13391 11451 
1 3519 5483 7481
5556 1757 12310 
1 1594 1557 7482
4333 14667 1190 
1 1557 4582 7482
8935 6671 14666 
1 1803 6264 9434
8728 18504 10277 
1 4456 5152 7483
7749 12275 6555 
1 7519 2358 8188
10360 12907 19251 
1 1493 8059 8921
15801 8997 2985 
1 7744 4624 8785
1436 3942 8186 
1 1717 2500 7485
3001 17232 7322 
1 2651 2946 7486
11054 14675 10526 
1 2946 2552 7486
16894 17948 14674 
1 3358 57 7487
9017 6239 14677 
1 4946 3358 7487
1195 14676 10415 
1 696 4398 7488
6704 14679 564 
1 4398 2142 7488
18853 19439 14678 
1 921 3573 7489
13407 7578 14681 
1 5861 921 7489
13499 14680 9045 
1 4598 4723 7490
2751 14683 9252 
1 4723 412 7490
933 10037 14682 
1 3279 4759 9862
17141 17366 19347 
1 8019 7676 9185
9526 9481 2330 
1 3437 1325 7942
11289 4856 15574 
1 2485 3440 7492
10447 7324 7323 
1 3170 2380 7813
6219 4700 4899 
1 837 7747 9425
15187 14694 5239 
1 4251 6028 9747
11813 2887 11812 
1 1478 5244 9194
6853 4387 14310 
1 1484 6706 8314
12724 11202 13143 
1 1725 6493 7495
2892 7350 12723 
1 9425 7747 9867
14689 7815 8604 
1 4287 4387 7496
2380 10302 17929 
1 5964 7497 7731
9378 11685 1499 
1 7530 8701 9276
1628 3937 14763 
1 2856 5649 7701
1850 15097 11071 
1 5950 2787 7938
9804 15566 3846 
1 351 1681 7951
8013 15299 15593 
1 3459 3539 7499
16914 3281 12187 
1 7532 8916 9384
10177 3941 17863 
1 9108 612 9384
17864 18404 3706 
1 1296 3991 9867
9883 13101 7815 
1 5386 7501 8125
8892 4915 8597 
1 778 6903 7502
5837 14707 16666 
1 6903 2417 7502
2197 394 14706 
1 2882 3000 7503
9569 14709 5873 
1 3000 4732 7503
1432 5417 14708 
1 7504 3150 7505
11612 9703 2312 
1 1996 2102 7504
3899 346 2312 
1 13 1191 7904
15104 7089 14516 
1 4952 1996 7505
14317 2312 2166 
1 7904 1979 8702
19566 15500 14516 
1 7406 4952 7506
15644 2166 818 
1 3622 7507 9866
14717 15094 8698 
1 3622 3106 7507
19542 515 14716 
1 5797 6697 7508
4867 14719 9669 
1 6697 5565 7508
10400 13521 14718 
1 1633 3501 7509
2451 14721 13749 
1 3501 3050 7509
6352 3191 14720 
1 8927 4114 9382
12255 17636 12416 
1 6254 1425 7510
1287 6375 271 
1 270 9148 9602
17940 7021 16929 
1 6716 6258 9748
1405 7586 12263 
1 3368 2211 7512
8395 14727 8386 
1 2211 3546 7512
109 4320 14726 
1 4450 9058 9859
-4 2409 17766 
1 3208 7518 7647
14739 14486 8196 
1 358 6668 9813
13069 5122 19253 
1 1541 1691 7514
13720 2783 1661 
1 1154 4069 9420
7770 18476 82 
1 7515 1949 9716
7775 3560 7788 
1 5620 3850 9266
5747 12086 18172 
1 3850 5719 7516
11209 11012 15429 
1 7997 5169 8648
16769 14737 5041 
1 5169 1656 8648
17150 16961 14736 
1 2341 1046 7518
17751 6280 14739 
1 3208 2341 7518
6279 14738 14729 
1 6586 4400 8188
5310 1352 16056 
1 2725 354 9828
751 19282 2909 
1 1584 510 9144
10812 17932 9627 
1 2858 2566 9449
1489 2098 4013 
1 2676 3383 7521
8019 14745 11485 
1 3383 1851 7521
3578 116 14744 
1 7522 2121 7986
17629 4077 9336 
1 3935 3094 8988
13121 4976 1751 
1 6422 6322 8130
6221 12389 11155 
1 3364 757 9941
13372 11516 19499 
1 1221 6119 7524
9113 14751 5027 
1 6119 2864 7524
11832 8762 14750 
1 944 3604 7540
11894 5720 11265 
1 2790 1212 7525
142 14783 12043 
1 1271 1952 7526
15009 4920 14755 
1 3798 1271 7526
4921 14754 4046 
1 9192 5287 9901
15767 671 5553 
1 8041 5047 9192
13770 8832 5553 
1 696 6879 7528
564 14759 6704 
1 6879 6108 7528
4273 4184 14758 
1 5442 1283 9563
10665 7683 18759 
1 7529 1283 8980
18562 10185 2265 
1 1867 4653 9176
9115 17995 6687 
1 109 7530 9276
5545 14697 11019 
1 7732 4475 9690
6429 8765 4086 
1 4100 1125 7531
10943 466 19009 
1 4139 4239 9445
5313 18168 8305 
1 7441 5193 9264
7126 4799 14586 
1 2184 2621 7533
4949 14769 10752 
1 2621 3911 7533
7671 1551 14768 
1 128 7090 7534
18390 14771 1589 
1 7090 2412 7534
5461 5304 14770 
1 6020 2498 8253
4713 8606 13195 
1 2712 4651 7535
7474 13196 11797 
1 1954 617 7536
6483 14775 8531 
1 617 3139 7536
7000 1048 14774 
1 3901 2835 7537
6481 14777 13248 
1 2835 4485 7537
4824 13247 14776 
1 5185 469 8736
2390 9620 192 
1 4532 7105 7538
8749 8883 17134 
1 9558 279 9706
18748 13983 9881 
1 1461 3220 7539
6303 11399 11400 
1 522 7525 7540
11649 14783 14484 
1 7525 1212 7540
14753 11264 14782 
1 170 7442 7541
9710 14785 12604 
1 7442 3405 7541
14589 1903 14784 
1 9254 1761 9593
18150 18818 17154 
1 7543 1343 8485
4204 3933 10290 
1 2661 613 7543
15726 5538 10290 
1 997 2876 9442
1692 12555 881 
1 9280 6029 9878
11815 5444 1934 
1 1637 381 9001
494 3193 4849 
1 3297 3530 7545
929 228 15191 
1 2252 8872 9152
4400 2047 17949 
1 3986 1745 9152
3176 2692 1561 
1 1659 4292 9357
5569 9489 8404 
1 6047 318 7547
8992 674 4627 
1 1416 5677 7548
11130 14798 3260 
1 5677 1670 7548
1209 16327 14797 
1 388 7234 7682
18876 15059 4456 
1 4054 843 7549
7936 3358 222 
1 3849 2727 9045
11212 13766 14802 
1 7571 3849 9045
14523 14801 17742 
1 7869 6890 8689
15431 5146 14810 
1 3351 6078 7551
7162 2288 17477 
1 6059 2153 9934
11873 19487 2699 
1 2918 5683 7552
16428 4354 5708 
1 3813 4578 7553
7467 14808 2901 
1 4578 3987 7553
11302 11775 14807 
1 7653 7753 9265
13779 2875 18171 
1 7869 8689 9265
14803 15419 15349 
1 4124 1471 7555
8191 14812 5854 
1 1471 5394 7555
9152 12468 14811 
1 7556 6381 9079
5911 17807 10863 
1 4823 1190 9110
1422 4237 3519 
1 7232 8515 9792
9002 7356 19212 
1 1538 6720 7557
19211 1465 13605 
1 3213 6529 7558
5425 14818 15455 
1 6529 646 7558
12795 4537 14817 
1 6521 839 8554
11150 12778 2546 
1 1112 5664 7559
11104 11149 1539 
1 6617 5216 7693
3065 9774 10493 
1 9698 7560 9798
4704 12230 12127 
1 5456 2338 9735
10691 19098 10692 
1 2534 1205 9632
7830 18701 18896 
1 2438 3513 9980
224 10876 19568 
1 4520 4983 7562
6617 10877 9048 
1 4420 4520 7563
6617 14828 8662 
1 4520 3895 7563
12715 8466 14827 
1 7564 1769 7842
9221 8965 3382 
1 2900 1343 7564
14312 1409 3382 
1 3857 6539 7565
7554 14832 7998 
1 6539 3546 7565
4320 109 14831 
1 2333 2355 7566
7105 14834 1247 
1 2355 137 7566
1447 578 14833 
1 3460 1772 9080
12705 5323 6774 
1 8880 7567 8981
9528 9520 12704 
1 3417 873 9964
12945 7092 19540 
1 7507 6800 9667
515 7061 13328 
1 1043 1750 7569
908 15656 14840 
1 6122 1043 7569
18323 14839 10008 
1 2810 3343 7570
497 9484 14842 
1 5291 2810 7570
9095 14841 1816 
1 8618 7550 9045
2193 8369 13198 
1 5210 7022 7571
3210 10209 17742 
1 962 4484 7572
7953 14846 16587 
1 4484 103 7572
691 14308 14845 
1 1902 1045 7573
1649 4225 14848 
1 2300 1902 7573
14260 14847 4497 
1 5711 6071 7574
7858 14850 8318 
1 6071 5532 7574
606 10419 14849 
1 4870 2107 8742
9542 3425 5206 
1 141 4974 8900
9745 368 17458 
1 3765 7433 8569
6830 6831 8141 
1 417 3273 7576
18656 199 3230 
1 3730 1423 7577
18546 6160 14856 
1 5361 3730 7577
7306 14855 13844 
1 3283 569 7578
15163 14574 14858 
1 6559 3283 7578
5454 14857 14576 
1 1602 1951 7579
10472 14860 5205 
1 1951 1754 7579
14406 2077 14859 
1 7930 4968 8563
15550 19360 380 
1 1740 5285 7580
5623 9733 16795 
1 1359 2093 7845
90 12245 966 
1 2280 4734 7581
240 12923 15612 
1 3250 2472 9319
10381 682 4831 
1 1882 959 7582
12247 547 3676 
1 4312 4973 7583
8445 2089 14868 
1 5134 4312 7583
14644 14867 663 
1 1991 7160 7584
14037 14870 14040 
1 7160 1453 7584
9973 13933 14869 
1 5634 6583 7585
7264 14872 6743 
1 6583 3693 7585
1773 11043 14871 
1 8477 7957 9821
4434 2186 12963 
1 1128 1795 7586
12654 3505 4652 
1 1568 280 7587
10886 14876 1604 
1 280 1664 7587
16853 9027 14875 
1 4172 6514 9802
12764 19231 5987 
1 5840 122 7588
13114 10714 11633 
1 4229 8468 8639
14880 7711 16945 
1 8468 4229 9953
14879 10344 10153 
1 1217 4721 7590
961 14882 7601 
1 4721 912 7590
16718 14013 14881 
1 2503 4662 9282
9133 1969 4959 
1 8020 7996 9829
1868 9132 5783 
1 2890 3325 7592
1223 14886 11482 
1 3325 1434 7592
4228 5113 14885 
1 658 3079 7593
6833 14463 -5 
1 1350 1962 7594
16640 5047 14889 
1 6098 1350 7594
11950 14888 3714 
1 3935 7522 7595
1751 14891 13121 
1 7522 306 7595
7705 217 14890 
1 5246 7596 7799
14893 6337 12767 
1 5246 63 7596
12079 12926 14892 
1 5501 3943 8977
13502 16878 1634 
1 8120 6718 9007
17475 4670 1993 
1 6110 7174 7598
11972 14897 12509 
1 7174 5530 7598
10837 868 14896 
1 4943 5162 9991
1542 1194 11055 
1 3201 6123 7599
7504 10545 8760 
1 3099 5160 7601
15114 15098 7946 
1 3723 4309 7600
9591 10112 15425 
1 4059 4613 7702
16724 -6 7947 
1 5160 7702 7866
7947 -6 15098 
1 3393 5640 7602
18134 14905 3204 
1 5640 1876 7602
6448 4612 14904 
1 8488 5403 8586
4369 16839 3342 
1 9585 6685 9586
749 2319 11616 
1 8467 7604 9040
10853 447 12650 
1 5381 3391 8368
2344 16411 9328 
1 1067 4070 7605
4285 10682 14911 
1 4126 1067 7605
10429 14910 8472 
1 5974 7606 8373
11710 12103 16420 
1 3347 6175 9230
17105 18101 11488 
1 7607 1376 9011
1322 5609 12582 
1 403 6421 7607
12583 311 13582 
1 8549 746 8801
5972 14383 3289 
1 4815 6001 7609
11759 4072 -6 
1 4792 5908 7610
178 14919 6040 
1 5908 4356 7610
5352 1191 14918 
1 2618 7611 8928
5718 999 9980 
1 7912 7812 8200
15317 12671 15115 
1 2971 4299 7656
5815 13769 15010 
1 6426 1267 7612
19426 5957 18829 
1 2631 1935 7613
4398 14925 4399 
1 1935 6163 7613
9798 3779 14924 
1 5592 4990 8717
14048 17097 5735 
1 1058 4252 7614
6667 9775 10961 
1 3431 214 9858
985 19382 3661 
1 2298 5017 7616
9829 14930 2150 
1 5017 4588 7616
9634 3488 14929 
1 6510 5737 8519
6220 16708 12462 
1 7418 4605 9594
12408 12409 18821 
1 7010 7110 7618
6965 14934 14001 
1 7110 2825 7618
5287 13746 14933 
1 4142 4304 7725
5010 5011 15144 
1 4304 4842 7619
8109 13151 5011 
1 6510 5293 9507
15704 18649 6220 
1 4246 3523 7620
9903 8315 12756 
1 3521 1649 9519
1187 10293 18674 
1 518 3138 7621
5742 9060 13219 
1 4133 3698 9715
7297 5399 6486 
1 1413 563 8250
7242 16178 7823 
1 1339 5054 7623
3335 14944 5100 
1 5054 1244 7623
7145 15140 14943 
1 166 6497 9783
5085 19194 18596 
1 8088 3926 9881
15860 689 14979 
1 3875 1289 8512
1011 16694 5974 
1 8521 8089 9919
15861 15469 15473 
1 538 5746 8725
11263 4896 1514 
1 5434 2608 7626
8313 17114 12892 
1 5310 2143 7839
14281 10403 3236 
1 981 3145 7627
15958 6839 10858 
1 7978 9294 9645
17478 18229 18428 
1 4333 603 8971
18765 5105 4592 
1 3737 7134 7629
13987 14956 13785 
1 7134 5257 7629
15652 13986 14955 
1 933 2305 7630
4506 7866 14958 
1 5647 933 7630
412 14957 11256 
1 7631 2433 7887
9331 15465 8689 
1 7890 7891 9834
5649 18212 278 
1 337 5971 8575
13228 6942 839 
1 2557 6200 8374
7798 8964 16027 
1 5207 5206 9916
10202 19452 10591 
1 542 2138 7633
2927 10393 696 
1 7634 4910 7846
6018 9897 3222 
1 5022 5038 8000
10907 15686 3183 
1 5521 1501 9295
3380 4185 3591 
1 1501 4388 7635
6287 9593 4185 
1 3266 5077 7636
2554 14970 7943 
1 5077 1164 7636
9949 6399 14969 
1 7266 7637 7736
14972 9066 14244 
1 7266 2143 7637
3325 1468 14971 
1 964 527 7638
6760 14974 2757 
1 527 4888 7638
4080 18205 14973 
1 3541 8908 9713
17473 2408 7517 
1 1258 7651 8908
4673 216 17473 
1 2923 3478 7640
16050 14978 13054 
1 3478 5548 7640
14119 17620 14977 
1 9480 8088 9881
4528 14946 14980 
1 7624 9480 9881
2679 14979 19386 
1 4298 5765 9411
384 8010 13631 
1 2037 2089 7642
15605 10510 15606 
1 876 1208 7643
8622 9880 14984 
1 3776 876 7643
16948 14983 17715 
1 302 3686 7644
19481 14986 12352 
1 3686 6303 7644
12353 2545 14985 
1 5899 6218 7645
6498 14988 12193 
1 6218 2145 7645
12185 13128 14987 
1 1626 7646 9013
14990 9496 13630 
1 1626 4115 7646
14278 3172 14989 
1 3656 3924 7647
19156 14992 723 
1 3924 2025 7647
18561 8196 14991 
1 4166 6878 7959
13351 2770 15608 
1 531 5853 9868
11471 19359 8693 
1 797 420 7649
14660 14051 14996 
1 3561 797 7649
2611 14995 11520 
1 5264 3351 7653
7162 13505 18171 
1 6947 7849 9756
13619 4457 11426 
1 7876 1240 8344
15445 15444 4153 
1 1258 6989 9517
215 3285 441 
1 8949 1640 9167
12632 15200 17979 
1 7855 5465 7863
10710 15004 15404 
1 7029 7854 7863
12543 15404 15420 
1 7863 5465 9265
15002 15349 2875 
1 432 4715 7654
9237 15006 1179 
1 4715 4089 7654
18359 12911 15005 
1 4527 6390 7655
6407 15008 11548 
1 6390 3916 7655
2083 3582 15007 
1 1952 1271 7656
14754 15010 8419 
1 1271 2971 7656
2461 14922 15009 
1 3258 8319 9728
8843 11975 19084 
1 1700 2441 7657
17792 4859 12666 
1 3955 1673 9806
7745 386 17262 
1 2133 207 7658
2274 9365 1475 
1 7137 8228 8287
10914 10911 14593 
1 5481 2262 9237
10741 9671 11404 
1 7885 7660 9487
1196 2225 18610 
1 7158 6688 7827
9032 19374 15348 
1 994 52 7661
18097 15020 5908 
1 52 3736 7661
7317 8574 15019 
1 1944 467 7662
3798 15022 6029 
1 467 3490 7662
13733 4105 15021 
1 8917 4022 9158
5345 17490 5180 
1 2708 950 7663
16515 7875 13417 
1 2119 7664 9161
2959 1460 13767 
1 2119 1519 8271
9249 16220 2959 
1 3646 2204 7665
1768 9778 15028 
1 5380 3646 7665
12737 15027 9777 
1 1816 6355 8367
3909 16002 12455 
1 2237 3033 8823
12643 11891 17306 
1 1790 2020 7667
5456 15032 8778 
1 2020 4481 7667
11635 1856 15031 
1 4470 5352 7668
521 15034 1851 
1 5352 3963 7668
3264 12393 15033 
1 3402 4487 7764
14315 8789 6662 
1 3182 208 7669
3863 15222 3827 
1 3298 5055 7670
14220 15038 1381 
1 5055 3524 7670
1406 6899 15037 
1 1028 3720 7671
3447 15040 11160 
1 3720 4995 7671
19270 18281 15039 
1 7672 4565 8029
9070 15742 8941 
1 2256 7074 7672
12081 9070 15083 
1 9250 5757 9381
11285 13850 18399 
1 9634 7674 9734
3521 15045 17646 
1 7674 3098 9734
434 19096 15044 
1 3125 460 8663
12798 16991 4924 
1 7194 525 8030
13711 15744 13394 
1 7292 2191 8030
14487 14103 15745 
1 7054 8058 9120
6307 13830 15799 
1 3222 3605 7677
6306 5300 11200 
1 7678 3234 8037
4708 15758 3710 
1 8341 5674 9136
18718 476 8171 
1 1589 1150 7679
4355 10715 15054 
1 1777 1589 7679
13945 15053 3469 
1 2364 2431 9231
341 3544 5021 
1 3696 395 7680
732 753 18103 
1 3221 2453 7681
7052 1535 -6 
1 4512 4054 7682
7936 222 15059 
1 7234 4512 7682
17185 15058 14799 
1 6271 6820 9592
10841 905 3592 
1 475 4248 7683
13891 11897 8244 
1 2335 4425 7960
2551 7880 15609 
1 1925 2603 8340
-5 12806 8669 
1 4347 1718 7861
1694 13238 5040 
1 4347 7685 8786
5040 3601 17234 
1 7686 3478 8185
14119 16050 461 
1 286 5548 7686
13803 14119 10976 
1 5744 2363 8805
4415 13338 17271 
1 2363 2259 7687
11060 12887 13338 
1 4762 2433 9092
15465 9331 13340 
1 7585 6806 8075
2936 13339 15834 
1 5669 1400 8871
14368 14451 17401 
1 6927 2365 8249
4003 13969 16177 
1 4079 1785 9846
19116 19318 18437 
1 7240 5145 8159
4261 14195 12881 
1 2861 4675 7691
11036 15077 11025 
1 4675 5065 7691
1157 3247 15076 
1 1701 1607 7692
13451 15079 1215 
1 1607 5012 7692
15492 4160 15078 
1 4989 2750 9396
17803 18923 781 
1 7693 2672 8594
5142 14584 5226 
1 2714 7975 9458
15638 838 9747 
1 2256 7672 7694
15042 29 309 
1 2361 1172 7695
5881 15085 16059 
1 1172 7381 7695
16094 3265 15084 
1 1749 7739 8219
15172 7459 5981 
1 16 2567 7696
3612 188 1227 
1 872 463 7697
4854 15089 2051 
1 463 1059 7697
16571 11763 15088 
1 690 2028 7698
6366 15091 3960 
1 2028 1254 7698
589 9525 15090 
1 1304 6743 7699
13218 15093 13217 
1 6743 1303 7699
8167 6508 15092 
1 7507 3606 9866
13328 19355 14716 
1 7568 5408 9764
16597 1395 4578 
1 1470 5015 7701
3138 11310 15097 
1 5649 1470 7701
16107 15096 14698 
1 7601 5160 7866
14900 14903 9590 
1 1141 1137 7703
12506 5540 15100 
1 3408 1141 7703
12507 15099 11342 
1 1466 5188 7704
18069 15102 10166 
1 5188 2830 7704
15177 1646 15101 
1 9128 1580 9401
17901 18438 6165 
1 1191 13 7705
14712 10326 2403 
1 2112 1192 7706
3306 12863 15106 
1 5673 2112 7706
3659 15105 17554 
1 5073 5923 9401
6166 6165 744 
1 7709 428 9979
15112 2862 5119 
1 3996 6724 9191
3539 13179 18026 
1 8781 7708 8853
6864 18953 6930 
1 2062 2618 7709
10890 15112 4427 
1 2618 428 7709
9980 15108 15111 
1 1085 8001 8102
11260 3906 -6 
1 5160 3099 7800
14900 15294 2958 
1 6466 7912 8200
15710 14921 16080 
1 7711 2062 8200
10890 12670 288 
1 1367 229 9098
15480 7935 17843 
1 2516 4812 7712
9075 9063 997 
1 3513 1552 8321
2248 3023 786 
1 8216 7621 8879
8467 10683 10294 
1 1772 6483 8981
12705 3646 5323 
1 1616 7789 9913
18214 11388 15271 
1 3347 6173 9922
11903 19464 5533 
1 4743 6271 7715
10841 12858 1219 
1 334 6365 8149
11500 5821 10809 
1 5020 5516 8614
16153 5195 5655 
1 1801 7807 9898
3534 18477 18677 
1 9520 7717 9521
18676 7339 5577 
1 574 6474 7922
2881 6320 15535 
1 6198 3229 7724
2415 5099 12145 
1 4923 850 9375
14590 18387 8770 
1 1467 7267 7719
16636 874 12415 
1 4176 1822 7720
16025 15134 8190 
1 1822 4708 7720
9222 110 15133 
1 5194 4955 9177
13860 792 163 
1 466 6662 8770
13058 9915 4341 
1 1244 4246 7722
7145 15138 3852 
1 4246 5157 7722
12126 6321 15137 
1 1832 5434 7724
1775 12145 15142 
1 7623 1244 7723
14944 3852 10106 
1 5277 7718 7922
5527 12686 10338 
1 1294 1832 7724
8312 15139 1732 
1 6082 2795 9524
11918 10803 9743 
1 3900 4142 7725
2094 14935 18683 
1 810 6044 7726
11845 15146 11844 
1 6044 5173 7726
10137 11564 15145 
1 6850 2392 8925
5726 17505 3365 
1 532 4161 7727
13713 2702 7907 
1 2855 2445 7728
1636 15150 9229 
1 2445 3985 7728
12814 7803 15149 
1 1773 1942 7729
4416 15152 2712 
1 1942 3032 7729
15389 5306 15151 
1 7730 3472 7830
6797 8634 965 
1 7830 6804 9251
15354 15157 965 
1 2016 4787 7731
14423 15156 11685 
1 4787 1737 7731
17964 6298 15155 
1 6804 551 9251
7605 13336 15154 
1 2505 2136 7732
1149 6429 18143 
1 1684 8155 9665
2267 3361 15795 
1 3845 4462 7953
6846 15401 15596 
1 7614 8469 8717
3943 6262 10961 
1 6240 1680 8241
17858 2755 3944 
1 569 3283 7735
14857 15164 6428 
1 3283 2788 7735
17323 14243 15163 
1 132 1703 7837
1449 4186 15368 
1 4628 497 7736
5455 5268 5654 
1 2492 2765 9710
11756 332 5202 
1 1537 5041 7737
7677 2994 10355 
1 3348 6512 7738
8727 15170 12760 
1 6512 5152 7738
13178 7749 15169 
1 7696 2641 8219
15623 16117 1227 
1 1749 2538 7739
16910 14283 15086 
1 99 4542 7911
8898 15513 4116 
1 7740 7911 8706
4116 14005 7374 
1 5899 6974 9302
12193 16857 13783 
1 1400 5478 7741
16858 8026 13580 
1 2830 5188 9418
15102 12808 12836 
1 2509 2479 7742
13602 12023 16032 
1 4531 6416 7743
6775 15180 13951 
1 6416 6329 7743
8426 7989 15179 
1 3733 6013 9366
2662 7656 18370 
1 8267 3937 8785
4775 16212 3942 
1 3548 387 8975
19083 1145 1926 
1 5325 4822 7745
2914 10844 17603 
1 755 7746 8843
15186 9564 3545 
1 755 2288 7746
11540 9180 15185 
1 837 7493 7747
17708 15188 14689 
1 7493 1296 7747
15319 7815 15187 
1 503 5829 7748
14601 15190 19141 
1 5829 6212 7748
2360 13618 15189 
1 3297 7545 9001
14792 17655 3193 
1 7896 8691 9641
15483 11276 2590 
1 4692 5896 8178
-5 16035 9192 
1 1076 6056 7750
11867 5292 11556 
1 645 1817 7751
17586 3548 15196 
1 2050 645 7751
12684 15195 12191 
1 4328 7393 7752
14492 15198 12062 
1 7393 867 7752
17588 10485 15197 
1 7653 7652 9167
13505 17979 13779 
1 9167 1640 9591
15001 3496 11230 
1 7754 3309 8082
3938 8477 8298 
1 5031 8082 9271
15848 6657 3207 
1 3618 7122 8222
1574 15265 11716 
1 7786 5979 8222
7086 11716 7085 
1 3688 7063 7756
2829 15206 18992 
1 7063 4492 7756
8800 3672 15205 
1 6012 3507 8890
4050 650 17438 
1 6890 7828 8290
15431 3199 16258 
1 9072 5975 9630
17793 12762 7252 
1 6767 5058 9020
7731 13596 9931 
1 892 3186 7759
12549 5256 15212 
1 4156 892 7759
9182 15211 9355 
1 790 211 7760
8985 1325 15214 
1 3755 790 7760
-3 15213 274 
1 713 478 7761
17331 2345 15216 
1 2499 713 7761
3881 15215 807 
1 2634 3997 7762
5748 15218 15992 
1 3997 4049 7762
7828 9172 15217 
1 2610 6116 7763
12177 15220 18870 
1 6116 3080 7763
12182 11207 15219 
1 27 7669 7764
6812 15222 8790 
1 7669 208 7764
15036 10981 15221 
1 3290 7706 7765
17555 15224 1568 
1 7706 6564 7765
13608 1918 15223 
1 3496 4204 7766
11444 15226 12138 
1 4204 158 7766
8628 1945 15225 
1 3539 1193 7803
1710 208 6929 
1 2004 3326 8128
669 -5 5246 
1 2886 3715 9347
15716 18331 5262 
1 8420 3258 8520
6739 10059 15884 
1 238 1166 7975
15447 11773 11799 
1 438 8073 8833
6651 5019 7379 
1 1893 5060 7770
17108 15234 7738 
1 5060 5059 7770
10427 1869 15233 
1 3016 907 9334
2027 9264 18306 
1 2836 1286 9995
6858 2541 19594 
1 422 1570 7772
5588 7551 15238 
1 3984 422 7772
7802 15237 11258 
1 1662 4349 9512
3243 8431 12905 
1 1774 4599 7773
9010 7490 18659 
1 888 4975 7774
15587 15242 15637 
1 4975 2374 7774
4882 2736 15241 
1 1966 1458 9796
2737 16651 1198 
1 121 5863 7775
219 10800 3920 
1 4783 5588 7776
9592 15246 12997 
1 5588 5521 7776
3380 3591 15245 
1 888 7829 7948
15829 1156 15587 
1 7877 7777 7948
16502 15351 9746 
1 7778 8415 8508
16501 10616 2262 
1 5472 4651 7778
13196 4833 2262 
1 5320 7779 8721
7730 2771 13498 
1 4364 1374 9663
4929 56 2653 
1 6129 3650 9899
18318 3907 1625 
1 7780 3827 8881
19421 7541 9788 
1 9575 9574 9674
1298 13723 11877 
1 4621 8298 9873
9052 13724 11878 
1 1802 6848 7782
1807 15258 8332 
1 6848 3020 7782
3518 6288 15257 
1 5184 1507 9942
12492 2108 3487 
1 2096 5841 7783
4754 9506 4516 
1 590 7643 7784
17716 15262 6725 
1 7643 5043 7784
1038 2068 15261 
1 4528 6744 7785
9674 15264 4226 
1 6744 518 7785
5742 13219 15263 
1 7122 3893 8222
2944 16124 15203 
1 917 7464 7786
17448 7086 7623 
1 2791 1567 7787
13093 4214 15268 
1 6659 2791 7787
13472 15267 13681 
1 9155 1939 9212
13874 65 13025 
1 6791 7198 9636
12839 5459 18905 
1 7400 1616 9913
1146 15122 19447 
1 8683 9287 9841
18215 7009 17424 
1 2871 1119 9871
15507 9736 12546 
1 5911 6652 9087
13039 7293 17823 
1 1410 4658 7891
6993 9124 15474 
1 4680 7692 7791
9819 4160 15471 
1 3135 1891 8835
490 17329 4889 
1 1759 2005 7792
1181 12613 4888 
1 2719 6230 7793
12209 15280 6664 
1 6230 4979 7793
5319 2187 15279 
1 7220 4862 9431
19545 3221 3133 
1 3871 6834 7794
9169 9700 6079 
1 7229 4523 9973
7900 153 3076 
1 1025 59 7795
18203 19556 5261 
1 105 3349 7796
1329 15286 2693 
1 3349 1102 7796
2656 2872 15285 
1 4218 7211 7797
6638 15288 1408 
1 7211 2405 7797
2646 13914 15287 
1 2614 3110 7798
13700 15290 8746 
1 3110 4465 7798
2384 11380 15289 
1 1272 9434 9533
12274 2775 4875 
1 2448 4360 7799
18503 12767 18702 
1 1928 2076 7800
5325 2436 15294 
1 3099 1928 7800
3878 15293 15114 
1 5431 2289 9221
7812 18084 12784 
1 9490 7801 9799
9461 18615 1865 
1 948 6073 7802
19207 15298 6633 
1 6073 4649 7802
391 10259 15297 
1 1681 3615 7951
7125 10002 14700 
1 1946 2682 7803
3801 7079 2710 
1 655 5073 7804
2167 15302 5788 
1 5073 5933 7804
744 13386 15301 
1 4154 8033 8924
12025 2281 7604 
1 5872 9623 9816
1153 5922 19259 
1 1286 4729 7806
18757 15306 2541 
1 4729 2579 7806
8630 5707 15305 
1 9217 1810 9318
17950 18274 13364 
1 332 5581 7807
10939 7732 5841 
1 3176 4791 7808
6879 15310 3771 
1 4791 3108 7808
9387 9086 15309 
1 140 8525 9769
16720 256 14274 
1 5948 5754 9782
11279 3551 19192 
1 3744 4157 9763
6643 14221 19154 
1 4157 6541 7810
12818 8140 14221 
1 800 4586 7811
5891 15316 8583 
1 4586 3009 7811
5918 19317 15315 
1 995 7812 7912
2515 14921 5220 
1 6466 2598 8011
16080 3868 3080 
1 1296 7493 7813
15188 15320 9883 
1 7493 714 7813
5395 6900 15319 
1 7202 8185 9379
461 14118 14520 
1 995 2265 7814
5220 10977 18396 
1 8141 7639 9984
19054 11174 9660 
1 2293 1480 9362
2814 18361 8865 
1 1858 6326 7816
17635 15326 15360 
1 6326 409 7816
2625 1712 15325 
1 4894 7425 7817
11115 15328 9402 
1 7425 2413 7817
14554 4755 15327 
1 4411 4048 8316
1501 10816 7066 
1 593 1198 7818
1925 425 7924 
1 3619 5684 8857
7083 7473 11141 
1 3722 3721 7819
9188 2071 14326 
1 383 2437 7820
4762 314 15334 
1 2657 383 7820
12495 15333 15547 
1 3702 2397 9741
7250 19110 17991 
1 196 5264 9406
10313 11910 18448 
1 7822 1875 8548
6719 1597 17799 
1 8548 1750 9075
16764 908 10019 
1 2826 5739 7823
11249 15340 5484 
1 5739 1294 7823
8312 1732 15339 
1 2178 2058 7824
1873 11565 15342 
1 3432 2178 7824
5366 15341 4667 
1 3369 6015 7825
11788 15344 6597 
1 6015 1585 7825
8021 8817 15343 
1 5972 6663 8647
844 11555 7286 
1 1889 7177 7826
17937 8145 13023 
1 2746 2769 9929
4760 3566 2214 
1 4810 7158 7827
9623 15018 19476 
1 5465 7869 9265
15430 14810 15004 
1 8890 8290 9668
650 5147 16939 
1 7777 4651 7948
4833 15446 15248 
1 372 8833 9458
17325 9747 18551 
1 3494 3884 7830
17369 15354 8634 
1 3884 6804 7830
1587 15154 15353 
1 2285 169 7831
16544 4549 15356 
1 3410 2285 7831
15786 15355 18714 
1 359 6778 9629
13284 9464 4955 
1 3249 1475 8157
2873 11807 1464 
1 1126 3115 8366
5413 16407 12084 
1 1858 7816 8737
15325 17137 10012 
1 1664 2872 7834
16854 15362 522 
1 2872 415 7834
14362 793 15361 
1 4601 2506 9106
4589 14136 4699 
1 2349 5124 9933
3803 19484 9905 
1 2120 6189 7836
10220 15366 11811 
1 6189 2717 7836
19025 16446 15365 
1 497 2953 7837
5455 15368 5268 
1 2953 132 7837
7037 15165 15367 
1 2340 7051 7838
13824 15370 13820 
1 7051 5127 7838
3699 13622 15369 
1 2694 1703 7839
4186 15372 10403 
1 1703 3153 7839
11628 6504 15371 
1 3249 6770 7840
1464 15374 6317 
1 6770 1197 7840
18691 2765 15373 
1 1227 3372 7841
3886 15376 6756 
1 3372 3371 7841
5817 8067 15375 
1 8044 621 8098
7434 15879 9220 
1 3561 2900 7842
11520 3382 15772 
1 951 8842 8943
17343 7246 17541 
1 8943 2375 9042
7246 3333 1134 
1 3135 5034 7844
4889 15382 9862 
1 5034 2850 7844
6136 5739 15381 
1 473 7034 7845
13789 15384 4087 
1 7034 5219 7845
198 966 15383 
1 4557 4515 8537
4346 6751 8845 
1 6994 6077 8000
3043 4599 15687 
1 1407 7348 7847
2444 15388 2706 
1 7348 2895 7847
12531 14410 15387 
1 3032 1942 8195
15152 8734 16069 
1 8869 2181 9744
17396 11711 11359 
1 5458 6964 7962
13652 11231 15613 
1 8910 7650 9756
17553 13653 12535 
1 1013 5549 9469
9991 3008 7494 
1 5296 3851 7850
9989 10875 13269 
1 3370 2258 7851
6604 9604 15396 
1 4777 3370 7851
3493 15395 6011 
1 1357 3413 7953
15794 6684 12542 
1 8910 677 9591
12535 18814 3496 
1 7853 5221 8317
6989 16310 7899 
1 2410 7161 7853
12286 6989 17086 
1 4462 7733 7953
13780 12542 15160 
1 7854 3413 7855
6684 4148 15404 
1 8056 7472 8379
2876 967 162 
1 7854 7855 7863
15402 15002 15003 
1 4808 46 9253
4941 18147 12026 
1 2748 4383 7856
8586 9492 5184 
1 1403 2195 7857
3743 10154 15408 
1 4728 1403 7857
12602 15407 13806 
1 5991 5091 9256
9977 18154 7893 
1 1309 2944 9709
15803 13504 9404 
1 1554 3775 9475
17115 8842 11960 
1 6734 1479 8223
12687 2514 16126 
1 4735 5196 7860
3153 15414 3892 
1 5196 2749 7860
10183 12306 15413 
1 6753 8648 8747
11162 12338 6649 
1 2578 1865 7861
2080 7960 3354 
1 4529 1331 7862
201 15418 8873 
1 1331 4861 7862
16552 11041 15417 
1 8689 7554 9265
8373 18170 14810 
1 7753 7029 7863
17552 15003 2875 
1 2718 1497 7864
5412 15422 4529 
1 1497 3214 7864
6098 5317 15421 
1 1295 7362 7865
5213 15424 14296 
1 7362 1342 7865
846 14297 15423 
1 3723 7600 8938
14901 10686 17532 
1 994 2555 9228
5908 10130 18097 
1 8550 7867 8744
7082 18163 16174 
1 6943 7007 9266
6615 18173 6054 
1 3850 7516 7868
14735 10623 12086 
1 5465 7828 7869
10710 15431 15349 
1 7828 6890 7869
15208 14803 15430 
1 3914 4170 7870
5988 15433 14640 
1 4170 5384 7870
6380 7664 15432 
1 4864 4888 8446
18535 4080 16563 
1 795 3030 9397
6120 12459 10134 
1 7985 8930 9141
15657 14443 2134 
1 3400 670 7872
18309 1889 17516 
1 1437 2999 7873
12626 15439 16292 
1 2999 1038 7873
7699 14009 15438 
1 155 5735 7874
11045 15441 11825 
1 5735 5734 7874
556 11824 15440 
1 7875 2888 8602
16713 10144 13695 
1 5176 5910 8718
12203 17100 13158 
1 1240 5599 8344
10975 16363 14999 
1 1240 7876 9517
14999 441 18670 
1 4651 973 7948
710 15586 15351 
1 1166 238 7877
15231 8605 9746 
1 1180 4602 7878
2484 15449 1567 
1 4602 1279 7878
18018 10273 15448 
1 3377 6084 9451
18944 18538 1052 
1 2859 7426 9352
14557 13965 18342 
1 3116 5560 7880
6100 15453 11513 
1 5560 7224 7880
11168 4347 15452 
1 3491 2310 9291
642 4250 11374 
1 3213 7558 9755
14817 19139 6744 
1 4730 6603 9078
3705 7177 4737 
1 347 3589 7882
11477 8498 6653 
1 3454 68 7883
6762 15459 10438 
1 68 4051 7883
8391 16668 15458 
1 7506 13 8702
9981 14516 818 
1 8928 5093 9670
1836 18970 8083 
1 8034 9311 9487
6843 17413 4203 
1 578 2550 7885
4984 1196 9024 
1 2625 9258 9950
18158 5133 19514 
1 2433 4762 7887
15070 15466 14959 
1 4762 707 7887
2568 13744 15465 
1 4830 202 7888
1487 9463 15468 
1 7369 4830 7888
909 15467 14598 
1 8089 7397 9919
12955 7589 14948 
1 7875 4674 8521
13695 15861 16713 
1 4680 7791 7891
15276 18212 9124 
1 9286 8604 9834
13743 9818 13157 
1 6713 8521 9919
17210 14948 19458 
1 4435 1410 7891
780 15275 115 
1 5780 4868 7892
11330 2776 15476 
1 6595 5780 7892
2339 15475 17637 
1 4680 4658 7893
9124 6993 15478 
1 5577 4680 7893
9819 15477 12637 
1 4580 124 9070
1853 12914 2282 
1 229 1367 9461
15117 18557 9854 
1 5855 4238 9271
4632 6658 6657 
1 5940 3175 9471
6692 3284 18578 
1 7896 1811 8691
7955 4848 15192 
1 2307 5753 7896
1803 3443 2590 
1 4632 6782 7897
8478 15486 13291 
1 6782 4210 7897
4658 7192 15485 
1 5090 7898 8160
4098 15617 4252 
1 3354 4976 9903
7100 4097 19429 
1 1912 3864 7899
4374 2295 15490 
1 4363 1912 7899
13017 15489 6827 
1 1607 2664 7900
4281 18213 15492 
1 5012 1607 7900
15079 15491 19295 
1 3259 2371 7901
9513 17195 15494 
1 4445 3259 7901
16605 15493 8708 
1 2264 2809 7902
8199 15496 3621 
1 2809 4368 7902
5495 1243 15495 
1 1444 4383 9329
9492 18295 5765 
1 745 6832 8715
13390 17094 2062 
1 4331 6611 9979
7212 5119 894 
1 1979 1196 8702
11985 17068 14714 
1 6273 2745 8449
5370 16569 528 
1 2512 7819 7905
2241 10440 12292 
1 7514 6548 9615
2833 5121 2293 
1 2055 7520 9144
18534 3088 17933 
1 1847 2787 7907
15566 15506 12055 
1 2787 1609 7907
11856 12054 15505 
1 1119 2871 8244
15273 12112 16168 
1 5825 366 7908
12113 1834 114 
1 4321 3034 7909
8462 4028 15510 
1 4925 4321 7909
2323 15509 12325 
1 1472 8349 8816
16372 3553 7792 
1 1472 6419 7910
11857 6720 16372 
1 4542 6083 7911
11921 15514 15173 
1 6083 2192 7911
4705 11920 15513 
1 995 4866 9383
18395 18402 2515 
1 5130 2327 8112
11677 13620 12105 
1 438 3767 7913
7379 15518 9872 
1 3767 4630 7913
15578 13888 15517 
1 5255 7207 8665
10295 10296 4963 
1 2551 508 7914
8073 5761 7025 
1 1788 2072 8812
5691 17284 10521 
1 2269 2270 9432
4828 9749 18500 
1 388 4956 7916
10679 15524 18877 
1 4956 29 7916
888 4489 15523 
1 3013 8118 9817
15917 6411 7668 
1 2886 5201 9404
5262 14521 10368 
1 6510 1300 8728
12462 7132 15704 
1 6297 7981 8093
2238 3442 8215 
1 1764 7184 8345
14083 4381 4938 
1 2034 1975 7920
6715 18731 15531 
1 2620 2034 7920
19375 15530 834 
1 1813 1812 7921
9780 1049 15533 
1 1913 1813 7921
12027 15532 19372 
1 253 2804 7922
11244 15535 12686 
1 2804 574 7922
3851 15129 15534 
1 2434 6107 7923
11966 15537 4356 
1 6107 6601 7923
12937 13369 15536 
1 5944 2481 8439
7562 16549 106 
1 3859 3858 7924
7556 9752 11277 
1 9368 6951 9440
16540 18374 12051 
1 2266 7121 7925
19136 13627 5134 
1 5444 8025 8026
11887 3843 10965 
1 781 4024 8028
7606 16499 15545 
1 6066 3355 9083
13200 17814 15734 
1 971 781 8028
13018 15543 15741 
1 2776 5867 9353
16536 955 18768 
1 2657 7820 8614
15334 5655 12133 
1 4552 6469 9548
3083 18729 12599 
1 7076 3123 8558
4290 4402 16785 
1 1427 4968 7930
5357 14861 15551 
1 5205 1427 7930
873 15550 9734 
1 3225 5823 7931
8448 15553 4822 
1 5823 5822 7931
11412 3466 15552 
1 4577 6267 7932
6167 15555 1938 
1 6267 50 7932
4205 10410 15554 
1 2665 6282 8518
3864 6718 16707 
1 4980 2840 8637
9756 12311 16941 
1 2136 1621 7934
1149 9065 15559 
1 2569 2136 7934
8030 15558 364 
1 2411 1757 8603
16739 6791 16874 
1 1842 7666 7935
6400 14289 6792 
1 3837 4689 7936
3753 15563 14159 
1 4689 6018 7936
3075 5360 15562 
1 3078 4758 7937
3041 15565 817 
1 4758 2160 7937
9141 17319 15564 
1 2787 1847 7938
15505 15567 14699 
1 1847 5852 7938
5587 13240 15566 
1 2731 4709 7939
123 3958 15569 
1 4835 2731 7939
1184 15568 4648 
1 1222 1887 9469
17198 7494 18573 
1 5549 792 7940
10874 10374 3008 
1 2851 1514 9514
17404 9380 18664 
1 7917 5211 9820
-4 9601 19267 
1 1360 3437 7942
6730 14686 15575 
1 7157 1360 7942
14031 15574 14043 
1 3145 1216 9708
15769 9430 6839 
1 7943 8257 9535
2641 15967 18706 
1 4630 3767 7944
15518 15579 10550 
1 3767 6467 7944
17326 14282 15578 
1 2332 1558 7945
4558 15581 13199 
1 1558 4423 7945
16512 6569 15580 
1 4075 4855 7946
15873 15583 13387 
1 4855 6485 7946
1060 7978 15582 
1 4986 5659 7947
16454 15585 5123 
1 5659 4073 7947
11094 5512 15584 
1 973 4975 7948
16264 15587 15446 
1 4975 888 7948
15241 15247 15586 
1 6748 1030 8777
1994 13227 16793 
1 8678 2473 8961
8851 5606 8850 
1 5816 8097 9706
6501 9881 19040 
1 3623 590 7950
13015 6725 796 
1 2682 5104 7951
3801 15593 7079 
1 5104 351 7951
1185 14700 15592 
1 6931 7952 9097
7687 -4 15748 
1 7029 7852 7953
7529 15596 12543 
1 7852 3845 7953
17476 15160 15595 
1 1261 5996 7954
6138 3053 15598 
1 6977 1261 7954
3051 15597 13879 
1 3867 4388 7955
14219 15600 9091 
1 4388 1829 7955
8595 14658 15599 
1 2406 4171 8657
2582 1370 1677 
1 1608 2182 7956
15635 6284 16979 
1 2314 101 7957
4523 15604 746 
1 101 2381 7957
214 2186 15603 
1 2089 2037 8228
14982 4079 16136 
1 2037 7642 7958
14982 5686 4079 
1 321 7335 7959
14379 15608 14378 
1 7335 4166 7959
9717 14993 15607 
1 4025 2335 7960
6823 15062 -5 
1 8576 5665 9778
16820 10606 14445 
1 2079 1211 7961
8969 13446 13445 
1 2280 7581 9788
14864 15972 11523 
1 341 5458 7962
15977 15391 15779 
1 9107 1086 9951
1729 7569 7669 
1 5106 2303 8302
12315 15616 2897 
1 8302 2303 8364
15615 10052 16403 
1 7898 2098 8160
7045 9697 15487 
1 3130 2318 9506
18250 14358 18648 
1 3059 7966 8066
15620 4150 15816 
1 3059 7696 7966
15624 9695 15619 
1 6810 6522 9538
10702 18712 4961 
1 4874 3158 7967
7464 2382 13347 
1 2641 7696 7968
15171 15624 8164 
1 7696 3059 7968
15620 31 15623 
1 1843 2241 8973
2764 5557 4464 
1 3796 1225 9199
10051 18041 1183 
1 787 3161 7970
18942 15628 3755 
1 3161 6846 7970
4096 12407 15627 
1 2409 4199 7971
17987 15630 8220 
1 4199 1315 7971
8911 2555 15629 
1 5347 5844 9680
2398 4751 11453 
1 1624 1000 7972
3166 3165 5867 
1 2761 4192 7973
1178 15634 827 
1 4192 5884 7973
10610 8207 15633 
1 2182 1608 7974
15602 15636 5439 
1 1608 3848 7974
12787 6255 15635 
1 888 7774 9458
15241 18552 15829 
1 2714 7769 7975
12672 11800 15082 
1 1674 4670 7976
10865 15640 13256 
1 4670 5168 7976
12261 1721 15639 
1 289 5299 8902
10380 9842 18918 
1 9077 8409 9645
4111 18428 3103 
1 9294 2350 9394
9138 17596 18229 
1 4952 7406 8375
14715 16423 2322 
1 519 5103 7979
19473 14517 847 
1 2005 7157 7980
1181 15647 11679 
1 7157 3339 7980
14043 14030 15646 
1 2526 1764 7981
14083 727 15649 
1 3645 2526 7981
12816 15648 12341 
1 3639 6505 7982
7375 15651 12186 
1 6505 1368 7982
2539 12746 15650 
1 5257 7134 7983
14956 15653 6226 
1 7134 910 7983
13127 8577 15652 
1 6786 9357 9380
8404 5111 18398 
1 6788 432 7984
11851 1179 13300 
1 7569 1750 8566
14839 2356 2020 
1 7985 4556 8930
8924 2619 15436 
1 2180 4486 8297
4260 2960 2362 
1 2088 4664 8002
8788 15690 4742 
1 8434 6150 9762
3513 9535 18553 
1 1675 6519 7987
7170 77 1658 
1 2401 1459 8931
969 4551 11913 
1 1120 2044 8497
7786 16664 5131 
1 3424 9263 9917
18167 3095 1151 
1 920 2954 7989
5780 6169 18166 
1 7990 8284 9999
16245 6834 19601 
1 2179 2502 8282
3486 8359 16242 
1 545 2159 7991
6749 15669 1713 
1 2159 2019 7991
9392 4218 15668 
1 356 2974 7992
5820 15671 13488 
1 2974 2575 7992
17335 6176 15670 
1 2566 7098 7993
13917 15673 2098 
1 7098 523 7993
8253 13645 15672 
1 8226 6418 9166
14599 8872 8866 
1 4216 5655 8806
8928 321 17273 
1 5137 9669 9972
18969 10086 8007 
1 1978 5973 7995
200 6017 7014 
1 2881 3659 9829
5635 18204 19284 
1 8583 7591 9450
298 9708 18536 
1 52 1629 9652
18098 2177 14503 
1 5790 6296 8747
6650 11161 17157 
1 2616 934 7998
6408 968 15683 
1 4356 2616 7998
5116 15682 1191 
1 8728 8009 9605
4858 5485 16481 
1 1236 7768 7999
4559 1992 10192 
1 5038 1677 8000
14162 15687 14966 
1 1677 6994 8000
13712 15386 15686 
1 4059 5745 8527
6067 11261 16724 
1 5745 7710 8001
102 13515 11261 
1 4664 7986 8002
16272 4519 15659 
1 8003 8361 9744
3793 9053 11711 
1 4079 8085 9744
10784 11359 19116 
1 8065 1520 9068
2877 8556 5831 
1 6677 6993 8004
2185 4829 15813 
1 557 4722 9959
1073 1154 19530 
1 6052 3458 8005
9129 1072 1474 
1 5164 6937 8006
10119 15698 3150 
1 6937 3453 8006
230 13737 15697 
1 3048 7074 9293
4638 1457 19215 
1 4393 2712 9116
7474 3256 6137 
1 6035 6034 9096
18319 4740 816 
1 123 4753 8008
12916 13757 17840 
1 253 1971 9605
5528 16481 11244 
1 5293 6510 8728
14937 15527 17120 
1 4697 1084 9745
10986 19118 5859 
1 3724 6798 8010
13324 11585 10992 
1 3683 2785 8011
15901 15708 3868 
1 2785 3903 8011
8127 15711 15707 
1 5960 6177 8013
13679 4548 15712 
1 7912 6466 8012
15115 3080 7642 
1 8011 3903 8112
15708 15905 10054 
1 2327 5960 8013
11677 15709 13620 
1 1488 5007 8014
12014 1009 15714 
1 6287 1488 8014
12321 15713 2607 
1 1105 3715 8015
7276 15716 6678 
1 3715 2886 8015
15229 5853 15715 
1 265 2219 8064
2215 8835 18609 
1 1110 1826 8016
11582 15812 1258 
1 8441 7641 9977
8624 19563 19377 
1 3155 5934 8018
1061 15721 5196 
1 5934 3593 8018
6155 3161 15720 
1 8019 6863 8889
2330 6950 9526 
1 3549 8889 9968
17436 14497 14154 
1 4262 712 8230
8152 2115 8346 
1 5498 2503 8020
10776 1868 14397 
1 613 2661 8021
14788 15727 14208 
1 2661 2014 8021
9055 7174 15726 
1 1617 2949 8022
4917 8093 15729 
1 4134 1617 8022
491 15728 6417 
1 6711 3397 9078
8502 17804 7177 
1 2424 3589 8023
8498 13042 3154 
1 2118 1923 8024
2817 15733 2275 
1 1923 4045 8024
4614 13509 15732 
1 8025 6066 9083
10648 15544 8197 
1 725 8026 9750
15736 3843 783 
1 725 7927 8026
6841 15737 15735 
1 7927 7926 8026
6840 10965 15736 
1 249 6873 9894
13471 6419 626 
1 4487 7302 8027
14315 5625 8789 
1 725 4616 8028
783 15741 9042 
1 4616 971 8028
6798 15545 15740 
1 4565 5842 8029
11449 15743 15041 
1 5842 5033 8029
14447 13906 15742 
1 525 1562 8030
14361 15745 15047 
1 1562 7292 8030
4036 15048 15744 
1 2413 3180 9179
14554 18002 14256 
1 6309 7908 8031
114 9588 12364 
1 166 6931 9097
18596 15594 12732 
1 1194 6685 8407
2319 11907 16486 
1 3883 8033 8279
2281 634 5565 
1 2845 4808 8924
8133 7604 17504 
1 8738 8034 8877
6843 17605 15753 
1 4793 8738 8877
11621 15752 14126 
1 2953 2891 8035
1592 5023 15755 
1 4361 2953 8035
7037 15754 15952 
1 1369 7287 8036
14285 15757 14284 
1 7287 983 8036
3352 4919 15756 
1 3234 2127 8037
4158 15759 15051 
1 2127 5570 8037
10917 10916 15758 
1 663 4920 8038
12888 15761 3135 
1 4920 3264 8038
1369 1838 15760 
1 2554 3345 8923
4975 945 17502 
1 3483 2838 8039
3820 5552 6820 
1 1560 1862 8040
3632 15765 4803 
1 1862 2475 8040
1320 10215 15764 
1 9598 2889 9777
2460 18563 8717 
1 2843 5287 9192
10356 14756 18028 
1 8143 9535 9620
4393 16192 191 
1 1216 3145 9985
15576 18872 7119 
1 2535 7339 9897
6008 7646 19418 
1 6032 4042 8043
4187 1505 14575 
1 3561 7842 8098
15378 2378 2611 
1 1732 50 8044
10410 1796 9220 
1 8829 8591 9427
12333 11068 6632 
1 8394 3350 9567
16661 14341 452 
1 7186 6896 8211
9642 16101 9643 
1 4329 5125 8046
5209 7193 4626 
1 1720 1517 8348
16366 16370 10695 
1 341 7962 8047
15613 4088 2420 
1 2207 4174 8048
8172 15781 3687 
1 4174 5648 8048
14483 1828 15780 
1 8202 643 9033
16084 2657 13034 
1 4221 1321 8049
2878 8848 9944 
1 5458 694 8150
15976 15980 13140 
1 87 1791 8050
1341 1342 6847 
1 2285 3410 8051
15356 9688 15787 
1 4945 2285 8051
9689 15786 2526 
1 6717 5231 8515
17783 7356 16701 
1 5875 8130 8827
15941 10249 17314 
1 6933 2770 8466
13388 16603 14656 
1 894 7031 8053
13784 12999 13591 
1 8407 8032 9886
8205 1739 11347 
1 1178 3413 8055
4148 15794 7894 
1 3413 1357 8055
15397 3286 15793 
1 8254 1684 9665
16581 15159 8740 
1 1853 4377 8056
17698 2876 15991 
1 3928 5437 9009
10264 13717 17669 
1 1861 5321 8057
11241 7868 5446 
1 5714 7054 9120
11401 15049 17886 
1 3045 4769 9726
7540 6031 5280 
1 1493 1532 8059
886 15802 14671 
1 1532 5668 8059
11112 12895 15801 
1 2944 1309 8060
15410 15804 13231 
1 1309 5091 8060
18154 4884 15803 
1 1958 4640 8061
11608 15806 1631 
1 4640 6279 8061
5850 16238 15805 
1 9125 8836 9170
5989 9298 4168 
1 1987 5276 8062
10336 7952 12162 
1 1010 3559 9631
17249 18895 15810 
1 8941 1010 9631
6970 15809 6969 
1 4606 8016 8064
4840 15812 8835 
1 8016 1826 8064
15718 5396 15811 
1 6677 8004 9068
15694 2962 17785 
1 610 573 8065
18176 13086 5831 
1 5538 5414 8167
10544 10852 7790 
1 3226 3059 8066
1772 15619 7789 
1 2980 5229 8437
4348 5835 10892 
1 4536 4369 8067
11088 16546 2617 
1 1648 2125 8167
3216 7790 6381 
1 4170 8443 8626
16557 6314 6380 
1 2824 4159 8069
5474 15822 2758 
1 4159 4354 8069
7949 8138 15821 
1 1958 6618 8070
1631 15824 11608 
1 6618 1136 8070
5193 9089 15823 
1 8820 3242 9320
11027 18278 6347 
1 222 97 8071
848 6222 5917 
1 3024 8376 8960
16425 2524 3456 
1 3024 1089 8072
12368 4446 16425 
1 7829 888 9458
15247 15637 838 
1 8174 8173 8274
7797 1376 8357 
1 7093 8029 8621
8941 13906 709 
1 5420 2538 8074
14283 9861 438 
1 7631 7688 9092
748 17833 9331 
1 425 7585 8075
2503 15071 9576 
1 3404 1416 8121
11130 2549 3202 
1 626 2754 8076
5388 2553 2557 
1 7644 6341 9000
8132 3727 10467 
1 2482 6184 9446
12676 12948 18527 
1 3518 6121 8078
11993 15840 7373 
1 6121 3619 8078
7083 18749 15839 
1 4016 5218 8079
2304 15842 12137 
1 5218 3904 8079
15904 6844 15841 
1 6912 32 9940
13549 12831 8232 
1 4297 4340 8080
6540 6734 7135 
1 4201 6048 8081
2616 15846 939 
1 6048 4699 8081
8667 7871 15845 
1 5203 116 9370
7062 9474 6214 
1 5031 6759 8082
13135 8298 15202 
1 3799 2029 8083
7440 7941 15850 
1 5479 3799 8083
4386 15849 7940 
1 2951 7619 8084
13181 15852 16358 
1 7619 5666 8084
12130 11240 15851 
1 8085 1056 8869
2079 2364 11359 
1 9165 5502 9774
18790 17975 15998 
1 2814 1021 8086
12226 11492 15856 
1 3314 2814 8086
-3 15855 7610 
1 517 3958 8087
5795 1241 15858 
1 6364 517 8087
7389 15857 910 
1 361 1378 8088
5084 15860 4528 
1 1378 3926 8088
18989 14946 15859 
1 4674 8089 8521
15862 14948 15470 
1 4674 2130 8089
16722 12955 15861 
1 3236 7318 8090
4635 15864 14544 
1 7318 7418 8090
13938 18821 15863 
1 6808 5086 9910
13147 19441 9038 
1 2689 6914 8791
1141 17244 4357 
1 3242 4886 8092
11027 7974 15868 
1 5227 3242 8092
18278 15867 7658 
1 3968 861 8093
8261 7382 15870 
1 4717 3968 8093
258 15869 3442 
1 3748 2428 8094
8150 15872 12636 
1 2428 5080 8094
9954 12171 15871 
1 4855 4075 8095
15582 2180 15874 
1 6928 4855 8095
9080 15873 7431 
1 3791 6290 8096
7244 15876 14424 
1 6290 1877 8096
203 12680 15875 
1 2231 6565 9527
13698 4440 12866 
1 8097 3764 9558
85 5517 9881 
1 621 6394 8098
802 15880 15377 
1 6394 797 8098
14661 2611 15879 
1 8692 9577 9738
13918 6943 18787 
1 4382 4381 8099
7672 3609 372 
1 854 1804 8620
3523 1383 16710 
1 5566 8420 8520
255 15230 16711 
1 3579 1380 8101
4257 15886 16441 
1 1380 6026 8101
12095 4739 15885 
1 6884 3939 9787
3589 13492 2298 
1 1967 7282 8103
782 15889 8664 
1 7282 5430 8103
10640 542 15888 
1 347 2716 8104
6653 8193 15891 
1 4656 347 8104
11478 15890 855 
1 6922 2941 8727
10884 17117 8737 
1 435 89 8105
11553 4064 5561 
1 381 1429 8106
7136 6912 15895 
1 3297 381 8106
3193 15894 929 
1 5021 1599 9719
5170 8915 10477 
1 8107 2729 8793
4146 11942 2966 
1 1997 7049 8108
11052 15899 17819 
1 7049 251 8108
2335 296 15898 
1 292 7293 8209
4726 5939 1635 
1 2785 3683 8109
15707 4580 9077 
1 6614 7586 9355
16625 4814 10756 
1 217 2414 8831
6295 10701 6516 
1 3904 5218 8111
15842 500 10256 
1 3903 6948 8112
8127 15906 15711 
1 6948 401 8112
16301 12105 15905 
1 8782 7790 9871
3298 19366 697 
1 2565 5056 9122
9906 7809 11191 
1 3889 3293 8114
7616 15910 899 
1 3293 4643 8114
9018 13154 15909 
1 1275 6389 8115
1366 15912 7280 
1 6389 462 8115
5902 1921 15911 
1 1857 4282 9345
6076 4671 8890 
1 5764 7323 9310
12829 19256 5840 
1 2155 5920 8117
11601 15916 5305 
1 5920 751 8117
14634 1347 15915 
1 3013 7917 8118
-4 15918 15525 
1 7917 3274 8118
19267 7667 15917 
1 3108 365 8119
9387 15920 9086 
1 365 3913 8119
2174 7662 15919 
1 8221 4244 8909
18251 4342 16121 
1 7597 8977 9377
17608 16878 7721 
1 421 626 8121
5388 2557 15924 
1 1316 421 8121
10455 15923 2549 
1 4782 8408 9364
16487 9368 17079 
1 7531 8122 8859
4172 12891 8027 
1 300 4082 8123
4686 15928 11536 
1 4082 6237 8123
6964 10903 15927 
1 3517 4498 8124
9398 15930 11528 
1 4498 5551 8124
7787 10879 15929 
1 9142 5258 9604
18738 6223 8000 
1 4086 4502 9604
8819 18841 8394 
1 1815 8843 9960
17346 4735 19533 
1 2612 373 9784
151 14320 19196 
1 701 5854 8127
3069 15936 11473 
1 5854 1837 8127
3192 5622 15935 
1 4549 1946 8128
3913 6513 -5 
1 2939 5672 8129
13849 15939 19276 
1 5672 1702 8129
16612 11365 15938 
1 4652 6265 9561
12011 18754 17283 
1 5875 7523 8130
1323 11155 15789 
1 5052 7159 8131
14035 15943 13639 
1 7159 4373 8131
9199 13638 15942 
1 4175 5368 8132
14236 15945 10516 
1 5368 4554 8132
3556 17427 15944 
1 6008 7672 8133
29 15947 10549 
1 7672 7093 8133
8941 11774 15946 
1 2220 5814 8134
5633 15949 9225 
1 5814 3361 8134
17747 2660 15948 
1 634 1299 8135
411 1238 15951 
1 4254 634 8135
628 15950 8488 
1 4361 8035 8136
15755 15953 12390 
1 8035 2299 8136
8542 9835 15952 
1 7027 5183 9925
19275 -4 13775 
1 2345 6025 8137
-4 6360 19469 
1 3164 2663 8138
17219 3308 15957 
1 5614 3164 8138
1168 15956 12751 
1 3145 981 8139
14952 7468 15959 
1 3556 3145 8139
18872 15958 6172 
1 4958 4648 8140
17610 9333 15961 
1 5435 4958 8140
14510 15960 10650 
1 6796 2126 9713
3842 9654 2408 
1 1445 528 8141
19015 10469 4672 
1 6434 4198 9971
6157 14161 19552 
1 565 3446 8555
2988 1180 17721 
1 6594 8146 9788
15973 19204 9274 
1 8257 8042 9535
268 16192 15577 
1 5563 6216 8144
2419 15969 3440 
1 6216 6594 8144
15973 611 15968 
1 6660 7212 8145
13612 15971 13203 
1 7212 2137 8145
14138 3420 15970 
1 7581 5879 9788
3923 8032 15612 
1 6594 6216 8146
15969 12924 15966 
1 2418 316 8147
553 2608 15975 
1 7001 2418 8147
4579 15974 18619 
1 694 5458 8148
15784 15977 10135 
1 5458 341 8148
15613 2420 15976 
1 4436 2657 8149
678 15979 3569 
1 2657 7716 8149
12133 12474 15978 
1 694 10 8150
16175 15981 15784 
1 10 6704 8150
9004 2286 15980 
1 602 2675 8151
3701 15983 9300 
1 2675 6232 8151
12213 4373 15982 
1 6070 5004 9842
1937 19311 9396 
1 917 6070 8895
7623 10411 17448 
1 2403 6236 8153
11886 15987 12915 
1 6236 3141 8153
11066 7575 15986 
1 7802 8462 9277
10259 6542 8096 
1 74 3387 8154
4174 14346 18194 
1 3207 853 9023
13071 16384 2639 
1 1853 8056 8155
15796 5907 6278 
1 2634 7762 9715
15217 6486 19059 
1 2674 1947 8156
4330 2750 6207 
1 3998 6770 8157
18692 1464 15995 
1 7832 3998 8157
6316 15994 2970 
1 140 364 8158
14274 15997 16353 
1 364 3256 8158
1403 1883 15996 
1 1218 9165 9774
18791 15854 11923 
1 5502 7690 8159
18924 12881 17975 
1 1755 6360 9707
6566 12463 18848 
1 2176 7965 8160
18450 4252 19043 
1 8367 6355 9388
15029 18413 2630 
1 3908 6452 8161
7482 7483 4371 
1 4386 4593 8162
11724 16005 12893 
1 4593 1493 8162
11529 2985 16004 
1 4948 1850 9117
3415 9226 17881 
1 6622 8262 9729
7331 10056 13232 
1 945 3046 8164
10097 16009 639 
1 3046 2260 8164
1695 636 16008 
1 4710 8163 9117
977 12301 17984 
1 3449 1220 8412
12927 16495 903 
1 1957 1421 9775
685 3139 8821 
1 7840 5624 9071
206 11024 17791 
1 3978 8068 8167
5165 16015 10852 
1 8068 3226 8167
1772 7789 16014 
1 3878 4189 8168
7595 16017 7398 
1 4189 3977 8168
8202 14356 16016 
1 2962 2698 8488
10796 4369 17737 
1 5019 4736 8169
13210 12772 9832 
1 5476 8170 9618
16021 11319 10729 
1 5476 5475 8170
6004 4135 16020 
1 1671 69 8171
1683 16023 4132 
1 69 2638 8171
1810 2512 16022 
1 1251 3974 8963
7584 2239 3559 
1 1822 4176 8172
15133 3808 11428 
1 6470 8264 8272
16207 2254 12678 
1 7632 2557 8374
4253 14962 16421 
1 3982 6021 8174
9580 16029 8357 
1 6021 7769 8174
11800 7378 16028 
1 7502 8175 9115
13925 -3 16666 
1 6536 427 9494
2856 17173 12809 
1 2509 7742 8239
15178 12220 13758 
1 2741 4449 9611
8714 8913 930 
1 6538 6404 8868
4477 12812 17395 
1 5896 1925 8178
-5 16036 15193 
1 1925 6535 8178
8669 5700 16035 
1 3888 1361 8179
14063 6218 16038 
1 3936 3888 8179
2518 16037 8393 
1 1741 5491 8180
1177 16040 8106 
1 5491 903 8180
3399 10761 16039 
1 5337 4455 9242
17736 8726 18126 
1 148 6930 8181
1959 1960 18322 
1 41 3084 8182
12663 16044 9750 
1 3084 4745 8182
12299 17694 16043 
1 2606 144 9146
11103 17936 12596 
1 8424 6428 9146
10362 14069 5095 
1 7513 3086 8918
13961 -4 8716 
1 7390 7647 8184
7158 14486 1374 
1 2923 1215 8185
3005 14118 16050 
1 3478 2923 8185
14977 16049 15066 
1 1986 2947 9225
799 12485 18092 
1 6120 5970 9633
169 18899 5063 
1 4561 2419 9405
8532 13704 18446 
1 2419 3574 8187
6999 8976 13704 
1 7484 7897 9828
3237 8619 19283 
1 823 6586 8188
6591 14740 4681 
1 1468 3666 8847
9494 17353 10717 
1 9138 8189 9274
2741 3032 13187 
1 2361 7695 9806
15084 19239 13341 
1 1673 1384 8190
7745 9117 1090 
1 775 6737 9784
13206 1502 5515 
1 1358 3 9259
-6 -3 13205 
1 6003 2170 9757
14111 9805 19143 
1 8192 2170 9082
17481 2849 231 
1 1549 4659 9010
8385 952 9127 
1 9310 6017 9493
19255 18452 18622 
1 8168 1036 8846
7195 17351 7398 
1 2574 3005 8194
5883 11569 7239 
1 4768 3032 8195
882 15389 16070 
1 5836 4768 8195
4641 16069 11439 
1 1762 7251 8196
14217 16072 6697 
1 7251 445 8196
2903 10773 16071 
1 5443 5272 9907
16537 13524 4927 
1 1667 6276 8197
19435 5949 17920 
1 2681 4827 8198
11344 7825 16076 
1 4992 2681 8198
16522 16075 11242 
1 6235 8199 8524
13768 779 17967 
1 2919 7148 8681
988 12036 17028 
1 6289 2598 8200
9649 16080 12670 
1 2598 6466 8200
15318 15115 16079 
1 758 7336 8201
14380 16082 14577 
1 7336 7436 8201
7914 982 16081 
1 5126 571 8694
9844 17052 8200 
1 1268 643 8202
10062 15782 6893 
1 5092 8022 8203
775 16086 14418 
1 8022 2081 8203
4316 11783 16085 
1 4098 893 9474
8022 17683 13363 
1 1243 1186 9217
17684 1705 18076 
1 3204 7315 9195
14340 9612 18034 
1 1131 6783 9497
13293 12450 18630 
1 3246 5708 8531
11187 4110 16732 
1 4629 3471 8206
6055 6056 5046 
1 1650 7381 8207
12652 16094 12115 
1 7381 1172 8207
15085 3757 16093 
1 4969 6113 8208
9166 16096 13141 
1 6113 3282 8208
5104 12990 16095 
1 7293 2416 8309
16291 16294 5939 
1 2669 2785 8209
13621 9077 14333 
1 8210 2687 9443
5878 8922 13486 
1 9443 4452 9902
18522 6620 13486 
1 6896 4922 8211
4608 16102 15776 
1 4922 7328 8211
2836 5210 16101 
1 1072 3533 8212
12365 16104 4162 
1 3533 5120 8212
849 3125 16103 
1 8213 2813 8641
2600 2010 8496 
1 470 793 8213
6142 6195 8497 
1 1470 5649 8214
15097 16108 1132 
1 5649 5648 8214
1828 14483 16107 
1 9245 6985 9664
19415 18959 10767 
1 9240 8733 9664
16931 6131 18131 
1 343 4524 8216
8663 16112 10294 
1 4524 5254 8216
8473 6877 16111 
1 4288 5485 8217
12403 16114 8742 
1 5485 5771 8217
8427 11373 16113 
1 4648 8978 9915
17610 12788 19451 
1 568 4890 8218
3912 241 4059 
1 2641 3914 8219
8164 16118 15171 
1 3914 7469 8219
14640 5981 16117 
1 3790 4878 8220
9558 16120 13828 
1 4878 7014 8220
1120 11009 16119 
1 2994 8221 8909
5861 15921 17660 
1 4764 186 9305
19180 9335 3451 
1 913 1679 8769
10070 13222 17199 
1 3893 5085 8222
13547 3277 15265 
1 4187 3355 8223
17814 16126 10908 
1 3355 6734 8223
13200 15412 16125 
1 3294 2880 8224
13180 5029 16128 
1 5736 3294 8224
2659 16127 6581 
1 360 7377 9761
14459 1319 12920 
1 682 2333 8225
13124 9817 1585 
1 4319 1600 8601
567 7271 13666 
1 111 3713 8226
9625 14599 16869 
1 453 4805 8227
8214 16134 6198 
1 4805 638 8227
8058 6115 16133 
1 4544 1521 9339
1351 18315 2394 
1 918 2089 8228
2707 15605 10322 
1 410 5582 8229
19393 16138 2787 
1 5582 781 8229
13335 2012 16137 
1 1601 552 8230
2161 16140 2115 
1 552 5498 8230
10775 14397 16139 
1 611 8655 9308
18708 13044 763 
1 9429 6496 9437
18494 18510 4866 
1 1757 2987 8669
2521 17003 568 
1 2987 6438 8232
1019 12480 17003 
1 62 8356 9378
16387 13395 16364 
1 7372 2786 9354
9337 18345 229 
1 1431 2702 9600
2785 12800 18089 
1 3163 9017 9025
17686 6163 17702 
1 7116 7743 9284
3647 7989 18209 
1 2317 1405 8235
6292 7723 16471 
1 683 5893 8236
14377 16152 35 
1 5893 6892 8236
270 699 16151 
1 5516 5020 8237
15126 7038 16154 
1 6053 5516 8237
10031 16153 815 
1 825 4000 8238
12842 16156 2517 
1 4000 4413 8238
10592 2439 16155 
1 2101 4477 8239
17764 13758 16158 
1 6136 2101 8239
9644 16157 18472 
1 222 3954 8240
5917 16160 2252 
1 3954 5227 8240
18279 7658 16159 
1 6511 7734 8241
6666 16162 12228 
1 7734 4990 8241
17097 14048 16161 
1 2339 637 9671
17663 18972 5139 
1 2933 2934 8242
17593 1345 5933 
1 700 1973 8296
4384 16269 4382 
1 8448 3965 9883
16568 7603 11509 
1 6111 6402 8244
921 16168 11973 
1 6402 1119 8244
17822 15507 16167 
1 3202 7223 8245
10462 16170 16778 
1 7223 5340 8245
9656 12830 16169 
1 4963 2792 8246
3099 5990 -3 
1 4495 7438 8247
14581 16173 18330 
1 7438 4518 8247
17576 12439 16172 
1 5169 8550 8744
16769 15427 17150 
1 10 694 8248
15980 10135 8614 
1 6244 6928 8249
7432 16177 13773 
1 6928 6927 8249
7431 15073 16176 
1 563 3540 8250
6931 16179 14942 
1 3540 3894 8250
6932 7827 16178 
1 1933 7230 8251
3776 16181 12406 
1 7230 3812 8251
182 12116 16180 
1 9132 4510 9875
3349 13497 1744 
1 6886 2151 8252
5426 2224 8834 
1 2602 3136 8253
14265 16185 8606 
1 3136 6732 8253
14024 10723 16184 
1 3018 8455 8599
16582 7904 16385 
1 6400 4265 9665
8351 8740 18961 
1 3980 9465 9791
18566 3615 18565 
1 282 4876 8255
9553 5190 9652 
1 2449 3219 8256
16457 16191 17656 
1 3219 5528 8256
4785 5463 16190 
1 9535 8042 9620
15967 6838 15768 
1 5366 3493 8257
9693 3570 2641 
1 2758 9028 9849
17707 7625 3462 
1 4194 4294 8258
14446 3872 7824 
1 384 227 8259
13031 14391 16197 
1 1077 384 8259
10817 16196 17461 
1 5488 5955 9355
6474 3478 18348 
1 5955 3306 8260
10437 10755 3478 
1 3500 858 8261
17649 16201 8302 
1 858 4240 8261
11096 5906 16200 
1 8360 8350 9196
5909 12979 3030 
1 4062 7033 8262
9998 5760 14579 
1 1489 1390 8263
11604 2902 16205 
1 5766 1489 8263
5343 16204 7808 
1 4268 1162 8272
16422 8358 12679 
1 6470 438 8264
2263 9872 16026 
1 6245 949 8265
12237 12629 16209 
1 6345 6245 8265
1678 16208 155 
1 6313 7066 8266
8811 16211 12873 
1 7066 430 8266
7685 1780 16210 
1 3937 3338 8785
2148 17231 15182 
1 4624 2949 8267
8093 14419 3942 
1 4426 58 8268
4744 16215 13514 
1 58 6884 8268
4461 2298 16214 
1 3084 6462 8269
12663 16217 12299 
1 6462 1770 8269
4048 3405 16216 
1 5376 7003 8270
6073 16219 8910 
1 7003 1899 8270
10533 10732 16218 
1 1519 5902 8271
11567 16221 15026 
1 5902 754 8271
1461 6047 16220 
1 5039 7150 8272
19495 16223 2254 
1 7150 5072 8272
5869 12679 16222 
1 3068 2649 9838
4413 19302 12993 
1 2966 2965 8273
5208 11003 5805 
1 8274 1162 8374
1376 16422 5868 
1 1406 3982 8274
19506 8357 5868 
1 3563 239 9088
7915 7051 17824 
1 6602 8622 9987
1221 12939 17170 
1 1579 5728 9029
3105 17710 7779 
1 8276 9029 9924
7779 11816 3077 
1 2007 6475 9656
9655 11491 18943 
1 1447 1071 9222
1162 2613 13864 
1 5378 529 9452
10537 2818 2691 
1 1697 4826 8279
9455 16236 634 
1 4826 2377 8279
3528 19390 16235 
1 6521 8061 8280
12304 16238 11150 
1 8061 6279 8280
15806 5192 16237 
1 8281 5848 8447
6293 12022 11462 
1 3215 6051 8281
12580 6293 4546 
1 1387 1786 9999
604 12491 6768 
1 1364 2179 8282
17355 15667 19600 
1 4904 5792 8283
4095 16244 5994 
1 5792 2097 8283
11354 7074 16243 
1 8284 7990 8384
15666 1455 2569 
1 8284 697 9882
2569 1641 6834 
1 2047 3466 8285
7172 16248 8732 
1 3466 2834 8285
3698 8736 16247 
1 697 847 8286
16442 16250 2743 
1 847 6634 8286
6673 6696 16249 
1 5818 7659 8287
10742 16252 2708 
1 7659 5569 8287
19159 6784 16251 
1 129 2012 8288
1385 16254 13808 
1 2012 3425 8288
6707 6465 16253 
1 6666 7355 8362
14455 10515 16399 
1 5429 5367 8362
16692 16398 8921 
1 3507 4276 8290
5684 16258 650 
1 4276 6890 8290
5146 15208 16257 
1 3571 6211 8398
8688 1910 3241 
1 8291 1661 8526
16468 4395 9156 
1 1919 1182 8292
7420 16262 13104 
1 1182 2233 8292
331 10838 16261 
1 973 4393 8293
710 6137 16264 
1 4975 973 8293
15586 16263 4882 
1 1668 2321 8294
7475 524 16266 
1 6020 1668 8294
13195 16265 4713 
1 162 4301 8295
18016 16268 8730 
1 4301 4458 8295
8731 1015 16267 
1 1973 2892 8296
1027 16270 16165 
1 2892 4480 8296
8775 3142 16269 
1 2140 7986 8297
9336 16272 2960 
1 7986 4664 8297
15690 8788 16271 
1 2737 7000 8298
8623 16274 3390 
1 7000 774 8298
1557 13724 16273 
1 8299 3185 9238
5877 11961 5061 
1 6105 6197 9974
7282 7963 1428 
1 6630 4176 8427
12995 8190 248 
1 9123 919 9290
12610 17891 12611 
1 6556 5544 9324
8797 12843 1492 
1 6454 773 8301
12648 12840 12897 
1 2352 2801 9498
8225 10118 18632 
1 1487 6371 9720
2715 19068 11367 
1 1525 275 9628
1577 16675 18888 
1 9372 9109 9843
7476 1439 7983 
1 5303 6373 8304
12490 5129 8229 
1 1583 1069 8305
1111 3086 16287 
1 6472 1583 8305
6196 16286 8077 
1 3038 2291 8306
344 12532 16289 
1 5228 3038 8306
11087 16288 3677 
1 8505 8605 9492
13725 9435 18620 
1 2416 7293 8307
16097 1172 16730 
1 1437 7873 8308
15438 16293 430 
1 7873 4028 8308
5870 1039 16292 
1 2416 2904 8309
16729 16295 16097 
1 2904 4634 8309
16383 5449 16294 
1 6948 2669 8310
13621 14333 16297 
1 7312 6948 8310
7133 16296 14334 
1 1549 665 9597
9127 18639 13366 
1 3909 4516 8311
17275 5263 16787 
1 6687 4945 8411
5499 2526 19521 
1 401 6948 8312
15906 7133 8128 
1 933 4786 8313
11069 16303 4506 
1 4786 834 8313
6281 8182 16302 
1 2616 8947 9510
17548 5507 6408 
1 1809 7495 8314
8975 13143 16886 
1 3268 5079 8315
1673 13805 16307 
1 5597 3268 8315
511 16306 3905 
1 4581 6962 9338
8973 8974 5337 
1 4854 593 8316
9509 7924 18313 
1 5221 7276 8317
14263 16311 15399 
1 7276 4313 8317
1189 5260 16310 
1 2954 199 8318
5781 5652 16313 
1 3325 2954 8318
6512 16312 4228 
1 7657 6112 9728
4859 19085 7478 
1 5566 4423 9863
6569 16512 255 
1 7235 2091 8837
14185 3422 17334 
1 2254 5069 8320
4411 3967 918 
1 343 7713 8321
11156 16319 8663 
1 7713 4323 8321
7969 8659 16318 
1 2159 3447 8322
435 16321 9392 
1 3447 6932 8322
13588 5365 16320 
1 1950 2295 8323
13345 2831 16323 
1 6382 1950 8323
3063 16322 4208 
1 3353 8116 9408
6453 18327 18252 
1 8324 9608 9609
5983 8161 7274 
1 1418 7548 8325
11129 16327 12758 
1 7548 1670 8325
14798 7970 16326 
1 8603 8371 9209
6791 4410 5641 
1 1860 2362 8326
3130 3547 16415 
1 2554 4200 8327
17502 16331 1524 
1 4200 2942 8327
4857 5756 16330 
1 1908 3492 8328
10988 16333 5295 
1 3492 2030 8328
10227 3965 16332 
1 4616 4245 9583
19129 18798 6798 
1 1859 1432 8787
3631 17235 16727 
1 5046 8431 8432
16533 1909 9927 
1 862 8429 8529
16530 576 8711 
1 826 8666 8896
16339 1057 17449 
1 826 1618 8666
4905 13216 16338 
1 1474 5683 8377
1716 16428 12987 
1 8332 961 9780
4433 10720 2920 
1 496 1547 8333
3427 -4 11547 
1 6858 6857 8334
7090 16344 9353 
1 6857 6957 8334
10954 5188 16343 
1 4035 3569 8335
2728 1919 16346 
1 6016 4035 8335
7039 16345 8446 
1 8336 2454 8775
4481 17211 4795 
1 1092 3030 9257
5932 6120 18156 
1 3302 2553 8337
377 16350 6467 
1 2553 4084 8337
9653 4723 16349 
1 3839 5947 8338
363 -3 10974 
1 1554 7809 9769
3290 313 17115 
1 140 8158 8339
15996 11959 16720 
1 2914 1076 8340
11867 16355 8668 
1 1076 6535 8340
5700 8669 16354 
1 3838 8373 9542
16420 6803 11123 
1 2129 5772 8341
18604 5404 8171 
1 2951 8084 8342
15851 16359 11046 
1 8084 5635 8342
318 4407 16358 
1 3690 161 8343
11578 1384 16361 
1 5410 3690 8343
11349 16360 7992 
1 3839 4224 8344
17384 6934 16363 
1 5599 3839 8344
363 16362 15444 
1 380 62 9378
254 16145 18394 
1 1016 1055 8345
7967 8153 8552 
1 1517 1720 8346
15778 16367 16922 
1 1720 7036 8346
2374 12180 16366 
1 4058 7971 8347
7945 16369 10142 
1 7971 5175 8347
4015 7022 16368 
1 1517 5907 8348
16921 16371 15778 
1 5907 5172 8348
7225 8739 16370 
1 1472 7910 8349
15512 16373 15511 
1 7910 5576 8349
16935 5519 16372 
1 7299 4829 8350
18258 16375 16394 
1 4829 7437 8350
14578 12978 16374 
1 6254 8992 9129
18401 10278 1287 
1 6046 6336 9327
16928 1316 11848 
1 1689 6193 8352
16791 16379 14623 
1 6193 759 8352
2385 5110 16378 
1 3925 4057 8353
7686 16381 9160 
1 4057 4714 8353
3477 9351 16380 
1 8611 6687 9954
5499 19521 13106 
1 4634 2904 8509
16295 16689 13107 
1 853 548 9023
5910 17697 15990 
1 3736 3018 8599
2246 16186 8574 
1 8233 139 9378
8944 18393 1065 
1 62 1016 8356
3013 8552 16145 
1 5849 237 8357
7425 16389 8587 
1 237 5890 8357
11545 7424 16388 
1 1395 6963 8358
19410 16391 356 
1 6963 1417 8358
8923 1420 16390 
1 794 5486 9351
10751 10945 18340 
1 5486 4290 8359
3048 1725 10945 
1 7299 8350 8471
16374 5909 16614 
1 7572 4800 8471
7903 8783 16587 
1 3826 1512 8361
-4 2946 16397 
1 5886 3826 8361
3485 16396 13085 
1 5367 4921 8362
9641 16399 16256 
1 4921 6666 8362
19247 16255 16398 
1 8363 2251 8864
5985 3795 11743 
1 3232 953 8363
1847 11013 11081 
1 6294 1124 9399
12335 18434 4596 
1 8302 8364 8585
15616 12224 17471 
1 3525 5042 8365
4293 16405 4292 
1 5042 4943 8365
7503 11055 16404 
1 1814 1037 8366
4213 12397 16407 
1 3115 1814 8366
8443 16406 15359 
1 1462 8161 9388
12428 12454 18412 
1 7289 1842 8367
17305 6792 2630 
1 4856 3259 9040
9513 12650 17731 
1 3391 4576 8368
14016 10609 14909 
1 55 1713 8369
9296 3839 16413 
1 3112 55 8369
18499 16412 10624 
1 2494 3111 8370
19491 -4 5823 
1 1860 8326 9209
16329 18060 12479 
1 6229 377 9485
9507 10237 11075 
1 857 4694 8372
9196 16418 2063 
1 4694 2079 8372
8969 13445 16417 
1 3475 5674 9542
17051 18718 11511 
1 3838 5974 8373
10011 14912 16356 
1 7632 8374 8473
16027 12150 9516 
1 1162 4268 8374
16206 12150 16226 
1 7406 7407 8375
8483 16424 15644 
1 7407 3008 8375
13414 6966 16423 
1 3024 8072 8376
15828 16426 15827 
1 8072 437 8376
601 8024 16425 
1 2918 2459 8377
348 3675 16428 
1 5683 2918 8377
14806 16427 16340 
1 286 7416 8378
10976 16430 13053 
1 7416 2372 8378
9022 13747 16429 
1 1476 2648 8379
4819 6683 16432 
1 4032 1476 8379
5179 16431 967 
1 4665 3192 9742
3115 16489 19112 
1 2105 6484 8380
12706 14441 13670 
1 9467 5681 9611
6619 8720 8913 
1 164 2741 9030
5361 10087 17712 
1 2883 3436 9197
2417 8343 18037 
1 5628 4430 8635
8679 7633 16938 
1 1235 1731 8383
10952 16440 9092 
1 1731 1631 8383
6854 17714 16439 
1 3579 8101 8883
15885 12202 9035 
1 847 697 8384
16249 2569 11809 
1 241 3090 8385
2602 16444 12601 
1 3090 106 8385
13570 1900 16443 
1 6027 7836 8386
12128 16446 13500 
1 7836 2717 8386
15366 7531 16445 
1 847 2249 8486
17425 8827 6673 
1 2329 8602 8718
16872 13002 16871 
1 2710 5214 8388
10217 16450 5636 
1 5214 926 8388
9826 6473 16449 
1 3978 5414 8389
10852 16452 13889 
1 5414 3554 8389
6641 5308 16451 
1 2480 1161 9534
13063 18703 9574 
1 5659 4986 8390
15584 4288 7743 
1 4473 2937 8391
14465 16456 5103 
1 2937 5817 8391
5301 11983 16455 
1 3219 2449 8392
16190 6301 6302 
1 5741 6740 8932
6621 806 11059 
1 2556 1379 9417
13810 18469 13866 
1 8045 1518 8494
4318 16658 6559 
1 8494 2583 8495
16659 12006 3340 
1 6274 3254 9497
1443 13197 8370 
1 753 6288 8395
6706 6267 18629 
1 1712 4311 8396
9279 16465 1711 
1 4311 3953 8396
12773 5797 16464 
1 541 2969 8397
5811 16467 11166 
1 2969 1782 8397
13898 5612 16466 
1 1661 8291 8398
16260 16469 14342 
1 8291 451 8398
5050 12954 16468 
1 9284 6709 9285
12049 18208 688 
1 2317 8235 8399
16150 13026 12402 
1 1281 7399 8400
8515 16473 11722 
1 7399 7307 8400
10989 18936 16472 
1 2359 1060 8401
17434 16475 19099 
1 1060 6934 8401
7748 6556 16474 
1 4263 6437 8402
16671 8348 12614 
1 7011 7887 8774
8689 13744 9125 
1 2888 2704 8403
16712 2464 13696 
1 3331 6376 8404
5034 16480 1755 
1 6376 2844 8404
6521 2571 16479 
1 1971 8728 9605
17120 15684 15703 
1 245 3441 8405
1438 2882 18842 
1 5552 6999 9870
13721 14116 3331 
1 4935 6420 8406
8115 10881 12883 
1 8054 5789 9886
11348 19395 8206 
1 2236 1194 8407
13095 15749 11347 
1 4782 5746 8408
4896 16488 15925 
1 5746 3472 8408
10964 14369 16487 
1 3192 2105 9742
12706 3542 16433 
1 392 7978 9095
11188 9773 17839 
1 7080 298 9703
7437 6037 413 
1 4358 5462 8410
2540 1407 19034 
1 8051 8312 8411
10867 16494 2526 
1 8312 7312 8411
7133 14334 16493 
1 1220 4351 8412
10543 16496 16011 
1 4351 2125 8412
6959 3216 16495 
1 7833 8366 8991
12084 12397 16639 
1 1350 1543 8413
11950 1020 6097 
1 8028 4024 8855
15543 30 9042 
1 2608 5594 8725
8313 3577 17114 
1 7778 7777 8415
4833 16502 15249 
1 7777 7877 8415
15248 10850 16501 
1 5545 3819 9743
5925 19114 10236 
1 8416 4433 8516
8685 16703 7479 
1 1898 2652 8417
7211 16506 10547 
1 2652 2561 8417
4970 2273 16505 
1 1926 8723 9704
6548 3640 17110 
1 4044 1864 8418
7918 9716 3762 
1 2035 5189 8419
10565 16510 1077 
1 5189 259 8419
5843 11741 16509 
1 8520 5132 8620
10059 16908 462 
1 4423 1558 9863
15581 5087 16315 
1 2865 829 8421
-6 16514 62 
1 829 2901 8421
2245 10354 16513 
1 950 2708 8422
15024 16516 12992 
1 2708 389 8422
5803 1256 16515 
1 1139 4137 8423
8100 16518 6350 
1 4137 3146 8423
299 9928 16517 
1 5390 5490 9962
10171 6986 19537 
1 1889 8183 9146
12597 5095 17937 
1 1074 2681 8425
1684 16522 10094 
1 2681 4992 8425
16076 2081 16521 
1 2446 6163 9612
3779 9798 6264 
1 1935 5857 8426
14232 12559 18722 
1 4385 8300 8427
14501 16526 3608 
1 8300 1848 8427
11164 8589 16525 
1 752 5777 9794
5966 14025 14448 
1 91 7371 8628
5980 4625 13904 
1 4447 2697 8529
2788 16728 8710 
1 862 8330 8429
16534 2268 16337 
1 1151 3126 8430
3094 16532 3093 
1 3126 2454 8430
17211 5931 16531 
1 5046 8330 8431
13019 16534 16336 
1 8330 862 8431
16530 5431 16533 
1 2205 5867 8432
11499 16536 13119 
1 5867 2776 8432
15546 19449 16535 
1 5272 5443 8433
16073 16538 4041 
1 5443 1550 8433
3254 10327 16537 
1 7987 4950 9762
10612 19153 1658 
1 6951 9368 9456
15540 14476 18373 
1 1599 4267 8435
5170 16542 8915 
1 4267 1398 8435
5608 1205 16541 
1 3780 2811 9275
8957 18190 16702 
1 169 2285 8436
15355 8684 2414 
1 5636 8067 8437
8557 16546 7489 
1 8067 4369 8437
15818 5201 16545 
1 5479 3500 9884
10274 8302 4386 
1 1478 3359 8438
14310 7008 19391 
1 2481 485 8439
4510 16550 15538 
1 485 3859 8439
7558 11277 16549 
1 1744 4861 8440
9524 16552 8292 
1 4861 1331 8440
15418 1295 16551 
1 1378 672 9679
11312 5327 18989 
1 9877 134 9977
17014 -4 19563 
1 1217 514 8442
7601 16556 961 
1 514 2724 8442
12337 785 16555 
1 4170 7968 8443
5988 16558 15820 
1 7968 8068 8443
31 5165 16557 
1 4605 7416 8444
6809 16560 12409 
1 7416 5600 8444
14537 14541 16559 
1 5482 1394 9206
7245 18053 6967 
1 1763 5907 8935
7226 10136 17526 
1 1233 4864 8446
16833 15434 16564 
1 5171 1233 8446
5224 16563 9577 
1 1839 2328 9606
19189 9799 12077 
1 2827 3091 9365
6052 6294 18368 
1 2244 2243 8448
5656 16568 3994 
1 2243 3965 8448
3991 16166 16567 
1 2745 7308 8449
4911 16570 15501 
1 7308 2512 8449
2241 12292 16569 
1 1059 463 9212
15089 13025 2052 
1 1939 501 8450
13397 3649 65 
1 3003 2824 8640
8144 2758 12539 
1 4978 3858 8845
9752 1292 2844 
1 6396 2898 9695
11911 19019 1879 
1 969 7446 8452
14207 3900 12534 
1 2599 6067 8453
10906 16578 5901 
1 6067 5051 8453
10687 1616 16577 
1 4099 8960 9532
8489 1814 546 
1 8454 3248 8798
2523 5638 6728 
1 1684 8254 8599
15795 16866 2266 
1 3018 1721 8455
2246 8534 16186 
1 8458 6669 9309
8533 16984 18259 
1 6524 6043 8456
3360 5809 6277 
1 1141 6382 8457
12507 16586 12506 
1 6382 2336 8457
4208 3857 16585 
1 962 7572 8471
14845 16395 917 
1 4755 853 8458
9316 8533 16613 
1 254 6881 9902
13487 19427 17394 
1 4457 5643 9697
5250 11061 7481 
1 8460 6171 8480
14543 16631 9036 
1 2502 6172 8460
12093 14543 8359 
1 8461 5643 8592
11061 16852 11062 
1 2963 676 9697
3998 7481 19023 
1 5237 6736 8462
6981 6542 16596 
1 7041 5237 8462
14142 16595 9106 
1 5408 7568 8463
15095 16598 10635 
1 7568 3606 8463
19355 4453 16597 
1 1264 818 8464
12499 2218 16600 
1 2276 1264 8464
7794 16599 13556 
1 1396 28 8465
11175 14038 16602 
1 5307 1396 8465
5713 16601 10396 
1 2770 6033 8466
11823 16604 15790 
1 6033 7477 8466
14657 13786 16603 
1 3259 4445 8467
15494 16606 12650 
1 4445 5381 8467
4151 9328 16605 
1 3938 3120 8639
10239 16944 8281 
1 5280 5862 9953
11490 10153 19520 
1 2931 1058 8717
6261 10961 17098 
1 7475 1917 9504
1897 18643 3107 
1 6129 6178 8651
1625 3322 12010 
1 1702 5672 8470
15939 7877 12106 
1 4755 8458 8471
16588 16614 8783 
1 8458 7299 8471
18259 16394 16613 
1 4847 7284 8472
18457 16616 17678 
1 7284 5662 8472
6635 1605 16615 
1 4268 5072 8473
12679 16618 12150 
1 5072 2998 8473
14417 17096 16617 
1 4617 911 9508
1765 2078 2772 
1 2755 5779 8474
6917 13028 11718 
1 1401 1787 8475
10033 4021 16622 
1 5006 1401 8475
5422 16621 9436 
1 6554 8301 8724
12897 3444 10657 
1 5087 2346 9770
7548 19168 9943 
1 7586 6614 9821
15902 19269 4652 
1 5889 3112 8750
6213 10624 17163 
1 8698 1922 9721
10602 6905 9218 
1 3527 2440 8698
14108 2894 17061 
1 6334 3193 8577
6250 6712 16822 
1 1122 4739 8479
1760 4863 12412 
1 6171 6347 8480
5605 16632 16591 
1 6347 250 8480
12092 7010 16631 
1 1041 2201 8481
4301 16634 533 
1 2201 942 8481
842 4300 16633 
1 1561 7267 8482
3400 16636 401 
1 7267 1467 8482
15132 2857 16635 
1 1071 1852 8483
1759 16638 3401 
1 1852 731 8483
18364 2076 16637 
1 1858 7833 8991
10012 16497 17635 
1 1962 1350 8484
14888 6097 3834 
1 5252 865 8933
1714 6928 9561 
1 6741 2661 8485
9055 10290 10289 
1 6227 629 8587
641 16842 1368 
1 5176 8387 8486
13158 2697 12089 
1 5286 264 9666
12033 5398 18963 
1 3801 7603 8586
1957 2917 5276 
1 7306 2962 9789
14322 17737 19206 
1 2087 3815 8489
8289 13751 16649 
1 4750 2087 8489
14022 16648 1471 
1 317 8863 9796
12688 597 19219 
1 1458 3528 9796
3651 19220 15243 
1 94 4136 8491
7309 16653 7800 
1 4136 3239 8491
8097 8861 16652 
1 1984 3529 8492
19186 16655 7109 
1 3529 572 8492
11598 6915 16654 
1 1440 1949 9420
8365 7775 18475 
1 2991 5363 8493
18975 11747 10507 
1 1518 5654 8494
18490 16659 16460 
1 5654 2583 8494
11084 16461 16658 
1 2922 2199 9489
10801 17008 5385 
1 3350 8394 8495
15775 3340 1273 
1 8597 8671 9241
16861 18124 16862 
1 1901 3350 8496
6994 1273 17801 
1 2044 6170 8497
4728 16665 15663 
1 6170 5901 8497
6721 10307 16664 
1 778 7502 9115
14706 16030 3431 
1 2673 6903 8498
13531 5837 269 
1 7883 4051 9872
15459 19367 11876 
1 9833 9678 9872
8086 6271 382 
1 4263 5512 8500
2957 3111 16671 
1 6437 4263 8500
16476 16670 2102 
1 9550 243 9726
18733 19080 6031 
1 882 2610 9619
4022 18870 5437 
1 1006 7021 9201
7654 18045 13763 
1 275 814 9628
-5 5214 16283 
1 8503 2122 8556
2183 16780 7741 
1 8503 1126 9753
5413 19135 2183 
1 553 80 8504
1126 6787 16679 
1 4860 553 8504
2637 16678 9912 
1 8303 5233 8937
-5 13764 2000 
1 7056 749 8704
-5 17071 17072 
1 4517 4188 8983
9850 17619 7736 
1 2264 1646 8506
13176 2462 4424 
1 3295 8507 8608
5680 10781 630 
1 3295 2904 8530
16689 16729 5680 
1 5585 5981 8508
11375 16687 10616 
1 5981 2175 8508
4890 9111 16686 
1 6889 8509 8608
7643 630 8847 
1 2904 3295 8509
16685 630 16383 
1 4111 6621 8510
18492 16691 6656 
1 6621 2376 8510
12977 12964 16690 
1 5367 5429 8884
16256 12279 6642 
1 3897 5351 8866
2368 10517 12271 
1 1289 570 8512
11460 16695 14947 
1 570 5125 8512
14291 5209 16694 
1 3335 4560 8513
5886 638 16697 
1 6991 3335 8513
812 16696 3049 
1 1641 3404 8514
2756 16699 3541 
1 3404 2306 8514
3202 8326 16698 
1 9625 6720 9792
1465 19211 17782 
1 122 6717 8515
13114 15788 14178 
1 8436 3780 9275
137 16543 2414 
1 4433 2990 8516
2313 7534 16504 
1 4597 4940 9607
14149 9477 5064 
1 946 5831 9323
655 -3 1832 
1 237 4256 9127
7425 1082 6904 
1 5843 2665 8518
4827 15556 17898 
1 5737 5994 8519
10369 16709 14931 
1 5994 6332 8519
3079 14229 16708 
1 8100 854 8620
8274 15883 1704 
1 6391 5566 8520
8665 15884 462 
1 2704 2888 8521
16478 16713 17209 
1 2888 7875 8521
15442 15470 16712 
1 6683 1314 9658
4508 1675 5387 
1 5915 885 8522
7139 18947 2548 
1 713 1987 9170
10336 12162 9298 
1 7914 6277 9125
5761 5989 12300 
1 912 4721 8524
14882 16719 779 
1 4721 3089 8524
4138 4139 16718 
1 140 8339 8525
16353 16721 15311 
1 8339 3706 8525
7257 4484 16720 
1 2130 4674 8526
15862 16723 4395 
1 4674 2329 8526
16872 17317 16722 
1 4613 4059 8527
14902 15688 -6 
1 8677 2279 9931
19593 19480 14225 
1 2030 6779 8528
10227 10382 3965 
1 6642 1859 8787
18799 16335 5275 
1 2697 77 8529
17122 17700 16529 
1 2904 2416 8530
16294 16730 16685 
1 2416 8307 8530
16291 4467 16729 
1 2753 6127 8531
4460 16732 3006 
1 6127 3246 8531
10823 16091 16731 
1 1799 2859 8532
14557 16734 13626 
1 2859 5236 8532
18341 2853 16733 
1 1037 3438 8533
5225 16736 6733 
1 3438 1592 8533
17237 12396 16735 
1 4119 3416 8534
12612 16738 1222 
1 3416 5961 8534
2208 9790 16737 
1 1757 2411 8535
15560 16740 2521 
1 2411 4501 8535
6401 1526 16739 
1 4416 3160 8940
4894 8651 4490 
1 4217 4317 8536
7472 6106 6245 
1 1639 4760 8537
1093 16744 6751 
1 4760 2224 8537
11137 813 16743 
1 1620 3096 8538
5921 16746 10869 
1 3096 3025 8538
16951 13572 16745 
1 5784 991 8539
17005 12894 16748 
1 5884 5784 8539
7712 16747 8207 
1 3257 660 8540
11899 10297 16750 
1 3308 3257 8540
2065 16749 10298 
1 426 1828 8541
2711 12222 16752 
1 3786 426 8541
7416 16751 126 
1 4514 1804 9782
12525 3523 12763 
1 5754 114 8542
11278 4972 3551 
1 1535 5032 8948
1761 8553 9884 
1 1792 6210 9054
3434 2942 17759 
1 319 719 8544
6554 11717 16758 
1 2131 319 8544
4163 16757 11915 
1 8545 2135 8615
3307 4125 3304 
1 1450 1693 9978
18091 158 2230 
1 5436 4055 9993
307 12410 19590 
1 3695 1597 8547
6149 16763 3984 
1 1597 7238 8547
14191 14387 16762 
1 474 1750 8548
2356 15338 16765 
1 3657 474 8548
3662 16764 1597 
1 240 8671 8699
18124 9068 9067 
1 659 1685 8549
6248 5972 17062 
1 4397 6704 9261
2286 9004 614 
1 5169 7997 8550
14736 2488 16174 
1 6682 1743 8551
11725 13097 16771 
1 6843 6682 8551
13411 16770 646 
1 969 7448 8552
14597 16773 14207 
1 7448 6115 8552
10225 17726 16772 
1 4010 4071 9541
7852 18716 1482 
1 4537 1473 8553
3259 9393 840 
1 2606 5690 8554
11152 16777 11103 
1 5690 6627 8554
12988 2546 16776 
1 3202 8245 8555
16169 16779 1180 
1 8245 3544 8555
4940 6747 16778 
1 2122 5050 8556
10681 16781 16676 
1 5050 1712 8556
9279 2038 16780 
1 8659 4829 9509
14578 16783 18654 
1 4829 9309 9509
18258 17180 16782 
1 2253 2549 8558
10536 16785 14086 
1 2549 7076 8558
19018 15549 16784 
1 8807 5388 9768
10557 17081 19165 
1 3909 8311 8611
16299 16890 8846 
1 9006 2957 9617
17664 6051 3595 
1 2927 702 8560
5924 13528 7151 
1 1229 6193 8561
17746 16791 12526 
1 6193 1689 8561
16378 5109 16790 
1 954 6885 9804
13494 10948 10405 
1 6748 8777 9976
15588 4999 19562 
1 5853 1740 8563
11472 16795 19359 
1 1740 7580 8563
14862 3187 16794 
1 468 1510 8564
14252 10224 5072 
1 5311 6913 8565
8786 16798 2367 
1 6913 1644 8565
16906 8299 16797 
1 474 6775 8566
13278 16800 2356 
1 6775 4556 8566
2618 8924 16799 
1 9111 4443 9814
17870 8704 17671 
1 5222 3103 9793
5926 14067 19214 
1 863 138 8568
17276 16804 6539 
1 138 1879 8568
4201 1472 16803 
1 1063 2695 8569
9411 8141 16806 
1 6774 1063 8569
7682 16805 8142 
1 322 6328 8570
12401 16808 12400 
1 6328 2898 8570
19019 11911 16807 
1 5503 6338 9944
5438 7620 7230 
1 2426 427 8571
7576 2856 19504 
1 3741 3628 8572
7328 119 16812 
1 4742 3741 8572
9291 16811 2574 
1 747 7405 8573
14093 16814 2454 
1 7405 1833 8573
2621 6505 16813 
1 346 8751 9036
17165 13385 17724 
1 3964 355 8574
8237 14122 659 
1 4107 4650 8575
18617 16818 8040 
1 4650 5496 8575
13495 839 16817 
1 4294 7370 8576
14446 16820 8337 
1 7370 5665 8576
8893 15610 16819 
1 8821 560 9180
11795 18003 9475 
1 2747 6334 8577
1998 16629 13697 
1 5937 5840 9802
541 11633 19232 
1 3058 247 8578
12179 2528 2168 
1 2624 2388 9830
237 4675 19287 
1 2388 3310 8579
10207 9996 4675 
1 1586 2473 8580
5606 16828 4891 
1 2473 4700 8580
9207 14542 16827 
1 4612 4859 8581
1629 16830 12438 
1 4859 3457 8581
17032 6769 16829 
1 716 5986 8582
11730 16832 4500 
1 5986 5229 8582
5835 8608 16831 
1 4864 1233 8583
16563 16834 18536 
1 1233 5136 8583
10066 4892 16833 
1 6607 4153 8584
4478 16836 13012 
1 4153 6639 8584
12426 10101 16835 
1 418 3727 8585
18435 16838 12224 
1 3727 225 8585
2716 2035 16837 
1 5403 5450 8586
9833 16840 14906 
1 5450 6739 8586
4144 5276 16839 
1 3522 3394 8898
3628 2698 6672 
1 629 3407 8587
9162 3151 16643 
1 734 634 8588
411 16844 7296 
1 634 4179 8588
3457 2311 16843 
1 566 1628 8589
3805 16846 9491 
1 1628 806 8589
18930 12291 16845 
1 426 2844 8740
7416 6521 2711 
1 3753 8590 8842
17143 8725 8283 
1 5568 5646 8591
3917 16850 10815 
1 5646 3972 8591
10822 11068 16849 
1 4301 3003 8592
18015 12539 16852 
1 5643 4301 8592
8731 16851 16593 
1 1664 280 8593
14876 11526 16854 
1 2872 1664 8593
15361 16853 5044 
1 1052 2420 9696
3552 18822 1639 
1 3846 6243 9798
1164 284 19224 
1 6974 7031 9302
10735 11562 15175 
1 5478 1400 8595
15176 14368 18244 
1 824 1870 9343
8507 17798 18324 
1 2461 5989 9278
11736 13453 8122 
1 8597 3471 8671
11067 6055 16662 
1 9076 8597 9241
14442 16662 5716 
1 2759 1863 8598
9245 16864 9023 
1 1863 3942 8598
7720 8723 16863 
1 4265 7661 8599
1002 8574 16866 
1 8254 4265 8599
8740 16865 16581 
1 6442 659 8699
3288 17062 17007 
1 7169 240 8600
18123 9067 3713 
1 111 8226 8601
16132 16870 14372 
1 8226 6971 8601
8866 586 16869 
1 2897 2329 8718
747 16448 17099 
1 2329 4674 8602
16723 13695 16448 
1 3269 6068 8603
8045 16874 2093 
1 6068 2411 8603
6401 15560 16873 
1 7631 7011 8604
8689 16876 13743 
1 7011 7889 8604
19459 9818 16875 
1 8530 7001 9492
4579 18619 16881 
1 8977 3943 9377
14894 17607 15922 
1 1464 6397 8606
6519 16880 9631 
1 6397 671 8606
3495 9451 16879 
1 8507 8530 9492
5680 16877 14429 
1 2343 3943 8607
17073 13502 1951 
1 8608 4816 8709
16884 13503 8847 
1 5501 4816 8608
19164 16883 5681 
1 2815 2816 9510
5509 16994 18655 
1 1809 8314 8609
16305 1504 11201 
1 6210 8885 9582
3434 2943 2074 
1 3198 3169 8610
6078 6260 2807 
1 6195 4151 8611
7404 12140 16890 
1 8311 6195 8611
7405 16889 16787 
1 544 4052 8612
8804 16892 2162 
1 4052 3555 8612
3769 1728 16891 
1 1298 9152 9501
17949 4401 5764 
1 2552 2946 8613
14675 2791 18637 
1 1323 3804 8614
9926 16896 7450 
1 3804 7716 8614
12474 12133 16895 
1 2913 2112 8615
3306 2700 16898 
1 4482 2913 8615
4124 16897 4125 
1 3285 7012 9283
2400 821 6433 
1 338 6073 9790
5986 19207 13162 
1 1402 2308 8617
7889 16902 12456 
1 2308 6270 8617
12287 13359 16901 
1 963 2450 8618
4788 10210 16904 
1 6733 963 8618
12295 16903 13198 
1 1821 1644 8619
10820 16906 9108 
1 1644 6913 8619
16798 4254 16905 
1 8620 582 8719
16908 17101 1704 
1 5132 582 8620
10329 16907 16511 
1 1749 635 8621
10275 709 16910 
1 2538 1749 8621
15172 16909 9861 
1 840 2099 8622
5583 16912 517 
1 2099 3233 8622
5920 12939 16911 
1 3459 978 8623
5471 11776 16914 
1 3539 3459 8623
14701 16913 1710 
1 5263 5147 8624
6737 14522 16916 
1 6970 5263 8624
7727 16915 5487 
1 1259 15 8625
-6 9729 16918 
1 2690 1259 8625
4710 16917 3148 
1 7084 8264 8626
3555 16920 10608 
1 8264 7913 8626
9872 13888 16919 
1 5907 1517 8627
16370 16922 10136 
1 1517 8346 8627
16366 10995 16921 
1 7171 7092 8628
4224 16924 3716 
1 7092 7270 8628
17496 13904 16923 
1 1231 348 9692
13673 8094 996 
1 4434 4534 8629
8972 4918 19013 
1 3149 6336 8630
8820 16928 9501 
1 6336 6046 8630
16377 2106 16927 
1 4678 270 9602
6127 14724 18837 
1 852 3585 8631
14166 7585 8036 
1 8215 8733 9240
884 16110 4308 
1 7296 8695 9896
2324 17631 14302 
1 5217 5317 8633
877 16934 5281 
1 5317 2772 8633
9343 10222 16933 
1 5576 7910 8634
16373 16936 2059 
1 7910 3498 8634
6848 18008 16935 
1 4009 6311 9197
17772 18038 6694 
1 3418 5628 8635
18415 16438 2110 
1 2466 8890 9668
17437 15350 12083 
1 2632 6012 8636
11782 17438 455 
1 1669 4980 8637
18201 15557 16942 
1 7933 1669 8637
4247 16941 19488 
1 4003 335 8801
7839 3289 14384 
1 3120 2104 8639
10748 16945 16607 
1 2104 4229 8639
10350 14879 16944 
1 4775 8451 8640
3928 16947 8137 
1 8451 4156 8640
5916 9355 16946 
1 876 3776 8641
14984 16949 2010 
1 3776 1338 8641
7995 7396 16948 
1 53 8642 8735
-3 3725 13924 
1 3025 3096 8643
16746 16952 8643 
1 3096 2845 8643
7821 17504 16951 
1 96 3157 8644
5500 12240 16954 
1 6282 96 8644
741 16953 6718 
1 2484 866 8645
4855 16956 1688 
1 866 6444 8645
12430 13875 16955 
1 6628 2111 9809
11586 11192 9934 
1 2709 2565 8646
5015 11191 13038 
1 5667 7826 8647
14070 16960 11702 
1 7826 4296 8647
8145 13060 16959 
1 1656 1763 8648
7226 16962 14737 
1 1763 5695 8648
17526 12338 16961 
1 5742 2229 8649
11634 16964 5259 
1 2229 6712 8649
73 6432 16963 
1 1878 2532 8650
18068 16966 12206 
1 2532 377 8650
11076 9507 16965 
1 4223 6663 9262
11555 2189 11364 
1 3719 1702 8651
11365 12106 18164 
1 4382 9577 9837
6943 8581 7672 
1 3517 4281 8652
7689 19301 9398 
1 9246 9332 9767
4538 6265 4313 
1 785 3128 8653
1717 3474 19163 
1 20 2430 9928
6524 19474 936 
1 1688 488 8654
12166 3773 9782 
1 1831 6197 9536
11172 1213 6020 
1 1031 8231 8655
11863 12741 18707 
1 3287 4227 8656
10910 16978 8276 
1 4227 1392 8656
6437 10123 16977 
1 1608 7956 8657
15602 16980 12787 
1 7956 3210 8657
315 12820 16979 
1 1783 3454 8658
6371 16982 12451 
1 3454 4302 8658
10438 927 16981 
1 9490 6133 9509
1865 18616 3316 
1 6669 8557 9309
13070 17180 16583 
1 1508 189 8660
7407 3483 16986 
1 2482 1508 8660
18527 16985 7406 
1 618 5621 8661
14141 16988 5473 
1 5621 3114 8661
6426 11402 16987 
1 4030 3296 9714
7890 6455 6454 
1 1346 1805 9720
5532 12486 19069 
1 460 710 8663
11640 16992 15046 
1 710 2915 8663
6118 1373 16991 
1 3752 1725 8904
9760 12723 3261 
1 2816 934 9510
968 6408 16885 
1 2567 3809 8665
7460 4963 16996 
1 6207 2567 8665
4986 16995 523 
1 4029 1329 9477
9417 7887 7888 
1 3095 6742 8666
6059 739 18589 
1 1784 2086 8667
2231 17000 12677 
1 2086 212 8667
19122 8457 16999 
1 4780 6807 8668
12394 17002 19240 
1 6807 1948 8668
3397 5410 17001 
1 2987 8232 8669
16144 17004 16143 
1 8232 6368 8669
10238 3633 17003 
1 991 5784 8670
16747 17006 10944 
1 5784 1042 8670
4555 10145 17005 
1 4629 6442 8699
5046 16867 9068 
1 2199 283 9489
4297 18613 16660 
1 2652 3682 8672
7211 17010 4970 
1 3682 4711 8672
4303 9596 17009 
1 4987 5574 9084
10925 17817 5596 
1 4944 929 8926
13321 9635 17508 
1 3217 4442 9677
772 10926 18985 
1 8731 134 9877
-4 16554 19378 
1 157 6715 8675
9107 17016 1931 
1 6715 5937 8675
541 19232 17015 
1 4534 7538 8676
8972 17018 7030 
1 7538 4633 8676
8883 12710 17017 
1 7061 6301 9995
2458 7837 9265 
1 302 8528 9931
12352 351 19481 
1 7949 337 8777
13228 17216 11699 
1 6 4863 8678
6782 8851 76 
1 1556 3352 8679
3239 6681 17024 
1 3412 1556 8679
2056 17023 1321 
1 6274 8205 9195
8370 4787 9612 
1 1336 3654 8680
3395 4200 17546 
1 7542 904 9593
5710 17359 18149 
1 5178 2919 8681
1767 16078 17155 
1 1090 703 8921
3969 17497 4607 
1 7403 3552 9812
481 9073 4070 
1 2483 3457 8683
1155 17032 17424 
1 3457 4859 8683
16830 5648 17031 
1 4253 902 8684
17862 14359 17034 
1 6360 4253 8684
2104 17033 12463 
1 4764 673 9776
5860 -5 19180 
1 675 3195 9051
11762 4192 2117 
1 2216 2995 9051
8227 17753 13080 
1 3887 1888 9705
5678 11073 19039 
1 1888 5250 8687
10766 14188 11073 
1 160 3192 8688
12707 17041 6589 
1 3192 2581 8688
10998 6355 17040 
1 4276 7028 8689
5684 17043 5146 
1 7028 7821 8689
8372 1510 17042 
1 1231 2209 8690
17695 9621 17045 
1 4911 1231 8690
13674 17044 3128 
1 191 4163 8691
9338 17047 4848 
1 4163 4063 8691
7137 11276 17046 
1 1111 4286 9845
8001 986 19316 
1 8099 5616 9738
1550 8188 372 
1 4879 7291 9136
14293 17916 5117 
1 5674 3475 8693
16419 5443 476 
1 571 4188 8694
17619 17053 16083 
1 4188 5028 8694
9850 8265 17052 
1 681 6616 8695
10769 17055 5285 
1 6616 3828 8695
6336 17631 17054 
1 4181 7287 8696
13606 17057 3293 
1 7287 4939 8696
12588 7709 17056 
1 3530 2992 8697
2456 14489 17059 
1 3562 3530 8697
228 17058 4812 
1 2414 4706 9721
9219 4515 4768 
1 2309 3527 8698
3674 16628 9218 
1 659 8549 8699
16767 17063 16867 
1 8549 335 8699
3289 12624 17062 
1 4077 921 8721
13408 6740 2771 
1 1566 5320 8700
12501 13498 13075 
1 9080 5713 9454
17809 8339 7278 
1 8701 9178 9621
1628 18000 9986 
1 1196 7884 8702
14519 17069 15500 
1 7884 7407 8702
13414 8483 17068 
1 78 181 8703
9919 13432 -3 
1 8704 749 8803
16681 -5 8297 
1 1006 7056 8704
13763 16681 13833 
1 3943 2343 8705
16882 17074 17607 
1 2343 8605 8705
9435 8311 17073 
1 2408 5793 8706
3738 17076 14005 
1 5793 1681 8706
7125 8013 17075 
1 2367 6795 8707
14020 17078 1397 
1 6795 2162 8707
383 9860 17077 
1 9202 4782 9364
11262 15925 8031 
1 916 6923 8708
2181 6050 18046 
1 5388 5036 9768
17666 7722 16786 
1 3909 8559 8709
8846 9867 1284 
1 5729 6925 8710
4102 17084 2723 
1 6925 2365 8710
13375 4003 17083 
1 153 2410 8711
2727 17086 2910 
1 2410 7853 8711
15400 12273 17085 
1 8712 1643 9550
2184 18733 1095 
1 2059 2772 8712
9807 9343 1095 
1 1570 3342 9640
8173 6266 7551 
1 5382 3201 8713
17774 8760 18912 
1 244 32 8714
12831 11680 17092 
1 2877 244 8714
12056 17091 2644 
1 3470 149 8715
2306 11481 17094 
1 6832 3470 8715
8353 17093 15498 
1 5586 8875 9804
17215 10405 17408 
1 8473 2998 9810
16618 10771 472 
1 4990 7734 8717
16162 17098 14926 
1 7734 2931 8717
12759 16609 17097 
1 5142 2897 8718
18599 16871 17100 
1 5910 5142 8718
2733 17099 15443 
1 8719 582 9072
16907 8275 7252 
1 5068 4226 8719
8209 10235 7251 
1 7222 9168 9727
7513 8475 32 
1 1496 4533 8720
8860 8376 8474 
1 6175 3347 9073
14913 170 12445 
1 3869 8700 8721
12444 13498 10422 
1 1893 2671 8722
4266 1718 17108 
1 5060 1893 8722
15233 17107 10075 
1 3344 6436 8955
18753 3433 5627 
1 2064 1926 9704
2237 16507 19037 
1 4774 8476 8724
12848 17112 1312 
1 8476 6581 8724
1387 12847 17111 
1 6578 7626 8725
9369 17114 11888 
1 7626 2608 8725
14950 16500 17113 
1 3775 1554 9769
15411 16352 256 
1 7187 8726 8826
9282 6374 17312 
1 2941 5399 8727
10579 17118 15892 
1 5399 3992 8727
5754 13568 17117 
1 2486 245 9605
4769 18842 5485 
1 1971 5293 8728
10337 15704 16481 
1 9081 9024 9245
9886 2773 13120 
1 77 2697 8729
16728 2269 2011 
1 3691 2752 8730
2563 1278 17124 
1 6064 3691 8730
11883 17123 561 
1 7641 8674 9877
8624 1299 19563 
1 2450 1534 8732
2209 633 17127 
1 3547 2450 8732
10210 17126 12194 
1 3804 5066 9686
731 19001 1831 
1 4655 8632 8733
9887 7369 13489 
1 5842 3048 9794
4638 19215 12607 
1 5777 2367 8734
1288 1397 14025 
1 2074 3964 9036
4052 659 13385 
1 2885 7102 8735
4724 1531 3725 
1 4532 7538 8736
14779 17135 2389 
1 7538 1050 8736
9272 10161 17134 
1 6855 6167 8737
7897 6291 17137 
1 7816 6855 8737
3918 17136 15360 
1 5931 988 9545
11622 18724 9391 
1 2382 7206 8877
14127 14126 11436 
1 3052 4759 8739
11459 17141 8895 
1 4759 3279 8739
14684 14266 17140 
1 5094 8590 8740
5035 17143 4189 
1 8590 3753 8740
16848 1754 17142 
1 860 4598 8741
4366 17145 7592 
1 4598 88 8741
12714 1665 17144 
1 1871 6406 8742
2258 17147 3425 
1 6406 3750 8742
17457 7345 17146 
1 1841 653 9059
14081 5740 11296 
1 2633 3516 8743
4572 14435 17767 
1 1656 5169 8744
14737 16174 17151 
1 5172 1656 8744
7225 17150 8739 
1 2525 7374 8745
14454 17153 84 
1 7374 3073 8745
1280 4937 17152 
1 8746 9254 9593
1571 14786 12218 
1 5178 8681 8746
17028 9137 12218 
1 5695 5610 8747
17525 17157 12338 
1 5610 5790 8747
10996 15681 17156 
1 907 1308 8748
10163 10704 17159 
1 4406 907 8748
13357 17158 8536 
1 4958 2049 8749
14509 17161 12981 
1 2049 6526 8749
12789 9714 17160 
1 2491 3174 8750
6857 17163 6092 
1 3174 5889 8750
1343 16626 17162 
1 8574 4587 9036
13817 1453 659 
1 346 7102 8751
1531 4051 16815 
1 3054 7235 8752
5978 17167 9932 
1 7235 5699 8752
4404 10836 17166 
1 956 446 8753
4818 17169 12711 
1 446 4637 8753
9796 9120 17168 
1 9659 6602 9987
12047 16229 6329 
1 6849 4291 9304
4862 7391 10320 
1 4014 1714 8755
8247 10920 11195 
1 427 6550 9494
12024 18623 16031 
1 9169 8756 9494
12837 4322 18624 
1 5817 3045 8757
1709 17176 6095 
1 3045 8501 8757
5280 5961 17175 
1 1035 935 8758
3730 17178 7675 
1 935 4786 8758
1220 11069 17177 
1 4037 2315 8840
12017 10613 1055 
1 9309 8557 9509
16984 3316 16783 
1 1504 1158 8760
18824 17182 17570 
1 1158 6425 8760
12591 2537 17181 
1 2142 9610 9909
18853 14560 19439 
1 9295 8761 9610
4547 14560 8615 
1 4512 7234 9622
15059 18876 2740 
1 170 4396 8762
12604 8611 4325 
1 2403 6234 8763
11828 9645 17188 
1 6335 2403 8763
11886 17187 4220 
1 2513 727 9041
8807 17733 8284 
1 108 2513 9481
8545 14227 18598 
1 8765 8766 9811
17391 12 3996 
1 8766 8866 8867
17391 17193 10484 
1 8867 8866 8967
17192 10517 17388 
1 5941 5281 9811
17611 12649 10639 
1 7901 2371 8767
15493 2492 17196 
1 8511 7901 8767
10518 17195 17393 
1 1222 1647 8768
14535 10978 17198 
1 1887 1222 8768
15570 17197 14534 
1 813 913 8769
10409 16123 17200 
1 5085 813 8769
13546 17199 3277 
1 6158 5057 8770
19584 17202 10305 
1 5057 7721 8770
17998 1583 17201 
1 433 2975 8771
11933 17204 5822 
1 2975 231 8771
14205 11734 17203 
1 2305 1678 8894
1421 4944 7866 
1 630 1798 8772
11070 17446 1265 
1 6885 4650 8773
13495 17208 10948 
1 4650 7375 8773
18618 13551 17207 
1 2704 8521 8774
16712 17210 2464 
1 8521 6713 8774
15473 9125 17209 
1 2454 3126 8775
16532 17212 16347 
1 3126 3731 8775
12563 7308 17211 
1 5940 116 9569
9474 18770 6692 
1 4104 905 9667
18572 18964 1753 
1 8875 5586 9976
17095 17409 10949 
1 337 2177 8777
6941 4999 17021 
1 760 4752 8778
9311 17218 9500 
1 4752 2087 8778
8289 14022 17217 
1 2663 3164 8779
15956 17220 6586 
1 3164 3124 8779
2893 6194 17219 
1 1185 4469 8780
8754 17222 3476 
1 4469 788 8780
12725 8758 17221 
1 6219 7982 8781
5159 17224 9318 
1 7982 5663 8781
7681 7080 17223 
1 7349 3988 9809
2101 19245 11192 
1 5710 8113 8782
9735 3298 2271 
1 1261 4583 8783
14021 17228 6138 
1 4583 5349 8783
8977 1226 17227 
1 6815 7771 9334
5792 2497 9264 
1 1977 6871 8784
13466 1167 18305 
1 3338 7485 8785
7127 17232 16212 
1 7485 2500 8785
14673 9058 17231 
1 8861 224 9880
3029 17944 19384 
1 4066 4347 8786
5682 15065 17942 
1 1432 8158 8787
11959 17236 16335 
1 8158 4447 8787
2788 8710 17235 
1 1592 3438 8788
16736 17238 3007 
1 3438 392 8788
11188 17839 17237 
1 1746 6101 8789
-5 17240 132 
1 6101 7379 8789
11956 1271 17239 
1 2006 5568 8790
10913 17242 6896 
1 5568 2210 8790
10815 6647 17241 
1 6712 3661 8791
643 12567 17244 
1 6914 6712 8791
6432 17243 15866 
1 6337 3609 8887
14200 2634 1109 
1 2274 6972 8792
13668 5467 2635 
1 2123 2874 8793
5621 11454 17248 
1 6730 2123 8793
13192 17247 11942 
1 3559 1010 9039
15809 6132 17730 
1 3701 6058 8794
1670 4761 7247 
1 2360 1495 8795
18968 17252 10103 
1 1495 3694 8795
11919 10263 17251 
1 3101 3051 9746
5391 9349 9139 
1 5611 2742 8796
536 1363 5380 
1 2688 1988 9643
-3 548 958 
1 5299 5024 8797
6362 1340 9842 
1 936 1909 8798
3729 17258 5638 
1 1909 3456 8798
5776 3718 17257 
1 2700 5115 9422
10024 10417 18479 
1 5115 6692 8799
7845 3464 10417 
1 1753 6182 8856
12114 3225 4802 
1 7658 3955 9806
7746 15013 9116 
1 7338 8638 8801
7840 17264 14383 
1 8638 7608 8801
-6 1446 17263 
1 5029 6338 9616
12421 5438 18865 
1 6340 2182 8802
6284 7001 10167 
1 5869 4237 8903
4343 10558 17474 
1 5309 4145 8804
11890 17269 5082 
1 4145 6081 8804
13722 13130 17268 
1 2924 3984 8805
7801 17271 11253 
1 3984 5744 8805
11258 15068 17270 
1 768 668 8806
14351 17273 12631 
1 668 4216 8806
4287 15675 17272 
1 8809 8709 9768
1284 13503 9126 
1 4516 3909 8809
16299 1284 17279 
1 138 863 9030
16803 5156 3670 
1 1276 7265 8808
8513 1866 17711 
1 3614 4659 8809
952 17279 9126 
1 4659 4516 8809
7077 17275 17278 
1 4900 4899 8810
1309 17281 603 
1 4899 5716 8810
9597 3658 17280 
1 8052 8827 9561
5602 12277 18755 
1 6319 4652 9561
14370 15940 10250 
1 2072 2336 8812
3857 17285 15521 
1 2336 2404 8812
2579 445 17284 
1 4380 6315 8813
8580 17287 8692 
1 6315 2948 8813
1023 3403 17286 
1 3780 4573 9502
137 7463 7078 
1 8815 8814 8915
1929 8958 520 
1 1029 3303 8815
392 17291 520 
1 3303 2811 8815
18190 8957 17290 
1 1397 5288 8816
3954 17293 1327 
1 5288 3310 8816
6482 10207 17292 
1 5218 3704 8817
7645 3639 2073 
1 2275 5596 8818
6971 17296 18948 
1 5596 3560 8818
2535 1626 17295 
1 1885 7111 8819
13942 17298 13826 
1 7111 2078 8819
8653 13825 17297 
1 8071 4586 9320
5918 5891 8984 
1 4584 2910 9801
19104 510 19230 
1 4837 3414 8821
5373 17302 9475 
1 3414 6019 8821
1976 7372 17301 
1 3640 3739 8822
72 17304 7104 
1 3739 2444 8822
6535 120 17303 
1 1842 7289 8823
16409 17306 6400 
1 7289 2237 8823
4042 15030 17305 
1 792 6306 8824
10874 17308 1964 
1 6306 5148 8824
-6 13270 17307 
1 2626 2726 9365
12248 18367 8661 
1 2628 5002 8825
5135 5144 5728 
1 1818 3149 9382
17685 9501 17636 
1 4738 7187 8826
7496 17116 17510 
1 1538 6731 8827
13605 17314 13193 
1 6731 5875 8827
19450 15789 17313 
1 1149 4530 8828
8875 17316 13220 
1 4530 2935 8828
2615 4066 17315 
1 8526 2329 9482
16723 747 9156 
1 530 7039 8829
13799 12333 10814 
1 7937 2160 8830
15565 9322 17320 
1 8008 7937 8830
13757 17319 12216 
1 4904 2732 8831
5994 17322 4095 
1 2732 8110 8831
5297 5207 17321 
1 2788 3283 8832
15164 5454 17324 
1 4475 2788 8832
1774 17323 8765 
1 372 6467 8833
13868 17326 15352 
1 6467 3767 8833
15579 7379 17325 
1 5705 4160 8834
11182 17328 1936 
1 4160 6644 8834
18219 11110 17327 
1 1891 2501 8835
9958 17330 15277 
1 2501 3028 8835
7718 1262 17329 
1 478 713 8836
15215 9298 17332 
1 6277 478 8836
734 17331 5989 
1 2781 4600 9797
14533 2522 19222 
1 5069 7235 8837
4411 16316 3967 
1 2575 2974 8838
15671 8120 17336 
1 3331 2575 8838
1755 17335 5034 
1 2167 855 8839
7414 17338 14114 
1 855 3624 8839
-3 124 17337 
1 4357 8957 8958
433 17569 17571 
1 3627 8962 9164
17579 12590 3862 
1 609 2379 8841
11393 17342 5711 
1 2379 2027 8841
5696 1766 17341 
1 951 2398 8842
11771 17344 15379 
1 2398 5590 8842
10957 8283 17343 
1 100 2423 9960
-3 19532 5516 
1 1815 2568 8843
1463 305 15933 
1 3175 6109 8844
419 713 17348 
1 6531 3175 8844
3284 17347 6215 
1 3159 3022 8845
13430 7360 17350 
1 4444 3159 8845
4629 17349 1292 
1 1036 845 8846
7991 17352 16067 
1 845 2574 8846
5883 7239 17351 
1 3666 4913 8847
700 17354 16057 
1 4913 7332 8847
13665 3253 17353 
1 2179 1364 8848
16242 17356 10947 
1 1364 3491 8848
2684 11374 17355 
1 1526 3566 8849
1094 17358 1467 
1 3566 4140 8849
12998 3362 17357 
1 904 5178 9593
3022 12218 17027 
1 1281 5982 8851
11722 17361 11721 
1 5982 3616 8851
9003 4121 17360 
1 2968 6401 8954
2487 11144 420 
1 5607 5685 8852
10990 4524 4475 
1 3615 4756 8853
9319 6930 17365 
1 7499 3615 8853
10002 17364 12187 
1 4759 5847 9862
37 6088 14684 
1 3875 7688 9286
17833 748 8407 
1 3494 538 8855
11263 7878 17369 
1 3884 3494 8855
15353 17368 30 
1 3004 1605 8856
9012 4802 17371 
1 4654 3004 8856
5440 17370 3266 
1 3721 7132 8857
13982 17373 2071 
1 7132 279 8857
13983 11141 17372 
1 186 516 8858
9334 9696 17375 
1 2318 186 8858
9335 17374 14358 
1 4102 2092 8859
12853 8027 17377 
1 7730 4102 8859
4085 17376 6797 
1 2576 7273 9179
14091 11571 18001 
1 7453 6309 8860
14610 12364 12363 
1 1844 9505 9880
18646 3037 17944 
1 1306 3892 9154
17743 17952 4120 
1 552 4460 9603
2161 8436 43 
1 2963 6963 9893
5798 19410 3998 
1 4224 3839 8863
16362 17385 3832 
1 3839 6475 8863
10974 9655 17384 
1 3031 3057 8864
5145 17387 3795 
1 3057 6261 8864
7150 3796 17386 
1 6266 8867 8967
17392 17193 17390 
1 1576 3317 9723
8947 19074 7142 
1 2508 6266 8967
7631 17388 17589 
1 8766 8765 8866
17191 12278 17192 
1 6266 8511 8867
10638 17393 17388 
1 8511 8767 8867
17196 10484 17392 
1 3380 254 9902
7471 16589 6620 
1 2464 6538 8868
6236 16034 18521 
1 4459 2181 8869
12210 15390 17397 
1 7848 4459 8869
9341 17396 2364 
1 192 1417 8870
1420 17399 19428 
1 1417 4555 8870
8923 3711 17398 
1 595 6923 8871
6050 17401 7011 
1 6923 5669 8871
14564 15072 17400 
1 183 534 8872
1091 2047 17403 
1 1384 183 8872
7744 17402 2792 
1 1514 2851 8873
15572 17405 6518 
1 2851 1075 8873
2949 18478 17404 
1 9258 4095 9949
9054 19512 5133 
1 4095 5145 8874
9054 4261 18157 
1 6702 5586 9804
9109 17095 19235 
1 5586 1291 9976
9515 19561 17215 
1 3722 4083 8876
3351 17411 9188 
1 4083 3623 8876
2601 7994 17410 
1 6688 6886 9875
9032 8834 19374 
1 9311 881 9487
18263 1893 15462 
1 3047 4918 8926
4764 17507 4492 
1 929 4987 8878
10036 9441 9635 
1 4326 5692 8879
11157 17417 10683 
1 5692 5451 8879
2474 1362 17416 
1 3464 4863 8880
1348 17419 9614 
1 4863 4908 8880
6782 10599 17418 
1 5097 998 9822
14566 8146 9787 
1 5195 5295 8881
7985 9788 9988 
1 1288 3415 8882
9114 12561 17423 
1 3716 1288 8882
17999 17422 2182 
1 2483 8683 9841
17031 15272 4853 
1 2249 847 8883
16447 11809 19309 
1 4554 5522 8884
10821 6642 17427 
1 8132 4554 8884
15945 17426 8920 
1 1324 3728 8885
7301 17429 10763 
1 3728 1049 8885
3502 2943 17428 
1 108 3487 8886
18598 14137 17431 
1 4496 108 8886
6637 17430 8259 
1 1355 1794 8887
1079 17433 12419 
1 1794 1442 8887
2031 1109 17432 
1 1060 2359 9936
16474 18726 12935 
1 2066 7396 9968
235 3321 19546 
1 3549 7676 8889
3134 9526 15723 
1 2466 8636 8890
11651 17438 16939 
1 8636 6012 8890
16940 15207 17437 
1 700 2852 9649
8836 18931 4384 
1 2133 1948 9819
5410 3855 2274 
1 4713 5468 8892
5128 17442 10842 
1 5468 2622 8892
4647 13000 17441 
1 1062 1710 8893
13913 9347 17444 
1 2988 1062 8893
8506 17443 335 
1 3451 8772 8894
9448 17446 2392 
1 8772 1798 8894
17206 12504 17445 
1 2152 7464 8895
14630 17448 1965 
1 7464 917 8895
15266 15985 17447 
1 2479 826 8896
7520 16338 17450 
1 3543 2479 8896
12023 17449 2534 
1 2894 5163 8897
3524 17452 4092 
1 5163 982 8897
7300 798 17451 
1 6762 4110 8965
17625 17584 8047 
1 2425 8587 8898
11583 3151 4738 
1 2687 6398 8899
5255 17456 12550 
1 6398 3186 8899
3981 12549 17455 
1 3750 6406 8900
17147 17458 9744 
1 6406 141 8900
7313 14852 17457 
1 4463 3460 9172
5291 10749 7596 
1 798 3716 8901
18544 2182 17988 
1 1077 8259 8902
16197 17462 5573 
1 8259 190 8902
2088 18919 17461 
1 2222 8905 9004
17467 4531 17661 
1 1655 8664 8904
17549 17465 6801 
1 8664 3406 8904
13703 3532 17464 
1 203 2994 9004
5861 17660 11503 
1 2222 8120 8905
3626 1300 17463 
1 4769 8906 9550
7540 7059 6031 
1 783 4572 8906
8955 7059 3467 
1 7964 8302 8907
2897 17471 2495 
1 8302 8585 8907
16403 2035 17470 
1 625 7639 9713
11174 19054 9654 
1 3541 1258 8908
1206 14976 14975 
1 5869 8903 9004
17267 11504 4531 
1 6718 8120 8909
14895 3626 7343 
1 3845 7852 9591
15596 11230 17978 
1 3351 7551 8949
14804 7163 1307 
1 7978 3863 9294
7566 9138 14953 
1 9495 8911 9595
4212 7740 18228 
1 5005 1446 9757
887 755 4908 
1 2170 8192 8912
16064 2815 9805 
1 4011 1654 8913
1431 8410 17483 
1 5603 4011 8913
-5 17482 1402 
1 2385 736 9137
3775 6182 144 
1 8914 126 9678
4661 18986 5267 
1 3811 4098 9015
7905 13363 7462 
1 2543 1029 8915
5498 520 1285 
1 7500 8696 9384
7710 17863 18405 
1 2456 4970 9264
9737 14586 18169 
1 4022 3064 9158
6116 17960 15023 
1 2863 8283 8917
11353 5759 5180 
1 2342 7390 8918
7159 1374 -4 
1 325 1108 8919
1769 17494 2147 
1 1108 1107 8919
12040 19263 17493 
1 722 7270 8920
14251 17496 13905 
1 7270 7092 8920
16924 13854 17495 
1 703 6905 8921
13534 17498 17029 
1 6905 8162 8921
1440 2985 17497 
1 1359 3655 8922
9275 17500 90 
1 3655 4947 8922
9692 10859 17499 
1 782 4200 8923
5626 17502 6549 
1 4200 2554 8923
16330 15762 17501 
1 1175 8643 8924
6061 17504 5376 
1 8643 2845 8924
16952 15751 17503 
1 2392 4685 8925
5715 17506 15147 
1 4685 260 8925
563 3564 17505 
1 4918 2298 8926
9829 17508 17414 
1 2298 4944 8926
2150 17012 17507 
1 8729 1039 9807
2269 7368 5274 
1 4738 8826 8927
17312 12255 19241 
1 6814 7884 9670
13940 14519 1267 
1 4264 429 8928
12719 1836 999 
1 2009 1246 8929
18705 13793 17514 
1 5879 2009 8929
3359 17513 8032 
1 5721 1613 9638
14168 505 7185 
1 3400 7872 9141
15437 2355 14443 
1 2539 2226 8931
4965 17518 4550 
1 2226 6253 8931
2171 11913 17517 
1 2068 8393 8932
8794 17520 11252 
1 8393 1379 8932
18469 13810 17519 
1 216 4880 8933
9562 17522 6928 
1 4880 315 8933
943 5672 17521 
1 3187 2637 8934
13676 17524 10676 
1 2637 7143 8934
14004 11495 17523 
1 5610 5695 8935
17156 17526 7754 
1 5695 1763 8935
16962 16562 17525 
1 3375 3376 8936
6611 5356 17528 
1 3907 3375 8936
5167 17527 17873 
1 7021 8505 8937
13725 17530 18045 
1 8505 8147 8937
18620 2608 17529 
1 4004 4895 8938
8906 17532 7842 
1 4895 3723 8938
9591 15425 17531 
1 3327 2894 8939
14066 4092 -6 
1 3191 3379 8940
6186 1042 17535 
1 4247 3191 8940
11430 17534 8651 
1 4455 9042 9631
17736 3333 17735 
1 2375 8842 8941
7246 8725 6969 
1 8438 7117 9731
7008 6577 4130 
1 821 4478 8942
2133 7795 2834 
1 5400 5010 9044
6324 10456 8897 
1 3700 951 8943
11772 15379 10956 
1 1024 187 8944
14513 5257 17543 
1 1988 1024 8944
-3 17542 548 
1 1394 6007 8945
7245 17545 18053 
1 6007 3960 8945
3231 13921 17544 
1 1336 8680 8946
17026 17547 14335 
1 8680 3853 8946
7155 13429 17546 
1 2616 8664 8947
5116 17549 16304 
1 8664 1655 8947
17464 3874 17548 
1 1760 8543 8948
12169 17551 7456 
1 8543 3807 8948
7067 8554 17550 
1 7029 7753 9167
15420 13779 7529 
1 7650 8910 8949
15392 12632 1864 
1 5673 7706 8950
15106 17555 18240 
1 7706 3290 8950
15223 12120 17554 
1 5818 7444 9237
2708 11404 10742 
1 5318 3465 8951
4018 18116 10418 
1 2766 8278 8952
18540 17559 485 
1 8278 424 8952
3756 10967 17558 
1 8953 5401 8954
5550 17563 7811 
1 2110 8852 8953
14504 4524 7811 
1 2837 9055 9260
17762 17568 9713 
1 5401 1555 8954
17882 17566 17560 
1 1665 1153 8955
5152 5627 17565 
1 1926 1665 8955
10528 17564 6548 
1 8954 1555 9055
17563 17953 17762 
1 3284 2022 8959
17962 17572 185 
1 9055 3892 9260
17952 11 17562 
1 8957 1699 8958
7622 7332 17339 
1 1504 8760 9486
17181 2426 14550 
1 2315 4357 8958
12018 17339 3950 
1 2022 5416 8959
4 17573 17567 
1 5416 2530 8959
8053 18608 17572 
1 735 3209 9532
6282 1224 18700 
1 4334 636 8960
8331 1814 2524 
1 4518 7438 8961
16173 17577 1848 
1 7438 2866 8961
5218 3091 17576 
1 8759 8840 9486
1055 18607 2426 
1 3627 5846 8962
11458 7101 17340 
1 9716 6414 9808
3560 19060 8176 
1 3515 1822 8963
9222 11428 19244 
1 3570 6003 9100
12370 6992 13310 
1 1960 679 8964
19142 538 17847 
1 4110 4677 8965
13435 17585 17453 
1 4677 3944 8965
7898 13252 17584 
1 1817 645 8966
15195 17587 14148 
1 645 5949 8966
12835 4876 17586 
1 867 7393 8967
15198 17589 17780 
1 7393 2508 8967
8476 17390 17588 
1 4018 2784 8968
8110 10854 17591 
1 5437 4018 8968
7234 17590 13717 
1 2933 406 8969
3432 12243 17593 
1 2934 2933 8969
16164 17592 3594 
1 185 2901 8970
11687 2245 831 
1 6969 8556 9392
7741 2038 7565 
1 2350 7628 9394
9894 18424 15643 
1 1007 3029 8972
5929 5960 17598 
1 3267 1007 8972
10014 17597 10604 
1 3611 7969 8973
4379 17600 2760 
1 7969 2808 8973
7433 4465 17599 
1 4375 2493 9102
4595 10303 11853 
1 4371 5199 8974
10189 9214 4298 
1 5325 7745 8975
15184 17604 1188 
1 7745 1729 8975
3894 12880 17603 
1 8877 8034 9328
15752 4203 3565 
1 2594 881 8976
1706 18263 8039 
1 3943 8705 9377
17073 18392 16878 
1 7597 5388 8977
8296 10557 15922 
1 4036 1091 9915
9062 13171 12788 
1 4648 4958 8978
15960 12981 16115 
1 5281 5941 9131
17194 11273 17907 
1 1249 1158 8979
11842 11272 10057 
1 1591 6088 8980
9473 17614 10185 
1 6088 4611 8980
11931 9033 17613 
1 2705 7714 8981
11389 17616 3646 
1 7714 5409 8981
14505 12704 17615 
1 118 5766 8982
11303 6103 -5 
1 571 3951 8983
9844 1699 17619 
1 4188 571 8983
17052 17618 16682 
1 7640 5548 8984
14978 13803 17621 
1 8145 7640 8984
8349 17620 13203 
1 5402 1363 8985
7419 17623 8180 
1 1363 6363 8985
18887 13858 17622 
1 5109 4110 8986
13436 17625 7724 
1 4110 6762 8986
17453 19547 17624 
1 4981 4506 8987
18119 1214 17627 
1 6762 4981 8987
8047 17626 19548 
1 2121 8988 9005
17629 4180 17662 
1 2121 7522 8988
14746 1751 17628 
1 3762 8729 9896
9118 13694 19416 
1 8695 3828 9896
17055 12966 16932 
1 1604 3932 8990
19063 17633 6161 
1 3932 1687 8990
9057 225 17632 
1 884 6326 8991
6895 17635 1021 
1 6326 1858 8991
15325 16639 17634 
1 4114 1818 9382
17701 17311 14722 
1 6595 7892 9229
15476 7315 18099 
1 2935 469 9961
8879 2390 4066 
1 4228 6443 8993
8870 808 8279 
1 4690 3434 8994
2347 19041 17641 
1 7950 4690 8994
11738 17640 796 
1 2350 3863 8995
9138 17643 3543 
1 3863 1814 8995
4213 8443 17642 
1 4291 5712 8996
4862 17645 4655 
1 5712 3712 8996
11866 10567 17644 
1 9634 9734 9735
15044 10692 55 
1 1335 2768 8997
4067 8813 2673 
1 1516 858 8998
19326 17649 10738 
1 858 3500 8998
16200 10274 17648 
1 1489 5725 8999
5343 17651 11604 
1 5725 925 8999
-5 8857 17650 
1 2707 8328 9000
6837 17653 3657 
1 8328 1266 9000
3665 10467 17652 
1 2478 5944 9001
11648 6976 17655 
1 7545 2478 9001
6975 17654 15191 
1 2449 8256 9002
16190 17657 484 
1 8256 4507 9002
1496 506 17656 
1 1302 4333 9003
8637 17659 2008 
1 4333 3953 9003
4592 12773 17658 
1 2994 8909 9004
16121 17661 17466 
1 8909 2222 9004
3626 17463 17660 
1 2427 2121 9005
4077 17628 -5 
1 637 2339 9006
16163 17664 4350 
1 2339 2957 9006
5729 16788 17663 
1 2390 5036 9007
12002 17666 1123 
1 5036 5388 9007
17081 8296 17665 
1 4671 6229 9008
5318 17668 3754 
1 6229 5796 9008
11075 2690 17667 
1 5146 3928 9009
7233 15797 17670 
1 5539 5146 9009
2913 17669 10425 
1 5791 9111 9814
11792 16801 18260 
1 6125 8193 9010
7655 4530 9866 
1 764 6465 9011
1277 17674 5609 
1 6465 3881 9011
11086 9260 17673 
1 6717 2128 9067
11445 13558 17783 
1 4595 6920 9625
13762 18882 6814 
1 9248 3337 9453
5794 1393 14298 
1 4847 8472 9013
16615 13630 18458 
1 1093 434 9710
8307 2211 19049 
1 434 2216 9014
9636 14458 2211 
1 7452 320 9215
18467 631 18072 
1 9215 8204 9474
631 2480 14608 
1 893 4538 9474
3018 14608 16087 
1 1186 1243 9016
16088 3516 18583 
1 3149 1818 9025
17311 17701 6192 
1 3163 5061 9017
9283 1655 16148 
1 4309 3205 9018
7841 4055 17688 
1 5344 4309 9018
10112 17687 2435 
1 6767 9019 9153
9931 4631 9970 
1 7758 9019 9020
8210 9931 17692 
1 5948 6513 9869
19192 3028 1437 
1 742 7758 9020
9910 17690 11654 
1 695 8182 9021
9297 17694 5950 
1 8182 4745 9021
16044 2860 17693 
1 2209 1231 9022
17044 996 17696 
1 4134 2209 9022
6417 17695 491 
1 548 4377 9023
14145 17698 16384 
1 4377 1853 9023
15796 6278 17697 
1 1169 8529 9024
8711 17700 9886 
1 8529 77 9024
16728 2011 17699 
1 1818 4114 9025
17636 17702 17685 
1 4114 3163 9025
8055 16148 17701 
1 1232 130 9026
7676 1216 17704 
1 1332 1232 9026
2790 17703 14120 
1 3286 4120 9736
3977 10508 19101 
1 3872 1823 9027
11427 7385 7583 
1 2758 7493 9028
2749 17708 16194 
1 7493 837 9028
15187 8409 17707 
1 5727 1593 9029
11420 1962 17710 
1 5728 5727 9029
11225 17709 16230 
1 1276 8808 9030
17277 17712 8126 
1 8808 164 9030
8512 16436 17711 
1 357 8383 9031
3381 17714 1356 
1 8383 1631 9031
16440 4179 17713 
1 3776 7643 9032
14984 17716 7995 
1 7643 590 9032
15261 13015 17715 
1 1649 4221 9033
1187 9944 17718 
1 5083 1649 9033
9961 17717 1101 
1 1027 2168 9034
1017 17720 2199 
1 2168 220 9034
6629 3337 17719 
1 565 8555 9035
15965 17722 5486 
1 8555 6476 9035
6940 6946 17721 
1 7204 8735 9036
534 17724 1453 
1 8735 346 9036
1531 16815 17723 
1 7344 8552 9037
14600 17726 14395 
1 8552 6115 9037
16773 13819 17725 
1 4213 906 9038
18720 1958 17728 
1 5306 4213 9038
12496 17727 10394 
1 1199 803 9039
13584 17730 5962 
1 803 3559 9039
18895 17249 17729 
1 6455 4856 9040
19250 16410 17732 
1 6596 6455 9040
11642 17731 6960 
1 727 3761 9041
10333 17734 17189 
1 3761 3390 9041
623 2375 17733 
1 875 4455 9631
8726 17536 18894 
1 4455 5337 9042
16041 7351 17536 
1 2962 8488 9789
16018 1364 16647 
1 7192 2596 9988
19205 14099 19583 
1 4592 1123 9044
3355 17740 10456 
1 1123 7843 9044
10457 8995 17739 
1 1404 5210 9045
18524 17742 8369 
1 5210 7571 9045
14844 14802 17741 
1 3892 1306 9046
17381 14548 17744 
1 4957 3892 9046
11 17743 3270 
1 1229 3075 9047
5876 3296 17746 
1 6193 1229 9047
16790 17745 2385 
1 3361 5814 9048
15949 17748 5182 
1 5814 924 9048
6440 6582 17747 
1 4505 4504 9049
18141 17750 7719 
1 4504 4719 9049
1259 1707 17749 
1 1046 2341 9050
14738 2039 17752 
1 4858 1046 9050
14485 17751 9518 
1 2995 6777 9051
18775 17754 17037 
1 6777 6674 9051
6254 2117 17753 
1 352 2435 9052
7028 7707 17756 
1 3789 352 9052
9013 17755 1674 
1 3757 1503 9053
3813 17758 7392 
1 1503 5047 9053
13684 13770 17757 
1 1442 1792 9054
2031 16756 17760 
1 6337 1442 9054
1109 17759 2482 
1 698 2507 9154
6444 4120 759 
1 2837 8954 9055
420 17566 17562 
1 3142 4477 9056
6150 17764 10299 
1 4477 2101 9056
16157 4904 17763 
1 3511 4313 9057
10229 1189 -6 
1 4453 4450 9859
19336 14728 19343 
1 2633 8743 9059
17149 17768 13527 
1 8743 7365 9059
3250 4780 17767 
1 910 890 9060
13127 17770 8577 
1 890 2040 9060
1723 4103 17769 
1 1089 6311 9061
12368 17772 14461 
1 6311 4009 9061
16937 12329 17771 
1 3144 3201 9062
3475 17774 323 
1 3201 5382 9062
17090 6154 17773 
1 3625 6749 9063
3648 17776 12161 
1 6749 3959 9063
4575 3445 17775 
1 2686 4940 9360
658 14149 18358 
1 4838 5871 9064
9478 6972 1824 
1 7244 350 9986
4388 -3 19580 
1 867 8967 9066
17588 17781 10485 
1 8967 5351 9066
10517 2368 17780 
1 9012 9625 9792
6814 16700 13604 
1 5231 6717 9067
15788 17675 7357 
1 5536 2979 9068
4830 17785 8556 
1 2979 6677 9068
2185 15813 17784 
1 3509 4197 9069
2061 17787 12703 
1 4197 5876 9069
11518 7152 17786 
1 6956 7471 9070
9666 17789 8849 
1 7471 6423 9070
592 2282 17788 
1 4232 4488 9775
599 8821 19178 
1 1421 7840 9071
13267 16013 3139 
1 2441 1700 9072
15012 17793 8275 
1 1700 5975 9072
11707 15209 17792 
1 2247 6350 9073
9292 17795 170 
1 6350 3869 9073
12444 10422 17794 
1 586 5149 9074
6479 17797 12174 
1 5149 1114 9074
8068 18277 17796 
1 1870 2902 9343
13047 11995 16859 
1 7822 8548 9390
15337 10019 18417 
1 3093 1901 9076
2299 17801 864 
1 1901 8496 9076
16663 14055 17800 
1 9394 2611 9645
8636 18922 18229 
1 2750 4989 9077
15080 6247 3103 
1 3397 7882 9078
7029 17805 15730 
1 7882 2424 9078
8498 3154 17804 
1 4270 2529 9865
8362 5647 19353 
1 6381 5543 9079
13643 1795 14813 
1 3156 4258 9621
6177 11198 18874 
1 5096 5713 9080
18875 17066 9615 
1 2205 6694 9081
13119 13693 17811 
1 8632 2205 9081
11499 17810 13120 
1 6791 6312 9402
18905 12250 12839 
1 642 6352 9082
12449 231 8029 
1 3355 4187 9083
16125 17815 15544 
1 4187 369 9083
7394 10668 17814 
1 1439 88 9084
1665 12714 17817 
1 5574 1439 9084
289 17816 17011 
1 7351 505 9651
6561 18933 14012 
1 1997 8108 9085
15898 5668 14408 
1 2299 5118 9086
8542 17821 9835 
1 5118 748 9086
12350 11862 17820 
1 1119 6402 9087
16168 17823 9736 
1 6402 5911 9087
6096 15274 17822 
1 6758 3563 9088
6978 16228 17825 
1 8072 6758 9088
4446 17824 601 
1 4366 6835 9354
4796 869 14449 
1 2786 7345 9089
9337 2393 18345 
1 3072 7961 9218
11617 11204 18078 
1 6516 998 9090
7542 11203 14073 
1 9091 6094 9356
48 18349 7072 
1 766 7972 9091
3173 48 1898 
1 3875 7625 9092
5974 11044 17833 
1 7688 3875 9092
17367 17832 15833 
1 1846 1845 9093
14366 3856 17835 
1 1941 1846 9093
1028 17834 8129 
1 2563 5331 9094
9680 17837 10444 
1 5331 1646 9094
9486 13176 17836 
1 6973 8788 9095
6732 17839 4591 
1 8788 392 9095
17238 16490 17838 
1 123 8008 9096
15702 17841 2220 
1 8008 6234 9096
12216 11828 17840 
1 6076 8032 9097
1739 12732 -4 
1 4053 1367 9098
18557 15117 17844 
1 6650 4053 9098
3211 17843 9427 
1 1870 4343 9099
8507 17846 13047 
1 4343 5587 9099
4861 11735 17845 
1 1960 8964 9100
17583 17848 6992 
1 8964 7697 9100
2051 11763 17847 
1 4127 3617 9367
11142 2249 11695 
1 680 448 9101
2665 5518 11796 
1 5199 5259 9102
10189 17852 9214 
1 5259 4704 9102
10304 11853 17851 
1 3422 4805 9523
5039 8214 6701 
1 9130 9103 9270
9241 8260 14530 
1 7181 7090 9376
2999 18390 10079 
1 5651 7328 9104
11078 2836 13900 
1 644 1680 9105
3280 17858 13615 
1 1680 6240 9105
15162 13908 17857 
1 5055 7835 9106
13915 17860 1406 
1 7835 7097 9106
7506 6205 17859 
1 3714 9848 9951
19323 7669 19516 
1 902 4253 9848
17033 18273 19323 
1 8696 7532 9384
8103 14702 17488 
1 2444 612 9108
4065 14703 120 
1 3275 3476 9109
3593 17866 7476 
1 3476 3818 9109
1980 10423 17865 
1 6375 927 9110
3336 9449 17868 
1 7556 6375 9110
10863 17867 5911 
1 665 9010 9111
9127 17870 13365 
1 9010 4443 9111
4530 16801 17869 
1 3427 3313 9180
12164 859 7447 
1 776 6752 9267
13235 12413 18175 
1 3907 8936 9570
17528 343 18773 
1 6996 605 9570
13716 18772 6418 
1 6089 2975 9739
13841 11933 4874 
1 2359 2338 9546
19098 5414 18726 
1 1758 8498 9115
12638 3431 -3 
1 5241 8007 9116
4496 17879 1887 
1 8007 6165 9116
18226 12080 17878 
1 2046 8165 9117
9694 17881 12301 
1 8165 4948 9117
3215 16006 17880 
1 1555 5401 9154
17563 3317 17953 
1 5401 224 9118
5550 3029 3317 
1 883 3118 9119
2704 6104 -5 
1 2797 5070 9120
7810 17886 4123 
1 5070 5714 9120
1708 15799 17885 
1 5633 2647 9722
5591 980 5176 
1 2396 1213 9121
1596 3146 11042 
1 5608 8010 9122
9201 17890 13323 
1 8010 8113 9122
4328 9735 17889 
1 919 5696 9290
5007 18220 16278 
1 4385 6313 9123
3608 12873 12611 
1 1157 1808 9124
8447 12122 13048 
1 8062 4710 9170
10271 17984 12162 
1 1850 740 9125
3997 916 5018 
1 1146 5894 9126
5706 17897 11390 
1 5894 435 9126
11553 14654 17896 
1 5843 8518 9127
16707 17899 7640 
1 8518 2840 9127
12311 11713 17898 
1 7705 5933 9401
2971 744 2403 
1 4331 1580 9128
894 15103 11606 
1 681 1425 9129
5285 1287 17903 
1 3735 681 9129
12967 17902 12254 
1 7413 3422 9270
7183 6701 18181 
1 669 4196 9130
6702 7383 14530 
1 1576 226 9131
7142 17907 8948 
1 226 5281 9131
12649 17611 17906 
1 689 2382 9132
14127 11436 17909 
1 2774 689 9132
14106 17908 1744 
1 9133 6164 9234
829 18109 13061 
1 4703 63 9133
11251 829 209 
1 5289 6680 9134
417 17913 8242 
1 6680 2791 9134
13093 13472 17912 
1 492 653 9135
5740 14081 17915 
1 2635 492 9135
3249 17914 12242 
1 7291 7678 9136
2308 17917 17050 
1 7678 5676 9136
3710 12387 17916 
1 205 4130 9137
14478 17919 6182 
1 4130 126 9137
18986 4661 17918 
1 1667 8197 9138
16074 17921 5997 
1 8197 2520 9138
3840 4926 17920 
1 1198 6572 9139
1925 17923 4750 
1 6572 387 9139
1145 352 17922 
1 4038 9502 9597
18640 2404 18826 
1 3811 8814 9502
8958 7078 18640 
1 482 2396 9722
4683 11042 19072 
1 1347 5633 9141
5074 5176 2355 
1 7501 5278 9553
19357 7421 4915 
1 4287 7496 9604
14695 8000 18840 
1 878 987 9143
2587 17931 12669 
1 987 5655 9143
321 1915 17930 
1 510 640 9144
924 17933 14742 
1 640 2055 9144
1590 15504 17932 
1 5895 5972 9530
844 12930 9725 
1 2357 1337 9145
2155 11554 7962 
1 144 7177 9146
8413 17937 16045 
1 7177 1889 9146
15346 16520 17936 
1 1073 4541 9211
3038 18746 5307 
1 1559 8786 9147
17943 5936 5935 
1 270 4676 9148
9161 17941 14724 
1 4676 4776 9148
9234 7690 17940 
1 4066 8786 9149
17234 17943 5618 
1 8786 1559 9149
17939 3600 17942 
1 224 1844 9880
2536 17380 17233 
1 5607 5785 9505
5683 7961 18646 
1 4091 1098 9151
11099 17947 10309 
1 1098 4128 9151
4942 7261 17946 
1 7486 2552 9501
14675 18637 12811 
1 1298 2252 9152
11934 14793 16893 
1 320 1810 9217
2950 15307 2303 
1 4193 5088 9153
6424 6517 4631 
1 3892 9055 9154
17568 17953 17381 
1 9055 1555 9154
17566 17882 17952 
1 1868 7788 9212
14110 2052 18065 
1 463 2484 9155
4854 7046 13025 
1 97 1253 9156
1736 8795 17957 
1 1705 97 9156
6222 17956 12528 
1 3799 6126 9157
1044 17959 7796 
1 6126 2245 9157
7007 2213 17958 
1 3064 3065 9158
11004 17961 17490 
1 3065 2965 9158
11003 14650 17960 
1 2022 3284 9159
17567 17963 4 
1 3284 1976 9159
4525 3472 17962 
1 1737 4787 9160
15156 17965 18781 
1 4787 1682 9160
3391 12799 17964 
1 6235 9161 9254
17967 10148 13768 
1 6235 8524 9161
16077 13767 17966 
1 5000 4041 9648
12063 18928 11805 
1 379 5846 9162
7101 9794 7911 
1 2646 6024 9648
6496 7563 18929 
1 6262 379 9163
12270 7911 7413 
1 9131 4568 9596
2425 18825 8948 
1 2530 3627 9486
11458 3862 18608 
1 9657 9448 9774
18507 11923 13772 
1 5502 8159 9774
15999 19177 15854 
1 7447 7888 9166
504 17977 8872 
1 7888 868 9166
1881 6659 17976 
1 1791 3845 9591
6846 17476 18815 
1 7652 8949 9167
1307 15001 15199 
1 616 1921 9168
2276 17981 2446 
1 1921 4327 9168
3752 8475 17980 
1 7018 7719 9169
14245 17983 18624 
1 7719 6533 9169
874 12803 17982 
1 4710 9117 9170
16010 17985 17894 
1 9117 8523 9170
9226 4168 17984 
1 3734 4199 9171
4563 17987 7346 
1 4199 2409 9171
15629 13020 17986 
1 798 8901 9172
17460 17989 8877 
1 8901 4303 9172
8397 8876 17988 
1 1228 2802 9173
18932 -6 3011 
1 7028 3702 9741
10314 15335 8372 
1 2906 7208 9174
13834 14026 13777 
1 231 3576 9923
19144 19466 11734 
1 5988 6477 9175
1643 3163 7003 
1 4653 4857 9176
4823 17996 14762 
1 4857 5622 9176
8338 3392 17995 
1 5156 7721 9177
9909 17998 7861 
1 7721 5057 9177
17202 19146 17997 
1 1288 3716 9454
17423 18544 4422 
1 9178 9454 9621
4422 8339 17067 
1 2703 2576 9179
2793 17378 18002 
1 3180 2703 9179
940 18001 15746 
1 560 9112 9180
1078 18004 16821 
1 9112 2747 9180
1998 13697 18003 
1 330 3299 9181
6461 18006 13977 
1 3299 1134 9181
1988 14271 18005 
1 2743 8634 9182
19299 18008 11566 
1 8634 3498 9182
16936 12091 18007 
1 699 1532 9183
11112 886 18010 
1 6080 699 9183
12108 18009 8591 
1 661 761 9184
677 13583 18012 
1 6929 661 9184
7600 18011 1202 
1 2191 7391 9185
14487 18014 9481 
1 7391 7491 9185
4280 853 18013 
1 3003 4301 9186
16851 18016 8144 
1 4301 162 9186
16267 8143 18015 
1 769 1279 9187
18031 18018 12832 
1 1279 4602 9187
15449 12833 18017 
1 5715 8314 9188
1504 18020 3369 
1 8314 4348 9188
11202 3873 18019 
1 795 4933 9257
3811 9665 6120 
1 1233 1092 9189
5224 18156 10066 
1 3586 1224 9190
4321 18024 1580 
1 1224 7257 9190
4912 7024 18023 
1 1892 3506 9661
6772 18952 11101 
1 2108 3996 9191
2891 15109 6865 
1 6426 7527 9901
18828 5651 19426 
1 3183 2843 9192
4622 15767 10324 
1 2239 2839 9193
7358 18030 11039 
1 2839 5627 9193
11030 8718 18029 
1 1279 769 9194
18017 18032 10273 
1 769 3359 9194
446 14310 18031 
1 4907 8680 9195
728 18034 19328 
1 8680 3204 9195
4200 16089 18033 
1 3771 3019 9196
7386 18036 12979 
1 3019 4062 9196
9998 14579 18035 
1 119 2883 9197
8025 16437 18038 
1 6311 119 9197
2109 18037 16937 
1 3247 4177 9198
11510 18040 6356 
1 4177 3345 9198
3529 4975 18039 
1 1225 6267 9199
2763 18042 15626 
1 6267 3151 9199
10050 8356 18041 
1 2116 1307 9200
8899 18044 14400 
1 1307 2807 9200
5491 9019 18043 
1 7021 8937 9201
17529 13764 16674 
1 916 8708 9202
17080 18047 8031 
1 8708 2803 9202
5483 10941 18046 
1 3890 5406 9203
5827 18049 10827 
1 5406 443 9203
9488 8135 18048 
1 6360 9204 9317
6566 -4 2104 
1 2383 136 9247
9246 174 4656 
1 329 1574 9205
745 7401 7122 
1 1394 8945 9206
17544 18054 16561 
1 8945 1104 9206
1927 10600 18053 
1 3206 7079 9207
13052 18056 14078 
1 7079 851 9207
13895 14077 18055 
1 4564 1551 9208
10670 3696 18058 
1 6143 4564 9208
7602 18057 8967 
1 1660 3469 9209
3090 5641 18060 
1 8326 1660 9209
3910 18059 16415 
1 5799 8907 9720
282 7299 12486 
1 1694 1693 9225
19291 18091 5767 
1 9579 1056 9646
12882 2079 18436 
1 2713 1559 9211
3600 5935 9342 
1 396 1868 9212
13230 17954 18066 
1 8450 396 9212
2532 18065 65 
1 1383 2532 9213
3668 18068 54 
1 2532 1878 9213
16965 12653 18067 
1 5188 1466 9944
15101 4997 19505 
1 1466 3210 9214
10166 315 4997 
1 4538 2984 9215
19213 18072 14608 
1 2984 7452 9215
3318 17681 18071 
1 4437 8813 9216
6594 18074 13480 
1 8813 102 9216
140 2777 18073 
1 6818 9153 9217
477 18076 13364 
1 9153 1243 9217
6517 16088 18075 
1 607 4698 9218
4335 18078 6573 
1 4698 3072 9218
12512 17828 18077 
1 2272 3816 9712
8937 10571 19053 
1 3816 2149 9219
10321 3347 10571 
1 2370 1801 9220
6086 18082 3625 
1 1801 5049 9220
18677 3387 18081 
1 4357 6133 9799
12018 1865 3949 
1 2289 3743 9221
5808 13956 15295 
1 6555 7072 9222
1758 18086 2613 
1 7072 6325 9222
12846 7044 18085 
1 2702 6532 9223
12801 18088 12800 
1 6532 1856 9223
3624 8953 18087 
1 732 1431 9600
3517 16147 7403 
1 1793 2959 9224
12417 112 640 
1 1693 1450 9225
16760 18092 18062 
1 1450 1986 9225
5567 16051 18091 
1 3923 6493 9226
12747 18094 14470 
1 6493 324 9226
3368 11102 18093 
1 6701 450 9927
13344 3421 10000 
1 515 7210 9227
5526 991 5525 
1 52 994 9228
15019 15426 18098 
1 1629 52 9228
15680 18097 13139 
1 4850 6595 9229
12925 17637 18100 
1 8351 4850 9229
18292 18099 635 
1 6175 6176 9230
12445 18102 14913 
1 6176 6918 9230
12102 2259 18101 
1 3696 7680 9231
15056 18104 12720 
1 7680 2568 9231
305 7237 18103 
1 6483 4463 9685
5291 12259 8741 
1 5810 7714 9913
14506 11389 11388 
1 6370 6868 9233
18861 18108 6608 
1 6868 2643 9233
13461 13456 18107 
1 6164 4360 9234
5724 18110 17910 
1 4360 6264 9234
18504 8539 18109 
1 1803 1087 9235
1059 18112 8728 
1 1087 3271 9235
11872 2774 18111 
1 3567 2531 9236
2017 18114 11177 
1 2531 4078 9236
3689 10372 18113 
1 2057 8951 9237
6765 18116 9671 
1 8951 3465 9237
17557 14592 18115 
1 3185 628 9429
11006 18493 11961 
1 3866 6197 9238
1213 7282 7572 
1 4506 4981 9239
17626 18120 9757 
1 4981 629 9239
8826 641 18119 
1 3133 1800 9240
9212 18122 18131 
1 1800 5494 9240
1450 4308 18121 
1 240 7169 9241
16868 3588 18124 
1 8671 240 9241
16766 18123 16662 
1 3613 1942 9342
8734 4416 3460 
1 1773 5337 9242
2712 16041 1058 
1 4636 3196 9732
18864 19092 2681 
1 6140 5897 9572
2533 18777 4414 
1 2976 7030 9244
204 18130 8747 
1 7030 509 9244
7818 14655 18129 
1 3133 9240 9664
18121 16110 3515 
1 879 8632 9245
7369 13120 10767 
1 2322 5640 9246
10414 18134 4313 
1 5640 3393 9246
14904 4538 18133 
1 1574 1905 9565
11336 18762 7679 
1 3777 9205 9247
5066 8201 7199 
1 5481 7444 9393
11404 18422 9495 
1 4847 9411 9453
18458 8010 18457 
1 1708 3341 9249
2996 18140 3821 
1 3341 6917 9249
11050 11901 18139 
1 4504 4505 9250
17749 18142 8629 
1 4505 4405 9250
5397 12503 18141 
1 2505 7732 9251
15158 18144 14565 
1 7732 4102 9251
4086 4085 18143 
1 720 4414 9252
12072 18146 3869 
1 4414 296 9252
8647 40 18145 
1 46 2421 9253
13641 18148 15405 
1 2421 2748 9253
5943 5184 18147 
1 2312 7542 9593
-5 17027 18819 
1 2088 1761 9254
9594 14786 3437 
1 139 98 9255
8944 8950 18152 
1 2730 139 9255
18393 18151 1541 
1 1619 9668 9709
12083 2542 19047 
1 5091 1309 9256
15804 9404 15409 
1 8336 9189 9257
7307 18156 4481 
1 9189 1092 9257
18022 16348 18155 
1 4095 8874 9948
17407 10206 19512 
1 2625 5159 9258
7986 3356 15464 
1 7136 2612 9259
151 2445 -3 
1 404 1699 9260
6431 7622 18161 
1 4957 404 9260
3270 18160 11 
1 4596 8744 9261
3441 18163 649 
1 8744 7867 9261
15427 3200 18162 
1 3719 8651 9262
16968 18165 8268 
1 8651 1766 9262
3322 13059 18164 
1 920 7989 9917
15665 19455 8424 
1 3424 6353 9263
8425 4216 15664 
1 4239 937 9445
18760 18525 14766 
1 2510 2456 9264
18505 17489 4906 
1 7554 5264 9265
11910 18171 15419 
1 5264 7653 9265
14997 14809 18170 
1 4310 5620 9266
12000 14734 18173 
1 7007 4310 9266
13735 18172 15428 
1 171 1054 9267
4361 18175 18982 
1 1054 776 9267
5704 17872 18174 
1 573 610 9268
15814 11226 18177 
1 939 573 9268
18916 18176 10824 
1 1237 1695 9269
6600 2402 18179 
1 6609 1237 9269
12642 18178 70 
1 4219 3769 9273
823 18187 1411 
1 3668 7413 9270
14531 17904 4412 
1 405 7895 9271
1788 18183 18378 
1 7895 804 9271
7380 3207 18182 
1 4672 5302 9272
3123 18185 8074 
1 5302 2292 9272
5341 8363 18184 
1 2036 3668 9273
14531 4412 18187 
1 3769 2036 9273
7182 18186 18180 
1 56 6728 9274
13188 18189 13525 
1 6728 5469 9274
10214 14373 18188 
1 2811 3303 9275
17291 18191 16543 
1 3303 5224 9275
11708 7533 18190 
1 7358 2016 9276
14423 18193 11197 
1 2016 7497 9276
11685 11019 18192 
1 74 8154 9277
15989 18195 157 
1 8154 7109 9277
14153 13759 18194 
1 6656 2988 9278
10270 18197 8121 
1 2988 6864 9278
335 8122 18196 
1 512 5721 9279
14169 18199 399 
1 5721 301 9279
7185 6525 18198 
1 2893 4980 9280
1804 18201 880 
1 4980 1669 9280
16941 5042 18200 
1 9551 5161 9973
7799 1984 153 
1 59 1025 9281
15284 14172 11789 
1 3659 9089 9829
18346 5783 15678 
1 7638 4888 9450
14974 18535 4939 
1 338 8616 9283
13162 18207 820 
1 8616 5742 9283
11634 5259 18206 
1 6709 2600 9285
3458 18211 16470 
1 4080 7116 9284
4058 16149 688 
1 1411 393 9285
13209 3343 18211 
1 2600 1411 9285
5290 18210 18208 
1 7891 7791 9834
15471 19294 14960 
1 7900 2664 9286
15491 8406 13157 
1 7789 1616 9287
15122 11808 18215 
1 8683 7789 9287
3092 18214 15272 
1 266 6567 9288
12870 18217 6477 
1 6567 472 9288
7112 10959 18216 
1 4160 5295 9289
3908 7985 18219 
1 6644 4160 9289
17328 18218 7285 
1 5696 7398 9290
8774 18221 17891 
1 7398 4479 9290
14502 14192 18220 
1 5981 7466 9291
11375 448 18223 
1 7881 5981 9291
4094 18222 4210 
1 6252 6352 9292
12251 18225 2664 
1 6352 4101 9292
10933 4748 18224 
1 6165 8007 9293
17879 18227 1367 
1 8007 6433 9293
5967 19216 18226 
1 2672 9495 9595
18625 17479 18823 
1 9294 9394 9645
15643 17802 14953 
1 4398 966 9610
1346 11643 18853 
1 4896 7776 9295
10819 3591 8615 
1 4509 5270 9296
10357 18233 1771 
1 5270 7030 9296
2939 204 18232 
1 3874 3178 9297
5489 3822 18235 
1 4008 3874 9297
13761 18234 1148 
1 2950 2806 9298
1001 4156 18237 
1 4008 2950 9298
1148 18236 13761 
1 2156 6617 9299
12969 18239 10997 
1 6617 5355 9299
4141 4362 18238 
1 5673 8950 9300
17554 18241 3659 
1 8950 1994 9300
226 8779 18240 
1 408 308 9301
707 18243 13224 
1 308 6746 9301
317 4259 18242 
1 5478 8595 9302
16858 18245 8026 
1 8595 3318 9302
4620 13783 18244 
1 4730 5001 9303
12941 18247 3705 
1 5001 6022 9303
3865 6545 18246 
1 142 6351 9304
13601 18249 7391 
1 6351 4014 9304
8247 11195 18248 
1 2318 3130 9306
15618 8160 8310 
1 4244 8221 9305
15921 3451 1031 
1 8324 3353 9408
7274 16324 7344 
1 1163 4244 9306
4342 1031 4251 
1 2833 4282 9307
18261 18255 18453 
1 4282 3749 9307
2302 5541 18254 
1 1545 6501 9308
1559 18257 1335 
1 6501 7434 9308
14573 11864 18256 
1 4829 7299 9309
16374 18259 16783 
1 7299 8458 9309
16614 16583 18258 
1 3103 5791 9814
5926 17671 10231 
1 4282 2833 9493
18254 11791 4671 
1 1147 8976 9311
8238 18263 8239 
1 8976 881 9311
17606 17413 18262 
1 342 8914 9312
1913 18265 9549 
1 8914 2537 9312
4960 8484 18264 
1 1680 4040 9541
3279 14049 1414 
1 6154 4537 9313
960 840 7971 
1 2996 648 9314
5865 2559 18269 
1 6638 2996 9314
580 18268 1252 
1 4454 5850 9315
8433 12984 10317 
1 3797 6481 9316
12701 18272 7488 
1 6481 2083 9316
4533 8600 18271 
1 4253 9317 9848
2104 6126 17862 
1 1810 3109 9318
6087 18275 15307 
1 3109 332 9318
10939 5841 18274 
1 1969 9074 9319
10090 18277 8900 
1 9074 1114 9319
17797 1130 18276 
1 3242 5227 9320
15868 18279 15825 
1 5227 3954 9320
16160 8984 18278 
1 5968 7671 9321
9785 18281 14074 
1 7671 4995 9321
15040 1075 18280 
1 1800 3211 9322
6285 18283 1450 
1 3211 6095 9322
13731 1555 18282 
1 6769 3687 9323
7220 7221 -3 
1 1463 6454 9324
3987 18286 12843 
1 6454 6554 9324
12897 10657 18285 
1 2084 5487 9325
10753 18288 12698 
1 5487 6379 9325
4071 835 18287 
1 456 376 9326
6391 18290 4039 
1 376 5837 9326
11318 2606 18289 
1 5780 9335 9528
2339 11329 13268 
1 4850 8351 9327
18100 11848 18307 
1 4610 4510 9328
13497 3565 18294 
1 7660 4610 9328
14032 18293 2225 
1 4383 6735 9329
8586 18296 15497 
1 6735 3036 9329
2561 6873 18295 
1 2907 4259 9385
5223 18406 4943 
1 1615 6478 9330
3149 6636 10509 
1 2847 4642 9331
19228 18300 8405 
1 4642 3673 9331
9094 9490 18299 
1 8653 2322 9767
6122 4313 19163 
1 3144 619 9332
323 5070 3475 
1 36 7408 9333
12461 18304 9533 
1 7408 5247 9333
10279 9146 18303 
1 1977 8784 9334
17230 18306 11646 
1 8784 3016 9334
18976 15235 18305 
1 4850 9327 9335
18292 18308 12925 
1 9327 3227 9335
1418 11329 18307 
1 670 3400 9638
15437 18908 1786 
1 1613 2287 9336
3145 6660 505 
1 3635 1742 9337
2412 2423 18312 
1 5984 3635 9337
10352 18311 3402 
1 4854 8316 9338
16309 18314 12661 
1 8316 2584 9338
1871 2655 18313 
1 1521 5269 9339
7314 18316 16135 
1 5269 4227 9339
6437 10910 18315 
1 441 3650 9340
7493 18318 5750 
1 3650 6129 9340
15253 12010 18317 
1 6034 6035 9341
15701 18320 11629 
1 6035 5935 9341
285 11405 18319 
1 2659 3576 9758
19466 19144 3428 
1 148 8181 9342
16042 2139 2176 
1 1043 6122 9343
14840 18324 276 
1 6122 824 9343
619 16859 18323 
1 1955 5373 9344
1076 18326 4274 
1 5373 2064 9344
2237 19037 18325 
1 9408 8116 9493
16324 18621 11791 
1 6017 4443 9345
8704 8891 18452 
1 3396 4889 9945
2735 19507 14125 
1 4495 8247 9346
16172 12149 4834 
1 3715 2691 9347
22 18332 15229 
1 2691 5273 9347
11661 5086 18331 
1 2446 9544 9606
6264 12077 6923 
1 2328 2401 9348
19190 12252 9799 
1 721 6084 9657
18538 18944 6613 
1 3377 7298 9349
12776 6614 18945 
1 1155 6640 9350
6724 18338 2240 
1 6640 3165 9350
7485 2072 18337 
1 5415 6006 9351
11147 18340 8401 
1 6006 794 9351
11769 16392 18339 
1 5236 2859 9956
16734 3178 19525 
1 6520 2859 9352
3178 15451 11922 
1 1323 7928 9353
7450 18344 9926 
1 7928 92 9353
4188 1035 18343 
1 2786 9089 9354
17827 18346 16146 
1 9089 3659 9354
18204 7164 18345 
1 3612 8110 9355
5207 18348 375 
1 8110 5488 9355
5344 16198 18347 
1 6094 8107 9356
6499 18350 17830 
1 8107 5844 9356
4751 9836 18349 
1 2847 4844 9800
8405 1595 19228 
1 7984 1117 9380
12908 18397 13300 
1 3745 263 9358
6939 18354 7527 
1 263 3844 9358
6493 2732 18353 
1 1877 2029 9457
7941 7440 12003 
1 5786 7703 9359
3963 3809 2212 
1 344 5464 9360
10708 18358 2827 
1 5464 2686 9360
1687 17777 18357 
1 4089 4715 9361
15006 8932 18360 
1 6828 4089 9361
2465 18359 6421 
1 1480 1152 9362
5662 18362 15324 
1 1152 2644 9362
2884 4152 18361 
1 360 731 9363
486 18364 14459 
1 731 1852 9363
16638 5559 18363 
1 7430 1940 9364
18465 1593 18366 
1 8122 7430 9364
2570 18365 12891 
1 2726 3311 9365
7977 18368 17309 
1 3311 2827 9365
5138 16566 18367 
1 3634 585 9366
6916 18370 9979 
1 585 3733 9366
7108 15181 18369 
1 3037 5268 9367
8936 18372 8079 
1 5268 4562 9367
5945 11695 18371 
1 3291 6951 9456
10258 16540 18547 
1 6951 3260 9440
12111 18515 15540 
1 1907 977 9369
4991 18376 12007 
1 977 2060 9369
4024 8236 18375 
1 405 9471 9472
18577 11838 1788 
1 405 9271 9370
18182 6658 18577 
1 6275 9331 9371
4714 18380 13882 
1 9331 6982 9371
13686 14080 18379 
1 5441 6772 9372
6476 18382 7983 
1 6772 6856 9372
6412 2448 18381 
1 9279 7228 9879
8925 7161 399 
1 5144 2582 9373
4470 11213 4688 
1 1116 3555 9374
1728 3769 18386 
1 3950 1116 9374
7734 18385 6962 
1 850 6136 9375
10300 18388 15131 
1 6136 8176 9375
18471 11885 18387 
1 128 5987 9376
11731 3238 18390 
1 7090 128 9376
14770 18389 17855 
1 8704 4237 9377
8297 4343 18392 
1 8705 8704 9377
13833 18391 17607 
1 139 2730 9378
18152 18394 16386 
1 2730 380 9378
725 16364 18393 
1 4866 995 9379
15515 18396 5120 
1 995 7814 9379
15322 5719 18395 
1 1117 823 9380
1552 18398 18352 
1 823 6786 9380
4681 15654 18397 
1 4403 9250 9381
8824 15043 -5 
1 8630 8992 9382
2106 18401 9501 
1 8992 6254 9382
16376 271 18400 
1 4866 1215 9383
5120 18403 15515 
1 1215 5557 9383
3005 5448 18402 
1 612 2515 9384
1906 18405 14703 
1 2515 7500 9384
9677 17488 18404 
1 4259 1098 9385
4942 18407 18297 
1 1098 4493 9385
11100 12694 18406 
1 327 2050 9386
12685 18409 7043 
1 2050 137 9386
12191 1447 18408 
1 1672 2778 9387
1036 12283 18411 
1 2903 1672 9387
2406 18410 12282 
1 5213 1462 9388
12429 16408 18413 
1 6355 5213 9388
789 18412 16002 
1 3418 3436 9389
8343 6358 18415 
1 5628 3418 9389
16938 18414 6359 
1 5112 175 9390
4810 18417 327 
1 175 7822 9390
1255 17799 18416 
1 1974 8457 9391
2632 18419 9551 
1 8457 2909 9391
4567 11463 18418 
1 8396 8971 9392
5797 18421 1711 
1 8971 7628 9392
18424 9894 18420 
1 7444 5567 9393
4044 18423 18137 
1 5567 7958 9393
13992 14279 18422 
1 7628 8971 9394
18421 18425 17596 
1 8971 8911 9394
5105 4212 18424 
1 2070 4211 9395
9670 1778 18427 
1 5873 2070 9395
8245 18426 11904 
1 8409 7978 9645
9773 14953 15642 
1 9566 4409 9595
2037 19022 18764 
1 5166 8656 9397
9134 18431 13599 
1 8656 5345 9397
6436 10134 18430 
1 4293 8854 9398
9168 18433 1741 
1 8854 2664 9398
8406 4281 18432 
1 1124 3727 9399
2178 18435 16402 
1 3727 418 9399
16837 12225 18434 
1 9165 9579 9646
18791 18063 18790 
1 9400 4079 9846
18575 15074 3484 
1 1580 7707 9401
12957 18439 15103 
1 7707 1191 9401
7089 2403 18438 
1 1765 107 9402
3901 18441 12250 
1 107 6552 9402
12844 13274 18440 
1 1270 3373 9529
6602 1233 18694 
1 3373 3473 9403
3721 7650 1233 
1 7258 7408 9404
14230 18445 5644 
1 7408 6978 9404
6335 10368 18444 
1 6990 4561 9405
5514 16053 18447 
1 7482 6990 9405
6670 18446 1190 
1 7353 196 9406
14413 15336 18449 
1 7354 7353 9406
13778 18448 10709 
1 7965 2176 9506
16001 2256 1798 
1 9307 9407 9408
540 8384 18453 
1 6017 9345 9493
18328 4671 16066 
1 2833 9307 9408
18254 18451 11791 
1 1713 3382 9409
3345 18455 3839 
1 3382 4818 9409
1040 800 18454 
1 2545 6695 9410
6058 397 -3 
1 7284 4847 9453
16615 18138 18542 
1 4847 9013 9411
17678 4155 18138 
1 6822 6940 9412
2513 18460 12584 
1 6940 7082 9412
18883 13564 18459 
1 4395 7478 9413
3993 18462 2779 
1 7478 5261 9413
8596 3174 18461 
1 4961 6090 9414
459 18464 4989 
1 6090 1881 9414
4405 12810 18463 
1 1940 7430 9415
18365 18466 11114 
1 7430 7330 9415
912 6497 18465 
1 320 7452 9416
17681 18468 2950 
1 7452 880 9416
5406 3583 18467 
1 1379 8393 9417
17520 18470 16459 
1 8393 4489 9417
4040 9081 18469 
1 8176 6136 9418
18388 18472 6983 
1 6136 8239 9418
16158 12220 18471 
1 691 3366 9419
6592 18474 9236 
1 3366 6489 9419
12717 13304 18473 
1 198 1440 9420
14648 16656 18476 
1 4069 198 9420
7966 18475 14732 
1 7807 285 9898
7732 11421 15127 
1 8873 1075 9522
17405 18679 8287 
1 4588 2700 9422
9634 17259 18480 
1 5217 4588 9422
5281 18479 877 
1 1820 3599 9423
7049 18482 10331 
1 3599 2658 9423
2499 860 18481 
1 3294 6724 9874
13179 3539 9759 
1 3996 7382 9424
2891 5028 4117 
1 4631 7370 9425
9072 18486 5240 
1 7370 6684 9425
9071 5239 18485 
1 5556 6577 9426
1876 18488 13184 
1 6577 2471 9426
2285 13183 18487 
1 3972 5654 9427
10822 18490 11068 
1 5654 1518 9427
16658 4318 18489 
1 3698 6621 9428
5229 18492 5399 
1 6621 4111 9428
16690 8092 18491 
1 628 310 9429
12404 18494 18117 
1 310 6496 9429
12729 16142 18493 
1 6291 641 9662
14462 379 7634 
1 7566 7751 9430
578 2015 1247 
1 985 3975 9431
7784 18498 14155 
1 3975 1711 9431
6367 3133 18497 
1 55 3112 9432
16413 18500 14434 
1 3112 2269 9432
7041 15522 18499 
1 2154 2559 9433
5002 18502 4442 
1 2559 6813 9433
5003 9360 18501 
1 4360 2448 9434
15292 2775 18504 
1 6264 4360 9434
18110 18503 14668 
1 2456 2510 9435
18169 18506 94 
1 2510 4241 9435
18526 8113 18505 
1 1727 9448 9657
18531 17974 10205 
1 1727 2713 9436
13771 9342 18531 
1 567 5454 9437
13126 13540 18510 
1 6496 567 9437
12730 18509 16142 
1 744 2683 9438
5248 18512 981 
1 2683 2061 9438
14663 3301 18511 
1 3756 6265 9439
18754 12011 18514 
1 6517 3756 9439
12771 18513 644 
1 3260 3411 9440
6383 18516 18374 
1 3411 5514 9440
19337 12110 18515 
1 3140 4814 9441
6105 18518 9740 
1 4814 3969 9441
9432 5464 18517 
1 3430 6407 9442
5355 18520 624 
1 6407 4731 9442
6717 881 18519 
1 2464 8868 9443
17395 18522 8922 
1 8868 4452 9443
8719 16100 18521 
1 1404 1797 9444
12690 7537 18524 
1 5210 1404 9444
17741 18523 3210 
1 937 4241 9445
12940 18526 18168 
1 4241 2510 9445
18506 4906 18525 
1 1508 2482 9446
16986 15838 18528 
1 6040 1508 9446
11836 18527 12119 
1 4545 2629 9447
9100 5249 18530 
1 6545 4545 9447
74 18529 7200 
1 1727 9436 9448
18508 18532 18507 
1 9436 1218 9448
18576 11923 18531 
1 2055 7463 9449
1590 13916 18534 
1 7520 2055 9449
15504 18533 13644 
1 4888 4864 9450
15434 18536 18205 
1 4864 8583 9450
16833 15679 18535 
1 721 5105 9451
14215 5619 18538 
1 6084 721 9451
18335 18537 15450 
1 6456 8278 9452
12651 18540 2919 
1 8278 2766 9452
17558 811 18539 
1 2528 7294 9453
14299 18542 1393 
1 7294 7284 9453
6635 18457 18541 
1 798 2721 9454
8877 7278 18544 
1 3716 798 9454
17460 18543 17999 
1 2875 1423 9455
12640 18546 10017 
1 1423 3730 9455
14855 2993 18545 
1 1779 3291 9456
12016 18373 18548 
1 7422 1779 9456
9712 18547 2628 
1 3100 3017 9457
4053 12003 18550 
1 3981 3100 9457
3728 18549 5905 
1 7694 372 9458
13868 15352 18552 
1 7774 7694 9458
309 18551 15637 
1 1352 8434 9762
4429 15660 19152 
1 3662 1241 9460
5630 12775 18556 
1 6150 1523 9559
3513 18750 8721 
1 375 3662 9460
7171 18554 3169 
1 1367 4053 9461
17843 18558 15480 
1 4053 643 9461
2657 10062 18557 
1 45 2646 9462
1691 18929 18560 
1 6285 45 9462
14491 18559 7564 
1 2025 3924 9563
14992 18758 3102 
1 1283 7529 9463
14761 735 7683 
1 2889 2839 9777
13958 7358 15766 
1 6780 3757 9464
13288 7392 5650 
1 2171 3980 9791
7793 16188 19210 
1 3980 4809 9465
13377 8018 16188 
1 2805 6970 9466
13664 18568 1088 
1 6970 3946 9466
5487 36 18567 
1 4449 2203 9467
8511 18570 8913 
1 2203 4550 9467
9306 8322 18569 
1 3551 905 9468
10634 18572 10319 
1 905 4104 9468
17214 18771 18571 
1 441 1222 9469
5750 15570 18574 
1 7850 441 9469
7493 18573 13269 
1 4079 9400 9646
18437 18925 10784 
1 1218 9436 9557
18532 18747 1135 
1 405 9370 9471
18378 18578 18377 
1 9370 5940 9471
9474 15482 18577 
1 9160 9472 9573
12799 7381 4782 
1 6531 6041 9472
6215 7381 11838 
1 627 499 9473
1330 18582 12437 
1 499 1676 9473
737 6948 18581 
1 1186 9016 9474
17684 18584 2480 
1 9016 9015 9474
4973 13363 18583 
1 3087 4514 9475
2337 18586 7395 
1 4514 1686 9475
12763 11960 18585 
1 859 4824 9476
3891 18588 1663 
1 4824 367 9476
788 12060 18587 
1 3095 8666 9477
16998 18590 7047 
1 8666 3667 9477
13216 923 18589 
1 3241 3489 9478
5466 9285 18592 
1 3765 3241 9478
4233 18591 6830 
1 2263 5575 9479
10927 18594 1554 
1 5575 1924 9479
2502 11311 18593 
1 9576 188 9881
1789 18784 689 
1 6931 166 9783
15748 14945 12731 
1 1224 3487 9481
7215 18598 4912 
1 3487 108 9481
17430 17190 18597 
1 2897 5142 9482
17099 18600 747 
1 5142 530 9482
13799 10814 18599 
1 3879 5928 9483
7597 18602 13149 
1 5928 6256 9483
18802 12573 18601 
1 2455 5772 9484
11314 18604 2964 
1 5772 2129 9484
16357 11403 18603 
1 1860 5225 9485
12479 4616 18606 
1 5650 1860 9485
3130 18605 10237 
1 8840 8959 9486
10613 18608 17578 
1 8959 2530 9486
17573 17973 18607 
1 265 8064 9487
15717 18610 1893 
1 8064 7885 9487
9024 15017 18609 
1 3930 5375 9488
388 11979 18612 
1 5383 3930 9488
4364 18611 3470 
1 283 7251 9489
5717 18614 17008 
1 7251 3093 9489
2299 864 18613 
1 7801 9221 9799
12785 13956 15296 
1 6133 4037 9509
12017 18653 16983 
1 4650 4107 9491
16817 14456 18618 
1 7375 4650 9491
17208 18617 14416 
1 7001 8147 9492
15975 18620 16877 
1 8147 8505 9492
17530 16290 18619 
1 8116 3056 9493
6565 18622 18327 
1 3056 9310 9493
5840 16066 18621 
1 6550 7018 9494
5536 18624 17173 
1 7018 9169 9494
17982 17174 18623 
1 2672 9396 9495
5142 18626 18228 
1 9396 2611 9495
18922 8636 18625 
1 4335 3278 9496
1933 18628 8491 
1 3278 7302 9496
5625 3068 18627 
1 753 8395 9497
16463 18630 1458 
1 8395 1131 9497
2731 16090 18629 
1 5129 6174 9498
1685 18632 5479 
1 6174 2352 9498
12099 16281 18631 
1 1573 4988 9499
11988 18634 5106 
1 4988 5355 9499
4362 4141 18633 
1 4647 4603 9500
8510 10705 18636 
1 4801 4647 9500
9407 18635 9830 
1 2552 8613 9501
16894 18638 17948 
1 8613 4961 9501
459 4989 18637 
1 665 6819 9597
13365 18827 16298 
1 4038 3811 9502
7905 17925 17924 
1 1438 455 9503
4771 672 18642 
1 4959 1438 9503
79 18641 4383 
1 1917 6138 9504
12028 18644 16610 
1 6138 2692 9504
10614 10095 18643 
1 7298 7123 9880
3473 19383 10583 
1 1844 5607 9505
10990 17945 17380 
1 4949 9407 9506
8384 18648 9975 
1 9407 3130 9506
8160 15618 18647 
1 5293 7718 9507
10337 18650 14937 
1 7718 5157 9507
6321 12126 18649 
1 5980 8474 9508
11327 18652 1764 
1 8474 1738 9508
13028 9044 18651 
1 4037 8759 9509
1055 18654 18616 
1 8759 8659 9509
14309 16782 18653 
1 417 2815 9510
11780 16885 18656 
1 3273 417 9510
14854 18655 6409 
1 2194 3292 9511
925 18658 9547 
1 3292 66 9511
1260 2427 18657 
1 1774 7773 9512
15240 18660 6627 
1 7773 6585 9512
1801 7617 18659 
1 2190 1277 9513
7570 18662 1730 
1 1277 3870 9513
7648 11299 18661 
1 4788 4901 9514
13776 18664 3014 
1 4901 2851 9514
2949 15572 18663 
1 450 6907 9515
13344 18666 13931 
1 6907 6906 9515
10588 10001 18665 
1 5905 3272 9516
5898 5068 18668 
1 7655 5905 9516
7892 18667 11548 
1 4740 113 9688
4235 409 13949 
1 1963 1240 9517
3836 15445 3835 
1 1900 8862 9518
1062 18672 5523 
1 8862 2047 9518
7172 8735 18671 
1 4625 4725 9519
9257 18674 9064 
1 4725 3521 9519
10673 14939 18673 
1 285 2017 9520
2479 18676 11421 
1 2017 7717 9520
3310 15128 18675 
1 5049 1801 9898
18082 15127 19419 
1 4232 1696 9522
5284 3824 599 
1 1075 2208 9522
9602 18680 18478 
1 2208 4488 9522
8792 599 18679 
1 453 5769 9523
6198 18682 8214 
1 5769 1789 9523
5999 9414 18681 
1 3900 7725 9524
15144 18684 6552 
1 7725 6725 9524
1852 4611 18683 
1 2958 3150 9525
9703 2358 18686 
1 7705 2958 9525
10326 18685 2971 
1 1587 9171 9526
8221 18688 2866 
1 9171 6591 9526
4707 4115 18687 
1 3220 163 9527
3925 12866 18690 
1 3320 3220 9527
11399 18689 2933 
1 1197 6770 9528
15374 18692 8381 
1 6770 3998 9528
15994 7316 18691 
1 605 2642 9529
13716 18694 18772 
1 2642 1270 9529
11803 18442 18693 
1 4067 1311 9530
7146 18696 12930 
1 1311 5664 9530
11149 11701 18695 
1 4065 2647 9531
980 1681 18698 
1 4909 4065 9531
7958 18697 5177 
1 636 1299 9532
1238 18700 1814 
1 1299 735 9532
1424 17574 18699 
1 1205 1335 9632
2338 2595 14824 
1 2448 7799 9533
15292 12693 2775 
1 1161 3911 9534
1551 18704 16453 
1 3911 5187 9534
7671 14338 18703 
1 1246 2009 9535
17513 18706 7156 
1 2009 7943 9535
1902 15577 18705 
1 1031 8655 9536
16976 18708 12143 
1 8655 611 9536
16141 3575 18707 
1 3661 6613 9537
643 18710 12567 
1 6613 996 9537
12568 14092 18709 
1 6183 6331 9538
12117 13418 18712 
1 6522 6183 9538
9606 18711 15621 
1 2026 3094 9539
3957 12804 -3 
1 3410 7831 9540
15356 18715 9688 
1 7831 3819 9540
19114 5925 18714 
1 4071 1972 9541
2049 18717 16774 
1 1972 7166 9541
12227 1414 18716 
1 5674 8341 9542
15052 18719 16419 
1 8341 2763 9542
5404 11320 18718 
1 906 4213 9543
17727 18721 10923 
1 4213 550 9543
8119 13730 18720 
1 1935 8426 9612
16524 18857 9798 
1 9348 6135 9606
879 18844 9799 
1 988 1595 9545
12540 18725 17138 
1 1595 3495 9545
1068 2721 18724 
1 2359 9546 9936
17876 -4 17434 
1 2337 3104 9547
18980 6259 6203 
1 4318 6429 9548
1591 4850 18729 
1 6469 4318 9548
2888 18728 15548 
1 1975 2800 9549
3972 12565 18731 
1 7920 1975 9549
15530 18730 4846 
1 7054 8501 9726
5961 5280 6307 
1 1643 243 9550
6472 16672 17087 
1 3983 4035 9551
4499 7039 18735 
1 4523 3983 9551
8098 18734 153 
1 5625 7587 9552
9028 9027 18737 
1 7691 5625 9552
11026 18736 11025 
1 5258 9142 9553
15931 18739 10340 
1 9142 8125 9553
6204 4915 18738 
1 6610 4435 9554
780 115 18741 
1 7397 6610 9554
14500 18740 7589 
1 6411 6362 9555
6119 8960 18743 
1 6494 6411 9555
9345 18742 12467 
1 4125 6657 9556
-6 18745 6584 
1 6657 1808 9556
12122 1608 18744 
1 9211 4541 9557
17938 19560 18747 
1 9436 9211 9557
9342 18746 18576 
1 3619 279 9558
11141 14780 18749 
1 8078 3619 9558
15840 18748 5517 
1 1523 7385 9559
14475 18751 18555 
1 7385 9050 9559
6679 2039 18750 
1 3344 2850 9560
5739 6136 18753 
1 6436 3344 9560
17109 18752 52 
1 6265 3756 9561
18513 18755 15940 
1 3756 8052 9561
14179 17282 18754 
1 1286 3503 9562
6858 5659 18757 
1 4729 1286 9562
15305 18756 2223 
1 3924 6605 9563
19157 18759 18561 
1 6605 5442 9563
1690 14760 18758 
1 937 4239 9564
18168 18761 12940 
1 4239 4339 9564
4736 8503 18760 
1 1905 2460 9565
7338 18763 18135 
1 2460 3674 9565
1257 7198 18762 
1 603 9566 9595
18765 18429 7740 
1 603 4333 9566
14954 8637 18764 
1 3386 3571 9567
2624 18767 2331 
1 3571 7316 9567
3241 3439 18766 
1 2776 9353 9914
15546 1035 19449 
1 6498 9568 9887
1908 679 12361 
1 116 9468 9569
7062 18771 17213 
1 9468 4104 9569
18572 11969 18770 
1 605 9529 9570
18693 18773 17874 
1 9529 3907 9570
5167 17873 18772 
1 4394 6777 9571
10246 18775 2995 
1 6777 2995 9571
17753 8227 18774 
1 2780 3264 9572
1838 1369 18777 
1 5897 2780 9572
19030 18776 18128 
1 6041 7781 9573
5354 18779 7381 
1 7781 2447 9573
883 18782 18778 
1 3217 957 9575
18985 1053 18783 
1 1737 9160 9574
17964 4782 1298 
1 9573 2447 9674
18779 18978 13723 
1 923 3217 9575
1657 18780 11877 
1 188 24 9881
-4 19385 18595 
1 3926 2956 9576
18988 306 689 
1 4281 4381 9837
8189 7672 19301 
1 7099 8692 9738
8392 15881 19105 
1 3363 8779 9578
5995 18789 6386 
1 8779 3262 9578
6188 14632 18788 
1 5502 9165 9646
15854 18436 18924 
1 9165 1218 9579
15998 5953 18436 
1 1209 5686 9580
-3 18793 1833 
1 5686 204 9580
463 5194 18792 
1 4695 4519 9581
406 18795 3240 
1 4519 5530 9581
868 10837 18794 
1 1510 3505 9582
14253 2074 18797 
1 8610 1510 9582
4568 18796 2807 
1 4245 1859 9583
570 18799 16334 
1 1859 6642 9583
16727 703 18798 
1 2467 5927 9639
4060 18911 7902 
1 2316 2114 9584
10889 3106 11224 
1 6256 5928 9585
18602 7443 18803 
1 6646 6256 9585
13150 18802 11616 
1 1194 4736 9586
5316 18805 2319 
1 4736 7603 9586
2917 1957 18804 
1 1953 274 9587
1495 11859 18807 
1 2042 1953 9587
13138 18806 11860 
1 3133 5740 9588
3515 18809 9212 
1 5740 336 9588
4784 7248 18808 
1 3051 7338 9589
7840 18811 9349 
1 7338 746 9589
14383 13474 18810 
1 2869 4284 9590
8389 18813 5810 
1 4284 6833 9590
13392 6180 18812 
1 677 5730 9591
14605 18815 15398 
1 5730 1791 9591
1342 17978 18814 
1 972 6269 9592
9467 18817 9813 
1 6269 5009 9592
12284 3592 18816 
1 1761 8850 9593
9594 18819 14786 
1 8850 2312 9593
-5 18149 18818 
1 3885 8090 9594
7055 18821 7608 
1 8090 7418 9594
15864 14932 18820 
1 2420 941 9696
4730 5314 16855 
1 2063 2672 9595
14584 18228 19021 
1 1158 1504 9596
17181 14551 18825 
1 4568 1158 9596
11272 18824 17972 
1 3027 4038 9597
3450 17924 18827 
1 6819 3027 9597
7906 18826 18639 
1 7527 6426 9598
18027 18829 2929 
1 6426 7612 9598
14923 6640 18828 
1 7481 7933 9935
6889 19488 12310 
1 3157 6247 9599
5500 11451 10745 
1 4571 8234 9600
7402 18833 2786 
1 8234 7156 9600
8954 7403 18832 
1 312 2255 9601
14212 18835 10074 
1 2255 1915 9601
10856 3741 18834 
1 3131 3927 9602
11270 18837 6395 
1 3927 4678 9602
10483 16929 18836 
1 4308 1115 9603
1540 43 18839 
1 8285 4308 9603
242 18838 8732 
1 4286 4287 9604
2380 17929 18841 
1 4502 4286 9604
6595 18840 15932 
1 245 8405 9605
16482 18843 17119 
1 8405 2804 9605
3851 11244 18842 
1 6135 8447 9606
11462 18845 18723 
1 8447 5002 9606
5144 6923 18844 
1 946 8517 9607
1832 18847 647 
1 8517 4043 9607
1827 667 18846 
1 2098 1755 9707
19431 16000 9697 
1 4949 7325 9608
9975 12464 5983 
1 902 3714 9609
19323 18851 14359 
1 3714 3865 9609
19516 992 18850 
1 7428 3200 9909
18856 19438 6353 
1 2142 4398 9610
14679 18230 17183 
1 2684 8177 9611
8323 18855 8720 
1 8177 4250 9611
4304 11136 18854 
1 3200 7428 9612
18852 12021 18857 
1 8426 3200 9612
11480 18856 18722 
1 3967 6209 9613
5597 18859 10127 
1 6209 5630 9613
7769 13400 18858 
1 3961 6868 9614
2650 18861 13855 
1 6868 6370 9614
18107 7980 18860 
1 1455 7906 9615
2099 18863 3003 
1 7906 543 9615
13952 38 18862 
1 3196 4636 9616
18127 18865 13542 
1 4636 5029 9616
4695 17265 18864 
1 3091 2928 9617
4573 774 18867 
1 6504 3091 9617
1230 18866 6051 
1 4173 2699 9618
5282 18869 19399 
1 2699 5564 9618
10904 10729 18868 
1 2610 7763 9619
15219 18871 16673 
1 7763 8391 9619
11989 11983 18870 
1 3145 3556 9985
15959 19578 15769 
1 7112 4103 9620
10601 191 814 
1 5096 3156 9621
1640 17808 18875 
1 5713 5096 9621
17809 18874 8339 
1 7234 388 9622
14799 18877 17185 
1 388 7916 9622
15523 8838 18876 
1 7805 1175 9816
6061 9217 872 
1 3783 4177 9623
13955 11510 5302 
1 5801 2939 9825
3323 19276 3326 
1 1563 6099 9624
11953 2810 11370 
1 6920 7082 9625
13885 18883 17676 
1 7082 6940 9625
18460 13884 18882 
1 1051 258 9626
13050 11852 18885 
1 4424 1051 9626
5833 18884 9206 
1 5629 6363 9627
12484 18887 13072 
1 6363 1363 9627
17623 7857 18886 
1 442 1525 9628
862 16283 18889 
1 2666 442 9628
2516 18888 1950 
1 1204 398 9629
10700 18891 13283 
1 398 4831 9629
9465 4955 18890 
1 1734 3281 9630
607 9930 18893 
1 3703 1734 9630
1122 18892 12762 
1 803 875 9631
2328 17735 18895 
1 3559 803 9631
17730 18894 15809 
1 4280 2534 9632
8380 14824 18897 
1 6515 4280 9632
5415 18896 4954 
1 28 5702 9633
11175 11992 18899 
1 5970 28 9633
14038 18898 16052 
1 4456 1272 9634
12274 4875 18901 
1 7561 4456 9634
4609 18900 55 
1 2187 7528 9635
13483 18903 6703 
1 7528 6707 9635
11967 8217 18902 
1 6773 6312 9636
7098 18905 7884 
1 6312 6791 9636
17812 15270 18904 
1 2380 3177 9637
6219 5394 18907 
1 3991 2380 9637
4700 18906 13101 
1 3400 8930 9638
14443 18909 18309 
1 8930 1101 9638
2619 1294 18908 
1 1593 5826 9639
11420 2113 18911 
1 5927 1593 9639
1962 18910 18800 
1 5382 8713 9640
17090 18913 6154 
1 8713 6039 9640
11998 957 18912 
1 3861 2307 9641
7557 2590 18915 
1 7749 3861 9641
931 18914 3194 
1 573 939 9642
18177 18917 3634 
1 939 506 9642
11227 13175 18916 
1 289 8902 9643
15641 18919 104 
1 8902 190 9643
17462 7964 18918 
1 6543 86 9895
19538 2784 1144 
1 4882 7480 9644
3652 2291 19187 
1 2611 9396 9645
18626 18923 17802 
1 9396 2750 9645
15080 3103 18922 
1 7690 5502 9646
15999 18790 18925 
1 9400 7690 9646
14194 18924 18575 
1 4845 6272 9647
7806 18927 8837 
1 6272 849 9647
7805 5579 18926 
1 4041 9462 9648
12317 18929 17968 
1 9462 2646 9648
18559 17970 18928 
1 806 1628 9649
16846 3806 18931 
1 2852 806 9649
4644 18930 17439 
1 2802 1228 9650
17990 14428 -6 
1 505 7151 9651
334 18934 17818 
1 7151 1995 9651
14019 11051 18933 
1 7307 1168 9652
14323 14503 18936 
1 8400 7307 9652
16473 18935 2373 
1 5330 5283 9653
8280 18938 14337 
1 5283 6492 9653
4847 11185 18937 
1 1486 4558 9654
13739 18940 2934 
1 4558 66 9654
2427 1260 18939 
1 1415 3161 9655
5600 18942 19482 
1 3161 787 9655
15627 726 18941 
1 7775 2007 9656
2443 16232 12689 
1 6084 3377 9657
15450 18945 18335 
1 3377 9349 9657
18336 10205 18944 
1 4372 8522 9658
8564 18947 13221 
1 8522 885 9658
16715 1576 18946 
1 2275 8818 9659
17295 18949 6329 
1 8818 943 9659
10968 2519 18948 
1 445 1184 9660
2903 637 18951 
1 3420 445 9660
10773 18950 5844 
1 3506 8853 9661
66 18953 18025 
1 8853 7708 9661
15110 7826 18952 
1 3898 273 9662
6693 1246 18955 
1 4261 3898 9662
11031 18954 379 
1 1566 2623 9663
12886 18957 12501 
1 2623 5425 9663
10630 2653 18956 
1 3828 5740 9664
6336 3515 18959 
1 6985 3828 9664
12966 18958 16109 
1 1357 7733 9665
12542 18961 3286 
1 7733 6400 9665
2138 16187 18960 
1 7043 8288 9666
14457 18963 5604 
1 8288 5286 9666
13807 16645 18962 
1 905 5427 9667
6953 18965 17214 
1 5427 8463 9667
8034 4453 18964 
1 7757 1476 9668
971 18967 5147 
1 1476 7858 9668
3157 2542 18966 
1 1495 2360 9669
17251 947 18969 
1 5137 1495 9669
8008 18968 15676 
1 5093 7310 9670
14135 18971 15461 
1 7310 7309 9670
702 1267 18970 
1 637 3031 9671
4350 18973 16163 
1 3031 2251 9671
3795 14233 18972 
1 3770 5363 9672
7771 18975 13258 
1 5363 2991 9672
16657 767 18974 
1 3016 8784 9673
18306 18977 2027 
1 8784 2960 9673
14559 10980 18976 
1 2447 6061 9674
1855 18979 18782 
1 6061 774 9674
14224 1557 18978 
1 3104 2337 9675
18727 10793 18981 
1 5447 3104 9675
290 18980 10794 
1 171 9267 9676
18174 18983 11455 
1 9267 1032 9676
2042 12865 18982 
1 2077 957 9677
4057 18985 8702 
1 957 3217 9677
18780 17013 18984 
1 126 4130 9678
17919 18987 17485 
1 4130 1121 9678
1867 6271 18986 
1 2956 3926 9679
18785 18989 3758 
1 3926 1378 9679
15860 16553 18988 
1 248 730 9680
9123 11453 18991 
1 2432 248 9680
3185 18990 5339 
1 3688 7756 9681
15205 18993 9611 
1 7756 4418 9681
13846 12346 18992 
1 2188 7064 9682
11120 13112 -6 
1 1262 1000 9683
5338 18996 10308 
1 1000 1280 9683
3166 4964 18995 
1 4906 3993 9684
12664 12488 18998 
1 6300 4906 9684
10540 18997 10999 
1 594 9232 9685
7988 19000 13950 
1 9232 841 9685
19446 12258 18999 
1 5066 5867 9686
955 19002 17128 
1 5867 4655 9686
9887 13489 19001 
1 1132 4472 9687
593 7487 19004 
1 6357 1132 9687
12458 19003 10115 
1 30 7115 9688
-3 19006 409 
1 7115 1963 9688
3836 3835 19005 
1 6631 6004 9840
10169 2769 545 
1 1634 2985 9689
5093 12996 5970 
1 4100 7531 9690
14765 19010 954 
1 7531 2092 9690
8027 12853 19009 
1 5653 5805 9691
6723 19012 6133 
1 5805 3232 9691
1847 11081 19011 
1 4434 8629 9692
16926 19014 1536 
1 8629 3277 9692
12510 8687 19013 
1 528 1445 9693
15963 627 19016 
1 2887 528 9693
13947 19015 5646 
1 2549 72 9694
10843 12442 19018 
1 7076 2549 9694
16785 19017 4290 
1 2898 6328 9695
16808 19020 16575 
1 6328 7448 9695
5669 14597 19019 
1 2063 9595 9696
18823 19022 2529 
1 9595 4409 9696
18429 1639 19021 
1 4555 2963 9697
5798 16594 19024 
1 8459 4555 9697
3711 19023 5915 
1 2717 6189 9698
15366 19026 12127 
1 6189 1598 9698
10492 7417 19025 
1 2085 6201 9699
11954 14572 -6 
1 200 1603 9700
2018 1779 19029 
1 3808 200 9700
12313 19028 12386 
1 2780 5897 9701
18777 19031 11557 
1 5897 6909 9701
2855 12431 19030 
1 1572 4215 9702
9662 19033 4486 
1 4215 1409 9702
4443 6674 19032 
1 4358 8410 9703
16492 19035 4063 
1 8410 6910 9703
978 13880 19034 
1 2945 9344 9704
4691 19037 6819 
1 9344 2064 9704
18326 17110 19036 
1 2856 1239 9705
11071 19039 3980 
1 1239 3887 9705
8273 17038 19038 
1 3434 5816 9706
7290 15590 19041 
1 8994 3434 9706
17640 19040 3364 
1 7325 2176 9707
2256 19043 12464 
1 2176 8160 9707
16001 9697 19042 
1 6776 4813 9708
9429 19045 8033 
1 4813 7627 9708
7896 6839 19044 
1 6166 6817 9709
4169 19047 13504 
1 6817 1619 9709
13362 18153 19046 
1 7376 7737 9710
845 19049 2952 
1 7737 1093 9710
2994 17679 19048 
1 216 865 9711
6928 410 19051 
1 3830 216 9711
9562 19050 13660 
1 2261 3647 9712
4352 19053 1314 
1 3647 2272 9712
11219 18079 19052 
1 7639 8141 9713
15323 19055 17472 
1 8141 2391 9713
10469 7517 19054 
1 1487 8662 9714
11367 19057 12752 
1 8662 225 9714
11991 2716 19056 
1 1413 7622 9715
7823 19059 5230 
1 7622 2634 9715
5748 15992 19058 
1 6414 3223 9808
3807 19243 17580 
1 5995 8493 9716
11748 7788 8176 
1 1540 3932 9717
3292 19063 6821 
1 3932 1604 9717
17632 9978 19062 
1 5891 2733 9817
953 3535 19261 
1 2592 5905 9718
11574 6406 7891 
1 5347 6339 9719
4147 19067 2398 
1 6339 1257 9719
680 10477 19066 
1 6371 9210 9720
2824 19069 16282 
1 9210 1346 9720
3525 16990 19068 
1 5461 5792 9721
5857 19071 6905 
1 5792 8478 9721
6270 4768 19070 
1 974 482 9722
508 17926 19073 
1 4065 974 9722
7958 19072 980 
1 3317 3784 9723
11457 19075 17389 
1 3784 6440 9723
12620 7143 19074 
1 304 1610 9724
760 19077 11597 
1 1610 3747 9724
7340 59 19076 
1 2038 1500 9725
9310 19079 12392 
1 1500 5493 9725
2260 2923 19078 
1 243 3222 9726
6306 19081 16672 
1 3222 8058 9726
13830 6307 19080 
1 830 387 9727
352 19083 1210 
1 387 3548 9727
15183 32 19082 
1 5132 3258 9728
10059 15011 19085 
1 6112 5132 9728
10329 19084 16314 
1 6750 5243 9729
7387 13232 19087 
1 8062 6750 9729
7952 19086 10271 
1 323 1980 9730
2768 19089 407 
1 1980 1910 9730
934 8713 19088 
1 1083 821 9731
39 2834 19091 
1 3578 1083 9731
2879 19090 6577 
1 3196 6140 9732
13542 19093 18127 
1 6140 3891 9732
4414 7619 19092 
1 3171 3800 9733
9173 19095 7054 
1 3800 2453 9733
7441 7052 19094 
1 3098 8997 9734
2673 19097 15045 
1 8997 5456 9734
2341 10692 19096 
1 2338 2359 9735
17876 19099 14823 
1 2359 8401 9735
16474 4570 19098 
1 3672 5489 9736
3885 19101 4922 
1 5489 3286 9736
2466 17705 19100 
1 827 5800 9737
11369 19103 6909 
1 5800 3356 9737
8621 1845 19102 
1 2910 4584 9738
17300 19105 8188 
1 4584 7099 9738
13919 18787 19104 
1 433 848 9739
1396 19107 11933 
1 848 3957 9739
4610 11932 19106 
1 513 2613 9740
1624 19109 12655 
1 2613 2989 9740
11937 1594 19108 
1 2397 6672 9741
4684 19111 15335 
1 6672 2906 9741
13834 13777 19110 
1 4892 4665 9742
45 16433 19113 
1 9077 4892 9742
6247 19112 4111 
1 3819 7831 9743
18715 19115 16503 
1 7831 4433 9743
2313 8685 19114 
1 1785 4079 9744
15074 15692 19117 
1 5977 1785 9744
11131 19116 9053 
1 1084 5706 9745
11183 19119 15705 
1 5706 3724 9745
13324 10992 19118 
1 6875 8796 9746
5380 19121 6072 
1 8796 7059 9746
13475 5364 19120 
1 212 2086 9943
17000 4207 2871 
1 1381 6202 9747
12153 19503 4131 
1 1916 4781 9748
9366 12263 19125 
1 5750 1916 9748
10971 19124 13163 
1 3664 1317 9749
14102 13010 19127 
1 4378 3664 9749
6048 19126 13993 
1 799 4245 9750
1882 19129 3844 
1 4245 4616 9750
16334 783 19128 
1 2921 5773 9751
4674 19131 1357 
1 5773 2822 9751
7365 5520 19130 
1 1719 2570 9752
6382 19133 10083 
1 2570 3231 9752
19524 10109 19132 
1 4034 1405 9773
7723 233 2916 
1 1126 1252 9753
10013 19175 16677 
1 7121 2266 9857
15541 2967 13960 
1 1719 2562 9754
10083 3357 6382 
1 3817 2175 9755
9111 4890 19139 
1 7558 3817 9755
4536 19138 15455 
1 6396 503 9756
1879 19141 13653 
1 503 7748 9756
15189 11426 19140 
1 679 1960 9757
17583 19143 755 
1 1960 6003 9757
6992 16063 19142 
1 3576 231 9758
17993 19145 18321 
1 231 7245 9758
14205 5200 19144 
1 9177 5057 9989
17998 19584 163 
1 2214 4757 9759
4326 6786 3999 
1 2185 5223 9760
9845 10038 19149 
1 5883 2185 9760
653 19148 10234 
1 1143 4607 9761
9026 19151 4602 
1 4607 3629 9761
1416 12920 19150 
1 4867 1352 9762
4901 18553 19153 
1 4950 4867 9762
2264 19152 16539 
1 675 3744 9763
422 15313 19155 
1 6002 675 9763
11762 19154 8546 
1 3924 3656 9764
14991 6081 19157 
1 6605 3924 9764
18758 19156 1395 
1 5570 5569 9765
10915 19159 10916 
1 5569 7659 9765
16252 11128 19158 
1 589 5074 9766
6339 19161 9898 
1 5074 6757 9766
3888 13443 19160 
1 1165 785 9767
3983 19163 11056 
1 785 8653 9767
16972 18301 19162 
1 4816 5501 9768
16884 19165 13503 
1 5501 8807 9768
1634 16786 19164 
1 2294 8726 9769
6374 19167 313 
1 8726 364 9769
1403 14274 19166 
1 2346 6826 9770
13754 19169 16624 
1 6826 5589 9770
9899 12898 19168 
1 4108 1595 9771
3110 12540 19171 
1 5150 4108 9771
6111 19170 8043 
1 2519 547 9772
5703 4781 19173 
1 3125 2519 9772
4924 19172 11839 
1 1497 9753 9773
5412 19175 6098 
1 9753 1252 9773
19135 12085 19174 
1 5208 6573 9774
10005 13772 19177 
1 8159 5208 9774
14195 19176 17975 
1 1856 4232 9775
3624 17790 19179 
1 8166 1856 9775
5790 19178 577 
1 186 4764 9776
16122 17035 9334 
1 2239 4451 9777
11039 19182 7358 
1 4451 4122 9777
19509 12592 19181 
1 2977 3582 9778
7016 19184 10606 
1 3582 857 9778
9196 2063 19183 
1 54 3529 9779
1697 19186 1128 
1 3529 1984 9779
16654 4007 19185 
1 4882 9644 9895
18921 19414 2784 
1 815 1474 9780
8962 2920 7550 
1 2328 1839 9781
16565 12560 19190 
1 2401 2328 9781
18334 19189 969 
1 854 6513 9782
8274 19192 3523 
1 6513 5948 9782
17691 15312 19191 
1 4191 1009 9783
349 4368 19194 
1 6497 4191 9783
13102 19193 14945 
1 7305 8191 9784
4518 19196 690 
1 8191 2612 9784
2445 15934 19195 
1 1920 7317 9785
14344 19198 3948 
1 7317 2021 9785
6144 3750 19197 
1 2696 3710 9786
2206 19200 6714 
1 3710 3428 9786
579 1022 19199 
1 2282 5957 9787
1445 19202 13492 
1 5957 2000 9787
-6 7714 19201 
1 3061 8047 9788
297 11523 19204 
1 8146 3061 9788
5992 19203 15966 
1 2596 7192 9789
17738 19206 10587 
1 7192 7306 9789
5076 16647 19205 
1 6073 948 9790
15297 19208 16900 
1 948 6691 9790
8095 5258 19207 
1 4747 4927 9791
13659 19210 7377 
1 4927 2171 9791
4242 18565 19209 
1 6720 1538 9792
14816 19212 16700 
1 1538 7232 9792
13193 14815 19211 
1 2984 4538 9793
18071 19214 4279 
1 4538 5222 9793
3018 16802 19213 
1 3048 9293 9794
15699 19216 17130 
1 9293 6433 9794
18227 14448 19215 
1 5591 7341 9795
14390 19218 5168 
1 7341 7363 9795
5534 1974 19217 
1 1869 317 9796
13320 16650 19220 
1 3528 1869 9796
432 19219 16651 
1 2884 6438 9797
12480 19222 4801 
1 6438 2781 9797
6598 17333 19221 
1 941 2023 9798
5315 19224 12230 
1 2023 3846 9798
4729 16856 19223 
1 3743 2968 9799
2487 19226 13956 
1 2968 7119 9799
11843 3949 19225 
1 4292 4642 9800
5569 19228 9489 
1 4642 2847 9800
18299 18351 19227 
1 3023 800 9801
10242 19230 9174 
1 800 4584 9801
8583 17300 19229 
1 6514 8675 9802
13161 19232 14877 
1 8675 5937 9802
17016 16823 19231 
1 1460 2290 9803
4816 19234 9354 
1 2290 892 9803
12813 9182 19233 
1 2468 6702 9804
9856 17408 19236 
1 8562 2468 9804
10404 19235 1995 
1 1990 3190 9805
6209 19238 3257 
1 3190 650 9805
6244 12595 19237 
1 7695 4780 9806
871 19240 16059 
1 4780 8668 9806
17001 9116 19239 
1 4738 8927 9807
17510 19242 7496 
1 8927 7510 9807
12416 14303 19241 
1 3223 3515 9808
8364 19244 19060 
1 3515 8963 9808
17581 2239 19243 
1 3988 8646 9809
13038 19246 17225 
1 8646 5710 9809
10991 2271 19245 
1 6666 4921 9810
16399 19248 14455 
1 4921 8716 9810
7663 9938 19247 
1 3648 4856 9811
9514 19250 12 
1 4856 6455 9811
17731 10639 19249 
1 7519 8188 9828
14670 1352 8619 
1 354 1090 9812
751 3234 19282 
1 744 358 9813
981 14730 19254 
1 2619 744 9813
5248 19253 13068 
1 6017 9310 9814
16066 19256 8704 
1 9310 7323 9814
15914 14354 19255 
1 9866 3417 9965
19356 19540 13251 
1 2711 2544 9816
9454 19259 9217 
1 2544 5872 9816
4645 15304 19258 
1 4031 3916 9817
3582 19261 14627 
1 3916 5891 9817
2083 19064 19260 
1 6143 8919 9818
8967 19263 7602 
1 8919 1107 9818
17494 14014 19262 
1 93 1941 9819
3792 19265 3855 
1 1941 4152 9819
8129 1645 19264 
1 9514 7941 9920
9380 19460 4315 
1 3274 7917 9820
15918 15573 9381 
1 1034 5422 9821
374 12963 19269 
1 6614 1034 9821
4813 19268 16625 
1 4995 3720 9822
15040 1963 19271 
1 4996 4995 9822
1075 19270 8146 
1 156 75 9823
-3 287 19273 
1 175 156 9823
4810 19272 1255 
1 374 5183 9824
-4 19275 10157 
1 5183 7027 9824
15954 4314 19274 
1 2939 8129 9825
15938 19277 18880 
1 8129 3577 9825
11119 2599 19276 
1 1475 304 9826
2873 19279 11807 
1 304 7027 9826
4314 13775 19278 
1 2043 3367 9827
673 6252 19281 
1 4380 2043 9827
8692 19280 8580 
1 354 9812 9828
19252 19283 14741 
1 9812 7484 9828
14511 16055 19282 
1 2955 2881 9829
8551 15678 19285 
1 7591 2955 9829
298 19284 5544 
1 5101 6251 9830
12249 19287 5136 
1 6251 2624 9830
3644 16825 19286 
1 649 5440 9831
10661 19289 12986 
1 5440 5114 9831
1254 1859 19288 
1 2015 2196 9978
3098 2230 19564 
1 1693 1694 9832
18062 160 158 
1 2693 6060 9833
12380 19293 382 
1 6060 4332 9833
4811 7930 19292 
1 7791 5012 9834
4160 19295 18212 
1 5012 7900 9834
15492 13157 19294 
1 3653 6862 9835
13449 19297 3819 
1 6862 597 9835
7153 8216 19296 
1 5794 8634 9836
3034 19299 3947 
1 8634 2743 9836
18007 6828 19298 
1 4182 8652 9837
8464 19301 8584 
1 8652 4281 9837
16970 18786 19300 
1 2649 2940 9838
3479 19303 16224 
1 2940 6629 9838
5804 6000 19302 
1 723 1627 9839
596 1399 19305 
1 6673 723 9839
13079 19304 14659 
1 2985 3245 9840
5093 19307 12996 
1 3245 5084 9840
9963 545 19306 
1 6169 2249 9841
8827 19309 12088 
1 2249 8883 9841
17425 12202 19308 
1 47 654 9842
3599 8966 19311 
1 5004 47 9842
9802 19310 15984 
1 2389 5303 9843
12490 8229 19313 
1 6671 2389 9843
10388 19312 1439 
1 2069 6900 9844
3019 19315 10718 
1 6900 5469 9844
14373 10214 19314 
1 3009 1111 9845
8593 17048 19317 
1 7811 3009 9845
15316 19316 8582 
1 1785 756 9846
11131 19319 15074 
1 756 3041 9846
-4 7847 19318 
1 1011 4007 9847
-4 19321 8016 
1 4007 8874 9847
10206 2053 19320 
1 3917 1277 9951
7648 11158 7569 
1 3714 902 9848
18850 17862 17861 
1 2325 2938 9849
5749 19325 5155 
1 2938 3995 9849
7626 3462 19324 
1 858 1516 9850
17648 19327 11096 
1 1516 5606 9850
10987 2685 19326 
1 4907 9195 9851
18033 19329 11211 
1 9195 3651 9851
4787 10187 19328 
1 2232 4337 9852
8495 10465 -6 
1 5918 4788 9853
2084 3014 -4 
1 1353 6892 9854
699 19333 8777 
1 6892 2585 9854
11787 13886 19332 
1 3411 9754 9855
6383 19335 8722 
1 9754 856 9855
3357 10807 19334 
1 4450 4453 9857
17766 13960 19339 
1 5514 3411 9856
18516 8722 2026 
1 9855 5515 9955
8709 -4 6680 
1 4446 4450 9857
-4 19336 19523 
1 2582 512 9879
2935 399 11213 
1 3333 1875 9858
14170 984 19381 
1 4858 7121 9859
9518 19343 14485 
1 7121 4453 9859
13960 17766 19342 
1 3760 4064 9860
5923 19345 3953 
1 4064 2823 9860
4779 11316 19344 
1 9043 9861 9988
277 -4 14099 
1 2386 3279 9862
14266 14684 19348 
1 7391 2386 9862
14488 19347 4280 
1 3441 7768 9863
1438 19350 5087 
1 7768 8319 9863
4559 8843 19349 
1 782 8039 9864
6549 19352 5626 
1 8039 8534 9864
8065 9790 19351 
1 4017 4270 9865
4507 17806 19354 
1 5343 4017 9865
6757 19353 1808 
1 3606 7568 9866
16598 19356 15094 
1 7568 3417 9866
4578 19257 19355 
1 5278 7501 9867
17928 19358 10339 
1 7501 2679 9867
8399 8604 19357 
1 5853 8563 9868
16794 19360 14994 
1 8563 4968 9868
14861 5357 19359 
1 272 732 9869
13597 19362 6043 
1 732 210 9869
14028 1437 19361 
1 3675 6574 9870
1617 19364 14116 
1 6574 805 9870
12884 13520 19363 
1 6377 1082 9871
60 12498 19366 
1 7790 6377 9871
5472 19365 15907 
1 4051 4285 9872
8391 19368 16668 
1 4285 2011 9872
6763 5266 19367 
1 547 7255 9873
5703 19370 4781 
1 7255 1736 9873
-4 11878 19369 
1 7475 1913 9874
3107 19372 7124 
1 1913 7921 9874
15533 9759 19371 
1 4610 7827 9875
14032 19374 13497 
1 7827 6688 9875
15018 17412 19373 
1 2034 2620 9876
15531 19376 10562 
1 2620 2621 9876
10165 4949 19375 
1 8017 8441 9977
186 15719 -4 
1 2723 8731 9877
5353 17014 4423 
1 1160 7427 9878
5555 19380 5444 
1 7427 6871 9878
1167 14558 19379 
1 3333 9858 9879
19341 19382 7161 
1 9858 214 9879
14928 5048 19381 
1 7123 2873 9880
14556 19384 18645 
1 2873 8861 9880
10582 17233 19383 
1 24 802 9881
-4 19386 18784 
1 802 7624 9881
13587 14980 19385 
1 2189 6374 9882
4161 19388 1641 
1 6374 1387 9882
2504 6768 19387 
1 2544 8279 9883
9454 19390 4645 
1 8279 2377 9883
16236 4974 19389 
1 1478 8438 9884
16548 19392 6853 
1 8438 6126 9884
4130 1044 19391 
1 5582 410 9887
16137 12361 19470 
1 476 481 9885
4309 12362 19397 
1 5789 6681 9886
5277 19396 16485 
1 6681 2236 9886
13095 11347 19395 
1 476 9885 9887
19394 19398 679 
1 9885 6308 9887
4173 19471 19397 
1 4173 9618 9888
18868 19400 2984 
1 9618 1603 9888
1779 2018 19399 
1 1385 2153 9889
19487 19402 5688 
1 2153 1284 9889
11873 8325 19401 
1 3708 2240 9890
6151 19404 9159 
1 2240 3990 9890
9924 11293 19403 
1 652 159 9891
10918 14594 19406 
1 3458 652 9891
3988 19405 3100 
1 3751 7192 9990
5076 7347 14100 
1 8546 6447 9993
7532 19590 -4 
1 1395 4757 9893
9321 4326 19410 
1 6963 1395 9893
16390 19409 17383 
1 4249 8027 9894
2121 19412 13470 
1 8027 3278 9894
5625 1933 19411 
1 1499 5470 9895
10719 1862 19414 
1 9644 1499 9895
1274 19413 19187 
1 6985 9245 9896
16109 19416 12966 
1 9245 3762 9896
2773 17630 19415 
1 1666 3321 9897
7913 19418 14280 
1 3321 2535 9897
6669 15770 19417 
1 3948 5049 9898
3387 18677 19420 
1 9421 3948 9898
514 19419 632 
1 3827 7780 9899
15254 19422 2372 
1 7780 4023 9899
10379 3046 19421 
1 3480 7219 9900
6334 19424 13565 
1 7219 6983 9900
13937 1466 19423 
1 4926 1267 9901
6231 19426 2928 
1 1267 6426 9901
14923 18027 19425 
1 6881 192 9902
24 19428 16589 
1 192 8870 9902
17398 8288 19427 
1 3354 9903 9904
15488 -4 9748 
1 3597 1755 9905
8329 19431 -4 
1 1755 2098 9905
18848 7045 19430 
1 173 6445 9906
1701 19433 8295 
1 6445 684 9906
1276 2859 19432 
1 3039 6276 9907
9361 19435 13524 
1 6276 1667 9907
16074 5997 19434 
1 3534 7343 9908
7147 19437 6101 
1 7343 6393 9908
6919 6716 19436 
1 3200 7488 9909
11480 19439 18852 
1 7488 2142 9909
14679 17183 19438 
1 947 2689 9910
1141 14257 19441 
1 5086 947 9910
13134 19440 15865 
1 1067 4609 9911
2797 19443 4285 
1 4609 470 9911
6142 8497 19442 
1 1140 4371 9912
8561 19445 14602 
1 4371 5930 9912
4298 8306 19444 
1 841 9232 9913
19000 19447 10598 
1 9232 7400 9913
3629 15271 19446 
1 984 8432 9914
9927 19449 1702 
1 8432 2776 9914
16536 18768 19448 
1 5875 6731 9941
17314 19498 1323 
1 6623 4648 9915
9333 16115 13298 
1 5206 2878 9916
156 19453 14963 
1 2878 5305 9916
10197 5894 19452 
1 3470 3152 9917
8353 1151 19455 
1 7989 3470 9917
2306 19454 18166 
1 1911 4106 9918
8230 19457 2021 
1 4106 397 9918
6845 10093 19456 
1 7011 6713 9919
9125 15473 19459 
1 7889 7011 9919
16876 19458 4319 
1 7941 9820 9920
3823 9601 19266 
1 2185 5027 9921
653 19462 9845 
1 5027 1176 9921
7737 10233 19461 
1 2524 4743 9922
4215 1219 19464 
1 6173 2524 9922
12097 19463 15123 
1 2659 3046 9923
4417 10097 19466 
1 3576 2659 9923
18321 19465 17993 
1 1571 2169 9924
4526 19468 11816 
1 2169 2775 9924
6026 11613 19467 
1 2345 8137 9925
15955 7829 -4 
1 5582 9887 9926
19393 19471 13335 
1 9887 6308 9926
19398 7879 19470 
1 519 4129 9927
13356 14134 19473 
1 5103 519 9927
15645 19472 3421 
1 2430 6764 9928
3295 19475 16973 
1 6764 7976 9928
4240 1721 19474 
1 4810 7827 9929
15348 19477 1892 
1 7827 2550 9929
3143 4984 19476 
1 5969 2735 9930
4444 6685 19479 
1 6987 5969 9930
6887 19478 5350 
1 2279 3686 9931
5904 19481 16725 
1 3686 302 9931
14985 17020 19480 
1 1415 9655 9932
18941 19483 2796 
1 9655 2546 9932
6187 4978 19482 
1 5124 7253 9933
10043 19485 15364 
1 7253 5821 9933
11410 2645 19484 
1 1385 1386 9934
2494 11563 19487 
1 2153 1385 9934
19401 19486 14805 
1 7933 8637 9935
16942 19489 18830 
1 8637 8644 9935
5211 12240 19488 
1 2494 9114 9937
2365 13592 19491 
1 3111 2494 9937
16414 19490 -4 
1 648 4001 9938
5865 10108 19493 
1 6568 648 9938
2559 19492 9468 
1 5039 363 9939
6315 8174 19495 
1 7150 5039 9939
16222 19494 14017 
1 244 6153 9940
12056 19497 12831 
1 6153 4929 9940
5955 6780 19496 
1 6731 7557 9941
13605 19499 19450 
1 7557 3364 9941
13194 14749 19498 
1 3230 4234 9942
7231 19501 2108 
1 4234 2096 9942
11448 4516 19500 
1 3855 9747 9943
11812 19503 2686 
1 9747 6202 9943
19123 3507 19502 
1 2426 8571 9944
16810 19505 12424 
1 8571 5188 9944
12808 18069 19504 
1 3982 1406 9945
16227 12094 19507 
1 4889 3982 9945
9580 19506 18329 
1 2146 4122 9946
8071 19509 4375 
1 4122 4451 9946
19182 5863 19508 
1 4472 7599 9947
3742 19511 8759 
1 7599 3832 9947
10545 6491 19510 
1 4095 9948 9949
18157 -4 17406 
1 7886 1465 9950
8017 19514 -4 
1 1465 2625 9950
2854 15464 19513 
1 928 3865 9951
12877 19516 11158 
1 3865 3714 9951
18851 17861 19515 
1 4777 729 9952
6011 6599 19518 
1 6880 4777 9952
3493 19517 8059 
1 5181 5180 9953
10970 19520 3393 
1 5180 5280 9953
2253 16608 19519 
1 6687 8411 9954
16300 19522 16382 
1 8411 8354 9954
9434 5081 19521 
1 4446 9857 9955
19339 715 -4 
1 3231 2570 9956
19133 19525 12777 
1 2570 5236 9956
2853 18341 19524 
1 1534 4138 9957
2209 5968 19527 
1 6223 1534 9957
633 19526 6793 
1 1148 5828 9958
13234 53 19529 
1 7189 1148 9958
14514 19528 2981 
1 556 557 9959
1161 15695 19531 
1 5473 556 9959
10725 19530 14595 
1 2423 4893 9960
-3 19533 17345 
1 4893 1815 9960
1463 15933 19532 
1 579 8993 9961
5871 19535 10160 
1 8993 1274 9961
808 2033 19534 
1 1730 5290 9962
10363 19537 3411 
1 5290 5390 9962
1733 16519 19536 
1 86 6543 9963
18920 19539 3653 
1 6543 2268 9963
2694 4025 19538 
1 3417 9964 9965
14837 -4 19257 
1 4440 3106 9966
7093 19542 -4 
1 3106 3622 9966
14717 8698 19541 
1 4966 7035 9967
2979 19544 8674 
1 7035 4500 9967
10420 5 19543 
1 4862 7220 9968
15281 19546 6420 
1 7220 2066 9968
10471 17435 19545 
1 8986 6762 9969
17625 19548 9758 
1 6762 8987 9969
17627 13253 19547 
1 2783 2893 9970
1804 880 19550 
1 3902 2783 9970
11714 19549 9755 
1 2527 6924 9971
6892 19552 1644 
1 6924 6434 9971
8642 15964 19551 
1 3581 38 9972
1066 19554 10102 
1 38 5037 9972
7637 8007 19553 
1 90 7795 9973
2838 19556 1984 
1 7795 59 9973
15284 11789 19555 
1 5700 5997 9974
11752 19558 7963 
1 5997 3324 9974
6510 7571 19557 
1 4768 9557 9975
4641 19560 882 
1 9557 4541 9975
18746 3038 19559 
1 1291 4258 9976
1546 19562 17409 
1 4258 6748 9976
6177 16793 19561 
1 7641 9877 9977
17125 16554 15719 
1 1491 2015 9978
13978 19290 19565 
1 8545 1491 9978
10559 19564 3307 
1 1979 7904 9979
14714 19567 2862 
1 7904 7707 9979
7089 12957 19566 
1 412 2438 9980
933 14825 19569 
1 6488 412 9980
10037 19568 9761 
1 489 6787 9981
13302 19571 10007 
1 6787 2640 9981
8886 3880 19570 
1 54 2052 9982
1128 19573 1697 
1 2052 3592 9982
301 10529 19572 
1 1953 6703 9983
13138 19575 1495 
1 6703 561 9983
2123 11291 19574 
1 4931 6375 9984
12494 19577 11173 
1 6375 5701 9984
10190 9660 19576 
1 3556 6954 9985
6172 19579 18872 
1 6954 3636 9985
13633 7647 19578 
1 871 7244 9986
14203 17779 14202 
1 3600 437 9987
8024 19582 12938 
1 437 8275 9987
10969 6328 19581 
1 1819 7192 9988
7347 17738 -4 
1 5057 6158 9989
17201 19585 19146 
1 6158 584 9989
9908 10179 19584 
1 67 9892 9990
7939 14100 -4 
1 6544 9601 9991
2195 19588 1194 
1 9601 9687 9991
3741 7487 19587 
1 4055 9892 9992
776 7939 12410 
1 6447 5436 9993
12635 16761 19408 
1 2978 2960 9994
10980 14559 19592 
1 6794 2978 9994
6914 19591 13467 
1 2279 8677 9995
16725 19594 5904 
1 8677 2836 9995
4454 15236 19593 
1 2076 1254 9996
9525 589 19596 
1 3288 2076 9996
2436 19595 9503 
1 4536 6787 9997
3305 19598 11088 
1 6787 2319 9997
11432 12571 19597 
1 5914 6888 9998
11590 12233 -4 
1 1364 8282 9999
16242 19601 2684 
1 8282 7990 9999
1547 15666 19600 
1 4 65 10000
-6 3951 -4 
